{
"type": "FeatureCollection",
"name": "buildings",
"crs": { "type": "name", "properties": { "name": "urn:ogc:def:crs:OGC:1.3:CRS84" } },
"features": [
{ "type": "Feature", "properties": { "osm_id": 41920830, "height": 9.6, "has_osm_height": true, "code": "N012", "name": "FSSU LINGOTTO", "july_2020": "procedure in progress", "october_2021": "procedure in progress", "july_2022": "procedure in progress", "december_2022": "procedure in progress", "april_2024": "procedure in progress", "february_2025": "procedure in progress", "december_2025": "procedure in progress" }, "geometry": { "type": "Polygon", "coordinates": [ [ [ 7.6567718, 45.0268312 ], [ 7.6567817, 45.0264734 ], [ 7.6567883, 45.026233 ], [ 7.656984, 45.0262356 ], [ 7.6569752, 45.0264724 ], [ 7.6569748, 45.0264929 ], [ 7.6569675, 45.0268339 ], [ 7.6567718, 45.0268312 ] ] ] } },
{ "type": "Feature", "properties": { "osm_id": 81944531, "height": 9.0, "has_osm_height": false, "code": "N196", "name": "BONAFOUS", "july_2020": "", "october_2021": "", "july_2022": "", "december_2022": "", "april_2024": "", "february_2025": "under construction", "december_2025": "under construction" }, "geometry": { "type": "Polygon", "coordinates": [ [ [ 7.6383948, 45.0930586 ], [ 7.6393727, 45.094543 ], [ 7.6460782, 45.0923416 ], [ 7.6459166, 45.0920963 ], [ 7.6464617, 45.0919174 ], [ 7.6457092, 45.0907752 ], [ 7.6454306, 45.0908666 ], [ 7.6452173, 45.0905428 ], [ 7.6451205, 45.0905746 ], [ 7.6450075, 45.090403 ], [ 7.6442701, 45.0906451 ], [ 7.6441789, 45.0905066 ], [ 7.6378705, 45.0925778 ], [ 7.6382242, 45.0931146 ], [ 7.6383948, 45.0930586 ] ] ] } },
{ "type": "Feature", "properties": { "osm_id": 83386644, "height": 9.0, "has_osm_height": false, "code": "N010", "name": "FSSU SAN PAOLO", "july_2020": "procedure in progress", "october_2021": "procedure in progress", "july_2022": "procedure in progress", "december_2022": "on hold", "april_2024": "on hold", "february_2025": "on hold", "december_2025": "on hold" }, "geometry": { "type": "Polygon", "coordinates": [ [ [ 7.6404142, 45.0564907 ], [ 7.6434354, 45.0557811 ], [ 7.6433997, 45.0557053 ], [ 7.6432581, 45.0554044 ], [ 7.6402369, 45.056114 ], [ 7.6404142, 45.0564907 ] ] ] } },
{ "type": "Feature", "properties": { "osm_id": 84470696, "height": 9.0, "has_osm_height": false, "code": "N004", "name": "ALENIA / CITTADELLA DELL’AEROSPAZIO", "july_2020": "procedure in progress", "october_2021": "procedure in progress", "july_2022": "procedure in progress", "december_2022": "procedure in progress", "april_2024": "procedure in progress", "february_2025": "under construction", "december_2025": "under construction" }, "geometry": { "type": "Polygon", "coordinates": [ [ [ 7.6116705, 45.0786812 ], [ 7.6132242, 45.0786989 ], [ 7.6132519, 45.077486 ], [ 7.6116982, 45.0774683 ], [ 7.6116705, 45.0786812 ] ] ] } },
{ "type": "Feature", "properties": { "osm_id": 84470717, "height": 9.0, "has_osm_height": false, "code": "N004", "name": "ALENIA / CITTADELLA DELL’AEROSPAZIO", "july_2020": "procedure in progress", "october_2021": "procedure in progress", "july_2022": "procedure in progress", "december_2022": "procedure in progress", "april_2024": "procedure in progress", "february_2025": "under construction", "december_2025": "under construction" }, "geometry": { "type": "Polygon", "coordinates": [ [ [ 7.6134465, 45.0770045 ], [ 7.6140417, 45.0770113 ], [ 7.6140494, 45.0766727 ], [ 7.6138471, 45.0766704 ], [ 7.6138427, 45.0768625 ], [ 7.6136586, 45.0768604 ], [ 7.6136642, 45.0766171 ], [ 7.6134555, 45.0766147 ], [ 7.6134465, 45.0770045 ] ] ] } },
{ "type": "Feature", "properties": { "osm_id": 84470719, "height": 9.0, "has_osm_height": false, "code": "N004", "name": "ALENIA / CITTADELLA DELL’AEROSPAZIO", "july_2020": "procedure in progress", "october_2021": "procedure in progress", "july_2022": "procedure in progress", "december_2022": "procedure in progress", "april_2024": "procedure in progress", "february_2025": "under construction", "december_2025": "under construction" }, "geometry": { "type": "Polygon", "coordinates": [ [ [ 7.6117391, 45.0747568 ], [ 7.61354, 45.0747674 ], [ 7.6135333, 45.075328 ], [ 7.612997, 45.0753249 ], [ 7.612977, 45.0770153 ], [ 7.6118552, 45.0770087 ], [ 7.6118555, 45.0769855 ], [ 7.6117126, 45.0769846 ], [ 7.6117391, 45.0747568 ] ] ] } },
{ "type": "Feature", "properties": { "osm_id": 84470724, "height": 9.0, "has_osm_height": false, "code": "N004", "name": "ALENIA / CITTADELLA DELL’AEROSPAZIO", "july_2020": "procedure in progress", "october_2021": "procedure in progress", "july_2022": "procedure in progress", "december_2022": "procedure in progress", "april_2024": "procedure in progress", "february_2025": "under construction", "december_2025": "under construction" }, "geometry": { "type": "Polygon", "coordinates": [ [ [ 7.611431, 45.0786655 ], [ 7.6114365, 45.0774685 ], [ 7.6099412, 45.0774651 ], [ 7.6099356, 45.0786621 ], [ 7.611431, 45.0786655 ] ] ] } },
{ "type": "Feature", "properties": { "osm_id": 88224862, "height": 9.0, "has_osm_height": false, "code": "N012", "name": "FSSU LINGOTTO", "july_2020": "procedure in progress", "october_2021": "procedure in progress", "july_2022": "procedure in progress", "december_2022": "procedure in progress", "april_2024": "procedure in progress", "february_2025": "procedure in progress", "december_2025": "procedure in progress" }, "geometry": { "type": "Polygon", "coordinates": [ [ [ 7.6565405, 45.0265299 ], [ 7.656543, 45.0263692 ], [ 7.6565516, 45.0258086 ], [ 7.6564085, 45.0258075 ], [ 7.6564006, 45.0262962 ], [ 7.6563973, 45.0265288 ], [ 7.6565405, 45.0265299 ] ] ] } },
{ "type": "Feature", "properties": { "osm_id": 88224872, "height": 9.0, "has_osm_height": false, "code": "N012", "name": "FSSU LINGOTTO", "july_2020": "procedure in progress", "october_2021": "procedure in progress", "july_2022": "procedure in progress", "december_2022": "procedure in progress", "april_2024": "procedure in progress", "february_2025": "procedure in progress", "december_2025": "procedure in progress" }, "geometry": { "type": "Polygon", "coordinates": [ [ [ 7.6567192, 45.0258149 ], [ 7.6566983, 45.0265739 ], [ 7.6566912, 45.0268301 ], [ 7.6567718, 45.0268312 ], [ 7.6567817, 45.0264734 ], [ 7.6567883, 45.026233 ], [ 7.6567998, 45.025816 ], [ 7.6567192, 45.0258149 ] ] ] } },
{ "type": "Feature", "properties": { "osm_id": 236063076, "height": 9.0, "has_osm_height": false, "code": "N012", "name": "FSSU LINGOTTO", "july_2020": "procedure in progress", "october_2021": "procedure in progress", "july_2022": "procedure in progress", "december_2022": "procedure in progress", "april_2024": "procedure in progress", "february_2025": "procedure in progress", "december_2025": "procedure in progress" }, "geometry": { "type": "Polygon", "coordinates": [ [ [ 7.6560741, 45.0265312 ], [ 7.656165, 45.0265345 ], [ 7.6561708, 45.0264569 ], [ 7.6560799, 45.0264535 ], [ 7.6560741, 45.0265312 ] ] ] } },
{ "type": "Feature", "properties": { "osm_id": 252337644, "height": 9.0, "has_osm_height": false, "code": "N006", "name": "FSSU REBAUDENGO", "july_2020": "procedure in progress", "october_2021": "procedure in progress", "july_2022": "procedure in progress", "december_2022": "procedure in progress", "april_2024": "under construction", "february_2025": "under construction", "december_2025": "under construction" }, "geometry": { "type": "Polygon", "coordinates": [ [ [ 7.6857844, 45.1015926 ], [ 7.6857844, 45.1015093 ], [ 7.6859239, 45.1015093 ], [ 7.6859346, 45.1015926 ], [ 7.6857844, 45.1015926 ] ] ] } },
{ "type": "Feature", "properties": { "osm_id": 254117473, "height": 9.0, "has_osm_height": false, "code": "N009", "name": "FSSU BRUNELLESCHI", "july_2020": "procedure in progress", "october_2021": "procedure in progress", "july_2022": "procedure in progress", "december_2022": "on hold", "april_2024": "on hold", "february_2025": "on hold", "december_2025": "on hold" }, "geometry": { "type": "Polygon", "coordinates": [ [ [ 7.6291608, 45.0581644 ], [ 7.6292452, 45.0580138 ], [ 7.6290857, 45.0579692 ], [ 7.6290013, 45.0581198 ], [ 7.6291608, 45.0581644 ] ] ] } },
{ "type": "Feature", "properties": { "osm_id": 291890911, "height": 9.0, "has_osm_height": false, "code": "N010", "name": "FSSU SAN PAOLO", "july_2020": "procedure in progress", "october_2021": "procedure in progress", "july_2022": "procedure in progress", "december_2022": "on hold", "april_2024": "on hold", "february_2025": "on hold", "december_2025": "on hold" }, "geometry": { "type": "Polygon", "coordinates": [ [ [ 7.6363914, 45.0565537 ], [ 7.636521, 45.0568607 ], [ 7.6366505, 45.056836 ], [ 7.6367071, 45.0569663 ], [ 7.6374482, 45.0567987 ], [ 7.6373591, 45.0565869 ], [ 7.637278, 45.056443 ], [ 7.6366902, 45.056583 ], [ 7.6366433, 45.0564942 ], [ 7.6363914, 45.0565537 ] ] ] } },
{ "type": "Feature", "properties": { "osm_id": 291891201, "height": 9.0, "has_osm_height": false, "code": "N010", "name": "FSSU SAN PAOLO", "july_2020": "procedure in progress", "october_2021": "procedure in progress", "july_2022": "procedure in progress", "december_2022": "on hold", "april_2024": "on hold", "february_2025": "on hold", "december_2025": "on hold" }, "geometry": { "type": "Polygon", "coordinates": [ [ [ 7.6387434, 45.0567396 ], [ 7.6391559, 45.0566493 ], [ 7.639127, 45.0565691 ], [ 7.6387059, 45.0566601 ], [ 7.6387434, 45.0567396 ] ] ] } },
{ "type": "Feature", "properties": { "osm_id": 291891202, "height": 9.0, "has_osm_height": false, "code": "N010", "name": "FSSU SAN PAOLO", "july_2020": "procedure in progress", "october_2021": "procedure in progress", "july_2022": "procedure in progress", "december_2022": "on hold", "april_2024": "on hold", "february_2025": "on hold", "december_2025": "on hold" }, "geometry": { "type": "Polygon", "coordinates": [ [ [ 7.6387166, 45.0566165 ], [ 7.638899, 45.0565767 ], [ 7.6388636, 45.0565015 ], [ 7.6386791, 45.0565369 ], [ 7.6387166, 45.0566165 ] ] ] } },
{ "type": "Feature", "properties": { "osm_id": 291891203, "height": 9.0, "has_osm_height": false, "code": "N010", "name": "FSSU SAN PAOLO", "july_2020": "procedure in progress", "october_2021": "procedure in progress", "july_2022": "procedure in progress", "december_2022": "on hold", "april_2024": "on hold", "february_2025": "on hold", "december_2025": "on hold" }, "geometry": { "type": "Polygon", "coordinates": [ [ [ 7.6387548, 45.0569207 ], [ 7.6391372, 45.0568349 ], [ 7.639081, 45.0567099 ], [ 7.6386985, 45.0567957 ], [ 7.6387548, 45.0569207 ] ] ] } },
{ "type": "Feature", "properties": { "osm_id": 300547592, "height": 9.6, "has_osm_height": true, "code": "N004", "name": "ALENIA / CITTADELLA DELL’AEROSPAZIO", "july_2020": "procedure in progress", "october_2021": "procedure in progress", "july_2022": "procedure in progress", "december_2022": "procedure in progress", "april_2024": "procedure in progress", "february_2025": "under construction", "december_2025": "under construction" }, "geometry": { "type": "Polygon", "coordinates": [ [ [ 7.6105101, 45.0768608 ], [ 7.6097021, 45.0768761 ], [ 7.6096767, 45.0768765 ], [ 7.6094241, 45.0768813 ], [ 7.6094373, 45.0772297 ], [ 7.6094583, 45.0777863 ], [ 7.6094919, 45.0786745 ], [ 7.6096451, 45.0786722 ], [ 7.6097376, 45.0786702 ], [ 7.6096831, 45.0772283 ], [ 7.6096746, 45.0770038 ], [ 7.6105149, 45.076988 ], [ 7.6105101, 45.0768608 ] ] ] } },
{ "type": "Feature", "properties": { "osm_id": 300547593, "height": 9.6, "has_osm_height": true, "code": "N004", "name": "ALENIA / CITTADELLA DELL’AEROSPAZIO", "july_2020": "procedure in progress", "october_2021": "procedure in progress", "july_2022": "procedure in progress", "december_2022": "procedure in progress", "april_2024": "procedure in progress", "february_2025": "under construction", "december_2025": "under construction" }, "geometry": { "type": "Polygon", "coordinates": [ [ [ 7.6091697, 45.078681 ], [ 7.6080453, 45.0786952 ], [ 7.6080399, 45.0784839 ], [ 7.6084157, 45.0784792 ], [ 7.6087253, 45.0784753 ], [ 7.608966, 45.0784722 ], [ 7.6091641, 45.0784697 ], [ 7.6091673, 45.0786032 ], [ 7.6091697, 45.078681 ] ] ] } },
{ "type": "Feature", "properties": { "osm_id": 415324955, "height": 9.0, "has_osm_height": false, "code": "N012", "name": "FSSU LINGOTTO", "july_2020": "procedure in progress", "october_2021": "procedure in progress", "july_2022": "procedure in progress", "december_2022": "procedure in progress", "april_2024": "procedure in progress", "february_2025": "procedure in progress", "december_2025": "procedure in progress" }, "geometry": { "type": "Polygon", "coordinates": [ [ [ 7.6567746, 45.0225844 ], [ 7.656976, 45.0226149 ], [ 7.6570362, 45.0224163 ], [ 7.6568348, 45.0223858 ], [ 7.6567746, 45.0225844 ] ] ] } },
{ "type": "Feature", "properties": { "osm_id": 436287632, "height": 25.0, "has_osm_height": true, "code": "N003", "name": "AVELLINO", "july_2020": "on hold", "october_2021": "on hold", "july_2022": "procedure in progress", "december_2022": "procedure in progress", "april_2024": "procedure in progress", "february_2025": "procedure in progress", "december_2025": "procedure in progress" }, "geometry": { "type": "Polygon", "coordinates": [ [ [ 7.6631826, 45.0843494 ], [ 7.6631075, 45.0842294 ], [ 7.6630541, 45.0842461 ], [ 7.6630224, 45.0841973 ], [ 7.6625578, 45.0843369 ], [ 7.662538, 45.0843047 ], [ 7.6625973, 45.0842866 ], [ 7.6624906, 45.0841233 ], [ 7.6624234, 45.0841414 ], [ 7.6623957, 45.0840995 ], [ 7.6622415, 45.0841498 ], [ 7.6625123, 45.0845504 ], [ 7.6631826, 45.0843494 ] ] ] } },
{ "type": "Feature", "properties": { "osm_id": 547505880, "height": 9.0, "has_osm_height": false, "code": "N004", "name": "ALENIA / CITTADELLA DELL’AEROSPAZIO", "july_2020": "procedure in progress", "october_2021": "procedure in progress", "july_2022": "procedure in progress", "december_2022": "procedure in progress", "april_2024": "procedure in progress", "february_2025": "under construction", "december_2025": "under construction" }, "geometry": { "type": "Polygon", "coordinates": [ [ [ 7.6080498, 45.0744569 ], [ 7.6081229, 45.0744593 ], [ 7.6081196, 45.0745027 ], [ 7.6082088, 45.0745061 ], [ 7.6082135, 45.0744435 ], [ 7.6082234, 45.0744306 ], [ 7.6082407, 45.0744238 ], [ 7.6083238, 45.0744277 ], [ 7.6083222, 45.0744493 ], [ 7.6084199, 45.074452 ], [ 7.6084207, 45.0744421 ], [ 7.6085037, 45.0744445 ], [ 7.608514, 45.074321 ], [ 7.6081358, 45.0743051 ], [ 7.608059, 45.0743613 ], [ 7.6080498, 45.0744569 ] ] ] } },
{ "type": "Feature", "properties": { "osm_id": 547505881, "height": 9.0, "has_osm_height": false, "code": "N004", "name": "ALENIA / CITTADELLA DELL’AEROSPAZIO", "july_2020": "procedure in progress", "october_2021": "procedure in progress", "july_2022": "procedure in progress", "december_2022": "procedure in progress", "april_2024": "procedure in progress", "february_2025": "under construction", "december_2025": "under construction" }, "geometry": { "type": "Polygon", "coordinates": [ [ [ 7.608077, 45.0747582 ], [ 7.6080942, 45.0745832 ], [ 7.6082665, 45.0745917 ], [ 7.6082492, 45.0747666 ], [ 7.608077, 45.0747582 ] ] ] } },
{ "type": "Feature", "properties": { "osm_id": 547505882, "height": 9.0, "has_osm_height": false, "code": "N004", "name": "ALENIA / CITTADELLA DELL’AEROSPAZIO", "july_2020": "procedure in progress", "october_2021": "procedure in progress", "july_2022": "procedure in progress", "december_2022": "procedure in progress", "april_2024": "procedure in progress", "february_2025": "under construction", "december_2025": "under construction" }, "geometry": { "type": "Polygon", "coordinates": [ [ [ 7.6088813, 45.0747207 ], [ 7.6088531, 45.0746436 ], [ 7.6088374, 45.0746005 ], [ 7.6086627, 45.0746323 ], [ 7.6087065, 45.0747525 ], [ 7.6088813, 45.0747207 ] ] ] } },
{ "type": "Feature", "properties": { "osm_id": 547505883, "height": 9.0, "has_osm_height": false, "code": "N004", "name": "ALENIA / CITTADELLA DELL’AEROSPAZIO", "july_2020": "procedure in progress", "october_2021": "procedure in progress", "july_2022": "procedure in progress", "december_2022": "procedure in progress", "april_2024": "procedure in progress", "february_2025": "under construction", "december_2025": "under construction" }, "geometry": { "type": "Polygon", "coordinates": [ [ [ 7.6089904, 45.0745321 ], [ 7.6091503, 45.0744867 ], [ 7.6090983, 45.0744263 ], [ 7.6090288, 45.0743764 ], [ 7.608936, 45.0743427 ], [ 7.6088365, 45.0743323 ], [ 7.6086448, 45.0743258 ], [ 7.608636, 45.07445 ], [ 7.608845, 45.0744574 ], [ 7.6089275, 45.074481 ], [ 7.6089904, 45.0745321 ] ] ] } },
{ "type": "Feature", "properties": { "osm_id": 555008816, "height": 6.4, "has_osm_height": true, "code": "N006", "name": "FSSU REBAUDENGO", "july_2020": "procedure in progress", "october_2021": "procedure in progress", "july_2022": "procedure in progress", "december_2022": "procedure in progress", "april_2024": "under construction", "february_2025": "under construction", "december_2025": "under construction" }, "geometry": { "type": "Polygon", "coordinates": [ [ [ 7.685633, 45.099062 ], [ 7.6857255, 45.098866 ], [ 7.6858342, 45.0988916 ], [ 7.6857416, 45.0990875 ], [ 7.685633, 45.099062 ] ] ] } },
{ "type": "Feature", "properties": { "osm_id": 555008817, "height": 9.0, "has_osm_height": false, "code": "N006", "name": "FSSU REBAUDENGO", "july_2020": "procedure in progress", "october_2021": "procedure in progress", "july_2022": "procedure in progress", "december_2022": "procedure in progress", "april_2024": "under construction", "february_2025": "under construction", "december_2025": "under construction" }, "geometry": { "type": "Polygon", "coordinates": [ [ [ 7.6855705, 45.0992346 ], [ 7.6858188, 45.0992564 ], [ 7.6858489, 45.0991702 ], [ 7.6856048, 45.0991494 ], [ 7.6855705, 45.0992346 ] ] ] } },
{ "type": "Feature", "properties": { "osm_id": 555008820, "height": 9.0, "has_osm_height": false, "code": "N006", "name": "FSSU REBAUDENGO", "july_2020": "procedure in progress", "october_2021": "procedure in progress", "july_2022": "procedure in progress", "december_2022": "procedure in progress", "april_2024": "under construction", "february_2025": "under construction", "december_2025": "under construction" }, "geometry": { "type": "Polygon", "coordinates": [ [ [ 7.6875144, 45.0995054 ], [ 7.6872374, 45.0992428 ], [ 7.6873629, 45.0991768 ], [ 7.6876399, 45.0994394 ], [ 7.6875144, 45.0995054 ] ] ] } },
{ "type": "Feature", "properties": { "osm_id": 568496384, "height": 6.4, "has_osm_height": true, "code": "N004", "name": "ALENIA / CITTADELLA DELL’AEROSPAZIO", "july_2020": "procedure in progress", "october_2021": "procedure in progress", "july_2022": "procedure in progress", "december_2022": "procedure in progress", "april_2024": "procedure in progress", "february_2025": "under construction", "december_2025": "under construction" }, "geometry": { "type": "Polygon", "coordinates": [ [ [ 7.6103045, 45.0745206 ], [ 7.6102862, 45.07476 ], [ 7.6106011, 45.0747716 ], [ 7.6106437, 45.0747734 ], [ 7.610642, 45.0747941 ], [ 7.6106946, 45.0747963 ], [ 7.6106963, 45.0747764 ], [ 7.6107328, 45.0747779 ], [ 7.6110403, 45.0747893 ], [ 7.6110586, 45.0745492 ], [ 7.6103045, 45.0745206 ] ] ] } },
{ "type": "Feature", "properties": { "osm_id": 568496386, "height": 9.6, "has_osm_height": true, "code": "N004", "name": "ALENIA / CITTADELLA DELL’AEROSPAZIO", "july_2020": "procedure in progress", "october_2021": "procedure in progress", "july_2022": "procedure in progress", "december_2022": "procedure in progress", "april_2024": "procedure in progress", "february_2025": "under construction", "december_2025": "under construction" }, "geometry": { "type": "Polygon", "coordinates": [ [ [ 7.6111223, 45.0749069 ], [ 7.6111268, 45.0750422 ], [ 7.6111316, 45.075165 ], [ 7.6111342, 45.0752435 ], [ 7.611278, 45.0752411 ], [ 7.6112797, 45.0752913 ], [ 7.6113872, 45.0752895 ], [ 7.6113855, 45.0752399 ], [ 7.6115163, 45.0752377 ], [ 7.611505, 45.0749005 ], [ 7.6111223, 45.0749069 ] ] ] } },
{ "type": "Feature", "properties": { "osm_id": 568496388, "height": 3.2, "has_osm_height": true, "code": "N004", "name": "ALENIA / CITTADELLA DELL’AEROSPAZIO", "july_2020": "procedure in progress", "october_2021": "procedure in progress", "july_2022": "procedure in progress", "december_2022": "procedure in progress", "april_2024": "procedure in progress", "february_2025": "under construction", "december_2025": "under construction" }, "geometry": { "type": "Polygon", "coordinates": [ [ [ 7.6114018, 45.0745043 ], [ 7.6113988, 45.074555 ], [ 7.6115313, 45.0745589 ], [ 7.6115354, 45.0744898 ], [ 7.6114796, 45.0744882 ], [ 7.6114786, 45.0745065 ], [ 7.6114018, 45.0745043 ] ] ] } },
{ "type": "Feature", "properties": { "osm_id": 568496389, "height": 9.0, "has_osm_height": false, "code": "N004", "name": "ALENIA / CITTADELLA DELL’AEROSPAZIO", "july_2020": "procedure in progress", "october_2021": "procedure in progress", "july_2022": "procedure in progress", "december_2022": "procedure in progress", "april_2024": "procedure in progress", "february_2025": "under construction", "december_2025": "under construction" }, "geometry": { "type": "Polygon", "coordinates": [ [ [ 7.6112269, 45.0746385 ], [ 7.6112298, 45.0747653 ], [ 7.6112726, 45.0747648 ], [ 7.61137, 45.0747637 ], [ 7.6113672, 45.074637 ], [ 7.6112698, 45.074638 ], [ 7.6112269, 45.0746385 ] ] ] } },
{ "type": "Feature", "properties": { "osm_id": 568496392, "height": 3.2, "has_osm_height": true, "code": "N004", "name": "ALENIA / CITTADELLA DELL’AEROSPAZIO", "july_2020": "procedure in progress", "october_2021": "procedure in progress", "july_2022": "procedure in progress", "december_2022": "procedure in progress", "april_2024": "procedure in progress", "february_2025": "under construction", "december_2025": "under construction" }, "geometry": { "type": "Polygon", "coordinates": [ [ [ 7.610628, 45.0749145 ], [ 7.610637, 45.0750943 ], [ 7.6109361, 45.0750868 ], [ 7.6109271, 45.0749071 ], [ 7.610628, 45.0749145 ] ] ] } },
{ "type": "Feature", "properties": { "osm_id": 572910767, "height": 9.0, "has_osm_height": false, "code": "N004", "name": "ALENIA / CITTADELLA DELL’AEROSPAZIO", "july_2020": "procedure in progress", "october_2021": "procedure in progress", "july_2022": "procedure in progress", "december_2022": "procedure in progress", "april_2024": "procedure in progress", "february_2025": "under construction", "december_2025": "under construction" }, "geometry": { "type": "Polygon", "coordinates": [ [ [ 7.6088776, 45.075149 ], [ 7.6087449, 45.0752304 ], [ 7.6085469, 45.0750693 ], [ 7.6087526, 45.0749432 ], [ 7.6088854, 45.0750513 ], [ 7.6088125, 45.075096 ], [ 7.6088776, 45.075149 ] ] ] } },
{ "type": "Feature", "properties": { "osm_id": 572910768, "height": 9.0, "has_osm_height": false, "code": "N004", "name": "ALENIA / CITTADELLA DELL’AEROSPAZIO", "july_2020": "procedure in progress", "october_2021": "procedure in progress", "july_2022": "procedure in progress", "december_2022": "procedure in progress", "april_2024": "procedure in progress", "february_2025": "under construction", "december_2025": "under construction" }, "geometry": { "type": "Polygon", "coordinates": [ [ [ 7.6088533, 45.0756544 ], [ 7.6086513, 45.0756457 ], [ 7.6086668, 45.0754666 ], [ 7.6087219, 45.075469 ], [ 7.6087251, 45.0754331 ], [ 7.6089709, 45.0754437 ], [ 7.6089572, 45.0756018 ], [ 7.6088583, 45.0755975 ], [ 7.6088533, 45.0756544 ] ] ] } },
{ "type": "Feature", "properties": { "osm_id": 572910770, "height": 9.0, "has_osm_height": false, "code": "N004", "name": "ALENIA / CITTADELLA DELL’AEROSPAZIO", "july_2020": "procedure in progress", "october_2021": "procedure in progress", "july_2022": "procedure in progress", "december_2022": "procedure in progress", "april_2024": "procedure in progress", "february_2025": "under construction", "december_2025": "under construction" }, "geometry": { "type": "Polygon", "coordinates": [ [ [ 7.6085065, 45.076043 ], [ 7.60832, 45.0760357 ], [ 7.6083362, 45.0758279 ], [ 7.6086319, 45.0758394 ], [ 7.6086227, 45.0759577 ], [ 7.6086209, 45.0759799 ], [ 7.6085634, 45.0759777 ], [ 7.6085608, 45.076012 ], [ 7.6085091, 45.07601 ], [ 7.6085065, 45.076043 ] ] ] } },
{ "type": "Feature", "properties": { "osm_id": 572910771, "height": 9.0, "has_osm_height": false, "code": "N004", "name": "ALENIA / CITTADELLA DELL’AEROSPAZIO", "july_2020": "procedure in progress", "october_2021": "procedure in progress", "july_2022": "procedure in progress", "december_2022": "procedure in progress", "april_2024": "procedure in progress", "february_2025": "under construction", "december_2025": "under construction" }, "geometry": { "type": "Polygon", "coordinates": [ [ [ 7.6087084, 45.0760119 ], [ 7.6088901, 45.076019 ], [ 7.6089453, 45.0760212 ], [ 7.6089583, 45.0758562 ], [ 7.6088945, 45.0758537 ], [ 7.6088979, 45.0758107 ], [ 7.6086337, 45.0758003 ], [ 7.6086319, 45.0758394 ], [ 7.6086227, 45.0759577 ], [ 7.6087124, 45.0759613 ], [ 7.6087084, 45.0760119 ] ] ] } },
{ "type": "Feature", "properties": { "osm_id": 603567985, "height": 7.0, "has_osm_height": true, "code": "N007", "name": "FSSU ODDONE", "july_2020": "procedure in progress", "october_2021": "procedure in progress", "july_2022": "procedure in progress", "december_2022": "on hold", "april_2024": "on hold", "february_2025": "on hold", "december_2025": "on hold" }, "geometry": { "type": "Polygon", "coordinates": [ [ [ 7.6715381, 45.0829057 ], [ 7.6718519, 45.0827864 ], [ 7.6719243, 45.0828887 ], [ 7.6716132, 45.083008 ], [ 7.6715381, 45.0829057 ] ] ] } },
{ "type": "Feature", "properties": { "osm_id": 603567986, "height": 9.0, "has_osm_height": true, "code": "N007", "name": "FSSU ODDONE", "july_2020": "procedure in progress", "october_2021": "procedure in progress", "july_2022": "procedure in progress", "december_2022": "on hold", "april_2024": "on hold", "february_2025": "on hold", "december_2025": "on hold" }, "geometry": { "type": "Polygon", "coordinates": [ [ [ 7.672039, 45.0829061 ], [ 7.6724333, 45.0834572 ], [ 7.6722294, 45.0835273 ], [ 7.6718405, 45.0829761 ], [ 7.672039, 45.0829061 ] ] ] } },
{ "type": "Feature", "properties": { "osm_id": 608558969, "height": 9.0, "has_osm_height": false, "code": "N010", "name": "FSSU SAN PAOLO", "july_2020": "procedure in progress", "october_2021": "procedure in progress", "july_2022": "procedure in progress", "december_2022": "on hold", "april_2024": "on hold", "february_2025": "on hold", "december_2025": "on hold" }, "geometry": { "type": "Polygon", "coordinates": [ [ [ 7.6375193, 45.0570992 ], [ 7.6381008, 45.0569702 ], [ 7.6380467, 45.0568556 ], [ 7.6374652, 45.0569893 ], [ 7.6375193, 45.0570992 ] ] ] } },
{ "type": "Feature", "properties": { "osm_id": 608558976, "height": 9.0, "has_osm_height": false, "code": "N010", "name": "FSSU SAN PAOLO", "july_2020": "procedure in progress", "october_2021": "procedure in progress", "july_2022": "procedure in progress", "december_2022": "on hold", "april_2024": "on hold", "february_2025": "on hold", "december_2025": "on hold" }, "geometry": { "type": "Polygon", "coordinates": [ [ [ 7.6374482, 45.0567987 ], [ 7.6374652, 45.0569893 ], [ 7.6380467, 45.0568556 ], [ 7.6379811, 45.0567361 ], [ 7.6374482, 45.0567987 ] ] ] } },
{ "type": "Feature", "properties": { "osm_id": 663094328, "height": 9.0, "has_osm_height": false, "code": "N010", "name": "FSSU SAN PAOLO", "july_2020": "procedure in progress", "october_2021": "procedure in progress", "july_2022": "procedure in progress", "december_2022": "on hold", "april_2024": "on hold", "february_2025": "on hold", "december_2025": "on hold" }, "geometry": { "type": "Polygon", "coordinates": [ [ [ 7.6359903, 45.0559839 ], [ 7.6363492, 45.0559065 ], [ 7.636377, 45.0559709 ], [ 7.6360182, 45.0560483 ], [ 7.6359903, 45.0559839 ] ] ] } },
{ "type": "Feature", "properties": { "osm_id": 663094329, "height": 9.0, "has_osm_height": false, "code": "N010", "name": "FSSU SAN PAOLO", "july_2020": "procedure in progress", "october_2021": "procedure in progress", "july_2022": "procedure in progress", "december_2022": "on hold", "april_2024": "on hold", "february_2025": "on hold", "december_2025": "on hold" }, "geometry": { "type": "Polygon", "coordinates": [ [ [ 7.6399037, 45.0551776 ], [ 7.6399803, 45.0551616 ], [ 7.6400234, 45.0552648 ], [ 7.6399469, 45.0552807 ], [ 7.6399037, 45.0551776 ] ] ] } },
{ "type": "Feature", "properties": { "osm_id": 663094330, "height": 9.0, "has_osm_height": false, "code": "N010", "name": "FSSU SAN PAOLO", "july_2020": "procedure in progress", "october_2021": "procedure in progress", "july_2022": "procedure in progress", "december_2022": "on hold", "april_2024": "on hold", "february_2025": "on hold", "december_2025": "on hold" }, "geometry": { "type": "Polygon", "coordinates": [ [ [ 7.6398706, 45.0550979 ], [ 7.6398223, 45.0549796 ], [ 7.6401357, 45.0549157 ], [ 7.640184, 45.055034 ], [ 7.6398706, 45.0550979 ] ] ] } },
{ "type": "Feature", "properties": { "osm_id": 750203966, "height": 9.0, "has_osm_height": false, "code": "N062", "name": "GONDRAND", "july_2020": "procedure in progress", "october_2021": "procedure in progress", "july_2022": "procedure in progress", "december_2022": "procedure in progress", "april_2024": "under construction", "february_2025": "under construction", "december_2025": "procedure in progress" }, "geometry": { "type": "Polygon", "coordinates": [ [ [ 7.688574, 45.0974102 ], [ 7.6887338, 45.097358 ], [ 7.6889111, 45.0976285 ], [ 7.6887513, 45.0976807 ], [ 7.688574, 45.0974102 ] ] ] } },
{ "type": "Feature", "properties": { "osm_id": 750203967, "height": 9.0, "has_osm_height": false, "code": "N062", "name": "GONDRAND", "july_2020": "procedure in progress", "october_2021": "procedure in progress", "july_2022": "procedure in progress", "december_2022": "procedure in progress", "april_2024": "under construction", "february_2025": "under construction", "december_2025": "procedure in progress" }, "geometry": { "type": "Polygon", "coordinates": [ [ [ 7.6885311, 45.0970802 ], [ 7.6886582, 45.0972545 ], [ 7.6880221, 45.0974856 ], [ 7.687895, 45.0973112 ], [ 7.6885311, 45.0970802 ] ] ] } },
{ "type": "Feature", "properties": { "osm_id": 768937587, "height": 9.0, "has_osm_height": false, "code": "N062", "name": "GONDRAND", "july_2020": "procedure in progress", "october_2021": "procedure in progress", "july_2022": "procedure in progress", "december_2022": "procedure in progress", "april_2024": "under construction", "february_2025": "under construction", "december_2025": "procedure in progress" }, "geometry": { "type": "Polygon", "coordinates": [ [ [ 7.6886179, 45.0983446 ], [ 7.6888934, 45.0983687 ], [ 7.6889622, 45.0979763 ], [ 7.6870099, 45.0978058 ], [ 7.6869536, 45.0981267 ], [ 7.6869547, 45.0981268 ], [ 7.6869133, 45.0983635 ], [ 7.688589, 45.0985097 ], [ 7.6886179, 45.0983446 ] ] ] } },
{ "type": "Feature", "properties": { "osm_id": 824094786, "height": 9.0, "has_osm_height": false, "code": "N001", "name": "VILLA REY", "july_2020": "on hold", "october_2021": "on hold", "july_2022": "on hold", "december_2022": "on hold", "april_2024": "on hold", "february_2025": "on hold", "december_2025": "on hold" }, "geometry": { "type": "Polygon", "coordinates": [ [ [ 7.7178532, 45.0641557 ], [ 7.7179578, 45.0641512 ], [ 7.7179527, 45.0640917 ], [ 7.7179212, 45.064093 ], [ 7.7179188, 45.0640659 ], [ 7.7178458, 45.0640691 ], [ 7.7178532, 45.0641557 ] ] ] } },
{ "type": "Feature", "properties": { "osm_id": 824094787, "height": 9.0, "has_osm_height": false, "code": "N001", "name": "VILLA REY", "july_2020": "on hold", "october_2021": "on hold", "july_2022": "on hold", "december_2022": "on hold", "april_2024": "on hold", "february_2025": "on hold", "december_2025": "on hold" }, "geometry": { "type": "Polygon", "coordinates": [ [ [ 7.7183639, 45.064181 ], [ 7.7183753, 45.0641565 ], [ 7.71842, 45.0641668 ], [ 7.7184316, 45.0641419 ], [ 7.7184702, 45.0641508 ], [ 7.7184881, 45.0641122 ], [ 7.7185776, 45.0641329 ], [ 7.718613, 45.0640566 ], [ 7.718302, 45.0639847 ], [ 7.7182716, 45.0640503 ], [ 7.7183029, 45.0640576 ], [ 7.7182571, 45.0641563 ], [ 7.7183639, 45.064181 ] ] ] } },
{ "type": "Feature", "properties": { "osm_id": 824094788, "height": 9.0, "has_osm_height": false, "code": "N001", "name": "VILLA REY", "july_2020": "on hold", "october_2021": "on hold", "july_2022": "on hold", "december_2022": "on hold", "april_2024": "on hold", "february_2025": "on hold", "december_2025": "on hold" }, "geometry": { "type": "Polygon", "coordinates": [ [ [ 7.7197035, 45.0641167 ], [ 7.7197701, 45.0639971 ], [ 7.7198252, 45.0640124 ], [ 7.719851, 45.0639661 ], [ 7.71982, 45.0639575 ], [ 7.7198905, 45.063831 ], [ 7.7198573, 45.0638218 ], [ 7.7199273, 45.0636961 ], [ 7.7200437, 45.0637285 ], [ 7.720031, 45.0637513 ], [ 7.719997, 45.0637419 ], [ 7.7199516, 45.0638235 ], [ 7.7200682, 45.0638559 ], [ 7.7201136, 45.0637744 ], [ 7.7200754, 45.0637638 ], [ 7.7200879, 45.0637412 ], [ 7.7202571, 45.0637882 ], [ 7.7202065, 45.0638793 ], [ 7.7201671, 45.0638684 ], [ 7.7200475, 45.0640834 ], [ 7.7201012, 45.0640983 ], [ 7.7200391, 45.0642099 ], [ 7.7197035, 45.0641167 ] ] ] } },
{ "type": "Feature", "properties": { "osm_id": 877967553, "height": 9.0, "has_osm_height": false, "code": "N006", "name": "FSSU REBAUDENGO", "july_2020": "procedure in progress", "october_2021": "procedure in progress", "july_2022": "procedure in progress", "december_2022": "procedure in progress", "april_2024": "under construction", "february_2025": "under construction", "december_2025": "under construction" }, "geometry": { "type": "Polygon", "coordinates": [ [ [ 7.6842745, 45.0983586 ], [ 7.6846033, 45.098331 ], [ 7.6845132, 45.0977945 ], [ 7.6841844, 45.097822 ], [ 7.6842745, 45.0983586 ] ] ] } },
{ "type": "Feature", "properties": { "osm_id": 900847107, "height": 9.0, "has_osm_height": false, "code": "N004", "name": "ALENIA / CITTADELLA DELL’AEROSPAZIO", "july_2020": "procedure in progress", "october_2021": "procedure in progress", "july_2022": "procedure in progress", "december_2022": "procedure in progress", "april_2024": "procedure in progress", "february_2025": "under construction", "december_2025": "under construction" }, "geometry": { "type": "Polygon", "coordinates": [ [ [ 7.6093823, 45.0756954 ], [ 7.6093796, 45.0754703 ], [ 7.6095457, 45.07547 ], [ 7.6095459, 45.0755201 ], [ 7.6095623, 45.0755201 ], [ 7.6095625, 45.0755639 ], [ 7.6095451, 45.0755639 ], [ 7.6095453, 45.0756102 ], [ 7.6094901, 45.0756104 ], [ 7.6094883, 45.0756947 ], [ 7.6093823, 45.0756954 ] ] ] } },
{ "type": "Feature", "properties": { "osm_id": 900936896, "height": 6.4, "has_osm_height": true, "code": "N004", "name": "ALENIA / CITTADELLA DELL’AEROSPAZIO", "july_2020": "procedure in progress", "october_2021": "procedure in progress", "july_2022": "procedure in progress", "december_2022": "procedure in progress", "april_2024": "procedure in progress", "february_2025": "under construction", "december_2025": "under construction" }, "geometry": { "type": "Polygon", "coordinates": [ [ [ 7.6085665, 45.0766696 ], [ 7.6085572, 45.0764358 ], [ 7.6088498, 45.07643 ], [ 7.608859, 45.0766638 ], [ 7.6085665, 45.0766696 ] ] ] } },
{ "type": "Feature", "properties": { "osm_id": 900936897, "height": 3.2, "has_osm_height": true, "code": "N004", "name": "ALENIA / CITTADELLA DELL’AEROSPAZIO", "july_2020": "procedure in progress", "october_2021": "procedure in progress", "july_2022": "procedure in progress", "december_2022": "procedure in progress", "april_2024": "procedure in progress", "february_2025": "under construction", "december_2025": "under construction" }, "geometry": { "type": "Polygon", "coordinates": [ [ [ 7.6087594, 45.0768844 ], [ 7.6089123, 45.0768828 ], [ 7.6089115, 45.0768476 ], [ 7.60891, 45.07677 ], [ 7.608909, 45.0767237 ], [ 7.6087562, 45.0767253 ], [ 7.6087594, 45.0768844 ] ] ] } },
{ "type": "Feature", "properties": { "osm_id": 900940948, "height": 9.0, "has_osm_height": false, "code": "N004", "name": "ALENIA / CITTADELLA DELL’AEROSPAZIO", "july_2020": "procedure in progress", "october_2021": "procedure in progress", "july_2022": "procedure in progress", "december_2022": "procedure in progress", "april_2024": "procedure in progress", "february_2025": "under construction", "december_2025": "under construction" }, "geometry": { "type": "Polygon", "coordinates": [ [ [ 7.6099046, 45.0746601 ], [ 7.6101168, 45.0746689 ], [ 7.6101251, 45.0745699 ], [ 7.6099128, 45.074561 ], [ 7.6099046, 45.0746601 ] ] ] } },
{ "type": "Feature", "properties": { "osm_id": 900940949, "height": 3.2, "has_osm_height": true, "code": "N004", "name": "ALENIA / CITTADELLA DELL’AEROSPAZIO", "july_2020": "procedure in progress", "october_2021": "procedure in progress", "july_2022": "procedure in progress", "december_2022": "procedure in progress", "april_2024": "procedure in progress", "february_2025": "under construction", "december_2025": "under construction" }, "geometry": { "type": "Polygon", "coordinates": [ [ [ 7.6096767, 45.0747736 ], [ 7.6096779, 45.0747231 ], [ 7.6099141, 45.0747258 ], [ 7.609913, 45.0747763 ], [ 7.6096767, 45.0747736 ] ] ] } },
{ "type": "Feature", "properties": { "osm_id": 901288366, "height": 6.4, "has_osm_height": true, "code": "N004", "name": "ALENIA / CITTADELLA DELL’AEROSPAZIO", "july_2020": "procedure in progress", "october_2021": "procedure in progress", "july_2022": "procedure in progress", "december_2022": "procedure in progress", "april_2024": "procedure in progress", "february_2025": "under construction", "december_2025": "under construction" }, "geometry": { "type": "Polygon", "coordinates": [ [ [ 7.6079932, 45.0770576 ], [ 7.6083689, 45.0770516 ], [ 7.6083916, 45.0777443 ], [ 7.6084157, 45.0784792 ], [ 7.6080399, 45.0784839 ], [ 7.6079932, 45.0770576 ] ] ] } },
{ "type": "Feature", "properties": { "osm_id": 901288367, "height": 6.4, "has_osm_height": true, "code": "N004", "name": "ALENIA / CITTADELLA DELL’AEROSPAZIO", "july_2020": "procedure in progress", "october_2021": "procedure in progress", "july_2022": "procedure in progress", "december_2022": "procedure in progress", "april_2024": "procedure in progress", "february_2025": "under construction", "december_2025": "under construction" }, "geometry": { "type": "Polygon", "coordinates": [ [ [ 7.6089481, 45.0777337 ], [ 7.608966, 45.0784722 ], [ 7.6087253, 45.0784753 ], [ 7.6087232, 45.0783607 ], [ 7.6084678, 45.0783631 ], [ 7.6084564, 45.0777378 ], [ 7.6085425, 45.077737 ], [ 7.608688, 45.0777357 ], [ 7.6089481, 45.0777337 ] ] ] } },
{ "type": "Feature", "properties": { "osm_id": 901288368, "height": 3.2, "has_osm_height": true, "code": "N004", "name": "ALENIA / CITTADELLA DELL’AEROSPAZIO", "july_2020": "procedure in progress", "october_2021": "procedure in progress", "july_2022": "procedure in progress", "december_2022": "procedure in progress", "april_2024": "procedure in progress", "february_2025": "under construction", "december_2025": "under construction" }, "geometry": { "type": "Polygon", "coordinates": [ [ [ 7.6092203, 45.0777305 ], [ 7.6092281, 45.0780559 ], [ 7.6092414, 45.0786023 ], [ 7.6092126, 45.0786025 ], [ 7.6091673, 45.0786032 ], [ 7.6091641, 45.0784697 ], [ 7.608966, 45.0784722 ], [ 7.6089481, 45.0777337 ], [ 7.6090206, 45.0777329 ], [ 7.6092203, 45.0777305 ] ] ] } },
{ "type": "Feature", "properties": { "osm_id": 901288369, "height": 12.8, "has_osm_height": true, "code": "N004", "name": "ALENIA / CITTADELLA DELL’AEROSPAZIO", "july_2020": "procedure in progress", "october_2021": "procedure in progress", "july_2022": "procedure in progress", "december_2022": "procedure in progress", "april_2024": "procedure in progress", "february_2025": "under construction", "december_2025": "under construction" }, "geometry": { "type": "Polygon", "coordinates": [ [ [ 7.6092203, 45.0777305 ], [ 7.6090206, 45.0777329 ], [ 7.6089481, 45.0777337 ], [ 7.6089467, 45.0776738 ], [ 7.6089376, 45.0772428 ], [ 7.6085462, 45.077247 ], [ 7.608542, 45.0770502 ], [ 7.6092057, 45.0770432 ], [ 7.6092096, 45.077231 ], [ 7.6092164, 45.0775513 ], [ 7.6092203, 45.0777305 ] ] ] } },
{ "type": "Feature", "properties": { "osm_id": 901938941, "height": 9.0, "has_osm_height": false, "code": "N004", "name": "ALENIA / CITTADELLA DELL’AEROSPAZIO", "july_2020": "procedure in progress", "october_2021": "procedure in progress", "july_2022": "procedure in progress", "december_2022": "procedure in progress", "april_2024": "procedure in progress", "february_2025": "under construction", "december_2025": "under construction" }, "geometry": { "type": "Polygon", "coordinates": [ [ [ 7.6092605, 45.0756895 ], [ 7.6092858, 45.0756924 ], [ 7.6093823, 45.0756954 ], [ 7.6094883, 45.0756947 ], [ 7.6095763, 45.0756977 ], [ 7.6095598, 45.0758033 ], [ 7.6095851, 45.0758046 ], [ 7.6095752, 45.0761125 ], [ 7.6095209, 45.0761106 ], [ 7.6095151, 45.0761913 ], [ 7.6095405, 45.0762289 ], [ 7.6095359, 45.0763239 ], [ 7.6095684, 45.0763247 ], [ 7.6095666, 45.0763786 ], [ 7.6095333, 45.0763782 ], [ 7.6095291, 45.0764643 ], [ 7.6092257, 45.0764504 ], [ 7.6092773, 45.0757888 ], [ 7.6092534, 45.0757871 ], [ 7.6092605, 45.0756895 ] ] ] } },
{ "type": "Feature", "properties": { "osm_id": 901938943, "height": 9.0, "has_osm_height": false, "code": "N004", "name": "ALENIA / CITTADELLA DELL’AEROSPAZIO", "july_2020": "procedure in progress", "october_2021": "procedure in progress", "july_2022": "procedure in progress", "december_2022": "procedure in progress", "april_2024": "procedure in progress", "february_2025": "under construction", "december_2025": "under construction" }, "geometry": { "type": "Polygon", "coordinates": [ [ [ 7.6106441, 45.0752196 ], [ 7.6109592, 45.0752141 ], [ 7.6109661, 45.0754129 ], [ 7.6113683, 45.075406 ], [ 7.6113849, 45.0758818 ], [ 7.6106675, 45.0758942 ], [ 7.6106441, 45.0752196 ] ] ] } },
{ "type": "Feature", "properties": { "osm_id": 902240066, "height": 3.2, "has_osm_height": true, "code": "N004", "name": "ALENIA / CITTADELLA DELL’AEROSPAZIO", "july_2020": "procedure in progress", "october_2021": "procedure in progress", "july_2022": "procedure in progress", "december_2022": "procedure in progress", "april_2024": "procedure in progress", "february_2025": "under construction", "december_2025": "under construction" }, "geometry": { "type": "Polygon", "coordinates": [ [ [ 7.6094761, 45.0747498 ], [ 7.609573, 45.0747517 ], [ 7.6095743, 45.0747208 ], [ 7.6096536, 45.0747224 ], [ 7.6096563, 45.0746548 ], [ 7.6094799, 45.0746512 ], [ 7.6094782, 45.0746835 ], [ 7.6094761, 45.0747498 ] ] ] } },
{ "type": "Feature", "properties": { "osm_id": 902240067, "height": 9.0, "has_osm_height": false, "code": "N004", "name": "ALENIA / CITTADELLA DELL’AEROSPAZIO", "july_2020": "procedure in progress", "october_2021": "procedure in progress", "july_2022": "procedure in progress", "december_2022": "procedure in progress", "april_2024": "procedure in progress", "february_2025": "under construction", "december_2025": "under construction" }, "geometry": { "type": "Polygon", "coordinates": [ [ [ 7.6094205, 45.0746827 ], [ 7.6094183, 45.0747486 ], [ 7.6094447, 45.0747495 ], [ 7.6094761, 45.0747498 ], [ 7.6094782, 45.0746835 ], [ 7.6094473, 45.0746826 ], [ 7.6094205, 45.0746827 ] ] ] } },
{ "type": "Feature", "properties": { "osm_id": 903892139, "height": 9.6, "has_osm_height": true, "code": "N004", "name": "ALENIA / CITTADELLA DELL’AEROSPAZIO", "july_2020": "procedure in progress", "october_2021": "procedure in progress", "july_2022": "procedure in progress", "december_2022": "procedure in progress", "april_2024": "procedure in progress", "february_2025": "under construction", "december_2025": "under construction" }, "geometry": { "type": "Polygon", "coordinates": [ [ [ 7.6083641, 45.0769 ], [ 7.6083655, 45.0769445 ], [ 7.6083689, 45.0770516 ], [ 7.6079932, 45.0770576 ], [ 7.6079898, 45.0769511 ], [ 7.6079883, 45.076906 ], [ 7.6083641, 45.0769 ] ] ] } },
{ "type": "Feature", "properties": { "osm_id": 903892140, "height": 6.4, "has_osm_height": true, "code": "N004", "name": "ALENIA / CITTADELLA DELL’AEROSPAZIO", "july_2020": "procedure in progress", "october_2021": "procedure in progress", "july_2022": "procedure in progress", "december_2022": "procedure in progress", "april_2024": "procedure in progress", "february_2025": "under construction", "december_2025": "under construction" }, "geometry": { "type": "Polygon", "coordinates": [ [ [ 7.6079883, 45.076906 ], [ 7.607984, 45.0767715 ], [ 7.6083598, 45.0767655 ], [ 7.6083641, 45.0769 ], [ 7.6079883, 45.076906 ] ] ] } },
{ "type": "Feature", "properties": { "osm_id": 903892141, "height": 1.0, "has_osm_height": true, "code": "N004", "name": "ALENIA / CITTADELLA DELL’AEROSPAZIO", "july_2020": "procedure in progress", "october_2021": "procedure in progress", "july_2022": "procedure in progress", "december_2022": "procedure in progress", "april_2024": "procedure in progress", "february_2025": "under construction", "december_2025": "under construction" }, "geometry": { "type": "Polygon", "coordinates": [ [ [ 7.6082807, 45.0765774 ], [ 7.6082009, 45.0765516 ], [ 7.6081703, 45.0764936 ], [ 7.6082068, 45.0764372 ], [ 7.608289, 45.0764156 ], [ 7.6083688, 45.0764413 ], [ 7.6083995, 45.0764994 ], [ 7.608363, 45.0765558 ], [ 7.6082807, 45.0765774 ] ] ] } },
{ "type": "Feature", "properties": { "osm_id": 904276842, "height": 9.0, "has_osm_height": false, "code": "N004", "name": "ALENIA / CITTADELLA DELL’AEROSPAZIO", "july_2020": "procedure in progress", "october_2021": "procedure in progress", "july_2022": "procedure in progress", "december_2022": "procedure in progress", "april_2024": "procedure in progress", "february_2025": "under construction", "december_2025": "under construction" }, "geometry": { "type": "Polygon", "coordinates": [ [ [ 7.6098697, 45.0746694 ], [ 7.6098787, 45.0745596 ], [ 7.6099128, 45.074561 ], [ 7.6099046, 45.0746601 ], [ 7.6099038, 45.0746708 ], [ 7.6098913, 45.0746703 ], [ 7.6098697, 45.0746694 ] ] ] } },
{ "type": "Feature", "properties": { "osm_id": 904276847, "height": 9.0, "has_osm_height": false, "code": "N004", "name": "ALENIA / CITTADELLA DELL’AEROSPAZIO", "july_2020": "procedure in progress", "october_2021": "procedure in progress", "july_2022": "procedure in progress", "december_2022": "procedure in progress", "april_2024": "procedure in progress", "february_2025": "under construction", "december_2025": "under construction" }, "geometry": { "type": "Polygon", "coordinates": [ [ [ 7.609699, 45.0746647 ], [ 7.609697, 45.0747001 ], [ 7.6098893, 45.0747055 ], [ 7.6098913, 45.0746703 ], [ 7.6098697, 45.0746694 ], [ 7.609699, 45.0746647 ] ] ] } },
{ "type": "Feature", "properties": { "osm_id": 904282871, "height": 3.2, "has_osm_height": true, "code": "N004", "name": "ALENIA / CITTADELLA DELL’AEROSPAZIO", "july_2020": "procedure in progress", "october_2021": "procedure in progress", "july_2022": "procedure in progress", "december_2022": "procedure in progress", "april_2024": "procedure in progress", "february_2025": "under construction", "december_2025": "under construction" }, "geometry": { "type": "Polygon", "coordinates": [ [ [ 7.6085425, 45.077737 ], [ 7.6085412, 45.0776766 ], [ 7.6086866, 45.077675 ], [ 7.608688, 45.0777357 ], [ 7.6085425, 45.077737 ] ] ] } },
{ "type": "Feature", "properties": { "osm_id": 905545326, "height": 6.4, "has_osm_height": true, "code": "N004", "name": "ALENIA / CITTADELLA DELL’AEROSPAZIO", "july_2020": "procedure in progress", "october_2021": "procedure in progress", "july_2022": "procedure in progress", "december_2022": "procedure in progress", "april_2024": "procedure in progress", "february_2025": "under construction", "december_2025": "under construction" }, "geometry": { "type": "Polygon", "coordinates": [ [ [ 7.6097021, 45.0768761 ], [ 7.6105101, 45.0768608 ], [ 7.6104629, 45.0757007 ], [ 7.6096553, 45.075717 ], [ 7.6097011, 45.0768516 ], [ 7.6097021, 45.0768761 ] ] ] } },
{ "type": "Feature", "properties": { "osm_id": 905545327, "height": 6.4, "has_osm_height": true, "code": "N004", "name": "ALENIA / CITTADELLA DELL’AEROSPAZIO", "july_2020": "procedure in progress", "october_2021": "procedure in progress", "july_2022": "procedure in progress", "december_2022": "procedure in progress", "april_2024": "procedure in progress", "february_2025": "under construction", "december_2025": "under construction" }, "geometry": { "type": "Polygon", "coordinates": [ [ [ 7.6104629, 45.0757007 ], [ 7.6104298, 45.0749319 ], [ 7.6096233, 45.0749484 ], [ 7.6096553, 45.075717 ], [ 7.6104629, 45.0757007 ] ] ] } },
{ "type": "Feature", "properties": { "osm_id": 906286099, "height": 9.6, "has_osm_height": true, "code": "N004", "name": "ALENIA / CITTADELLA DELL’AEROSPAZIO", "july_2020": "procedure in progress", "october_2021": "procedure in progress", "july_2022": "procedure in progress", "december_2022": "procedure in progress", "april_2024": "procedure in progress", "february_2025": "under construction", "december_2025": "under construction" }, "geometry": { "type": "Polygon", "coordinates": [ [ [ 7.6091697, 45.078681 ], [ 7.6091707, 45.0787145 ], [ 7.6093684, 45.0787115 ], [ 7.6096461, 45.0787072 ], [ 7.6096451, 45.0786722 ], [ 7.6094919, 45.0786745 ], [ 7.6093672, 45.0786764 ], [ 7.6092149, 45.0786788 ], [ 7.6092126, 45.0786025 ], [ 7.6091673, 45.0786032 ], [ 7.6091697, 45.078681 ] ] ] } },
{ "type": "Feature", "properties": { "osm_id": 914385191, "height": 9.0, "has_osm_height": false, "code": "N004", "name": "ALENIA / CITTADELLA DELL’AEROSPAZIO", "july_2020": "procedure in progress", "october_2021": "procedure in progress", "july_2022": "procedure in progress", "december_2022": "procedure in progress", "april_2024": "procedure in progress", "february_2025": "under construction", "december_2025": "under construction" }, "geometry": { "type": "Polygon", "coordinates": [ [ [ 7.6106711, 45.076014 ], [ 7.6107059, 45.0769847 ], [ 7.611445, 45.0769715 ], [ 7.61141, 45.0760008 ], [ 7.6106711, 45.076014 ] ] ] } },
{ "type": "Feature", "properties": { "osm_id": 914385198, "height": 9.0, "has_osm_height": false, "code": "N004", "name": "ALENIA / CITTADELLA DELL’AEROSPAZIO", "july_2020": "procedure in progress", "october_2021": "procedure in progress", "july_2022": "procedure in progress", "december_2022": "procedure in progress", "april_2024": "procedure in progress", "february_2025": "under construction", "december_2025": "under construction" }, "geometry": { "type": "Polygon", "coordinates": [ [ [ 7.6082665, 45.0745917 ], [ 7.6082856, 45.0745926 ], [ 7.6082855, 45.0746006 ], [ 7.6082843, 45.0747252 ], [ 7.6082957, 45.0747688 ], [ 7.6082492, 45.0747666 ], [ 7.6082665, 45.0745917 ] ] ] } },
{ "type": "Feature", "properties": { "osm_id": 914385200, "height": 9.0, "has_osm_height": false, "code": "N004", "name": "ALENIA / CITTADELLA DELL’AEROSPAZIO", "july_2020": "procedure in progress", "october_2021": "procedure in progress", "july_2022": "procedure in progress", "december_2022": "procedure in progress", "april_2024": "procedure in progress", "february_2025": "under construction", "december_2025": "under construction" }, "geometry": { "type": "Polygon", "coordinates": [ [ [ 7.6080229, 45.0749005 ], [ 7.6080286, 45.0748352 ], [ 7.6083176, 45.0748477 ], [ 7.6083119, 45.0749131 ], [ 7.6080229, 45.0749005 ] ] ] } },
{ "type": "Feature", "properties": { "osm_id": 991112370, "height": 9.0, "has_osm_height": false, "code": "N004", "name": "ALENIA / CITTADELLA DELL’AEROSPAZIO", "july_2020": "procedure in progress", "october_2021": "procedure in progress", "july_2022": "procedure in progress", "december_2022": "procedure in progress", "april_2024": "procedure in progress", "february_2025": "under construction", "december_2025": "under construction" }, "geometry": { "type": "Polygon", "coordinates": [ [ [ 7.6077551, 45.0761387 ], [ 7.607534, 45.0761285 ], [ 7.6074965, 45.0761267 ], [ 7.60748, 45.076348 ], [ 7.6073743, 45.0763443 ], [ 7.607228, 45.0761142 ], [ 7.6071604, 45.0760117 ], [ 7.6071883, 45.0757197 ], [ 7.6072222, 45.0753642 ], [ 7.6078185, 45.0753838 ], [ 7.6078217, 45.075404 ], [ 7.6077551, 45.0761387 ] ] ] } },
{ "type": "Feature", "properties": { "osm_id": 996080976, "height": 9.0, "has_osm_height": false, "code": "N062", "name": "GONDRAND", "july_2020": "procedure in progress", "october_2021": "procedure in progress", "july_2022": "procedure in progress", "december_2022": "procedure in progress", "april_2024": "under construction", "february_2025": "under construction", "december_2025": "procedure in progress" }, "geometry": { "type": "Polygon", "coordinates": [ [ [ 7.689521, 45.0988368 ], [ 7.6896676, 45.0988162 ], [ 7.689596, 45.0985833 ], [ 7.689594, 45.0985768 ], [ 7.6895766, 45.0985488 ], [ 7.6895247, 45.0984799 ], [ 7.6894514, 45.0983635 ], [ 7.6892608, 45.0984359 ], [ 7.6892901, 45.0985782 ], [ 7.6894367, 45.0985601 ], [ 7.6895108, 45.0988034 ], [ 7.689521, 45.0988368 ] ] ] } },
{ "type": "Feature", "properties": { "osm_id": 1000254937, "height": 9.0, "has_osm_height": false, "code": "N062", "name": "GONDRAND", "july_2020": "procedure in progress", "october_2021": "procedure in progress", "july_2022": "procedure in progress", "december_2022": "procedure in progress", "april_2024": "under construction", "february_2025": "under construction", "december_2025": "procedure in progress" }, "geometry": { "type": "Polygon", "coordinates": [ [ [ 7.6885027, 45.0989419 ], [ 7.6884966, 45.0986295 ], [ 7.6871831, 45.0985199 ], [ 7.6871598, 45.0987158 ], [ 7.6871442, 45.0988275 ], [ 7.6885027, 45.0989419 ] ] ] } },
{ "type": "Feature", "properties": { "osm_id": 1058297779, "height": 9.0, "has_osm_height": false, "code": "N006", "name": "FSSU REBAUDENGO", "july_2020": "procedure in progress", "october_2021": "procedure in progress", "july_2022": "procedure in progress", "december_2022": "procedure in progress", "april_2024": "under construction", "february_2025": "under construction", "december_2025": "under construction" }, "geometry": { "type": "Polygon", "coordinates": [ [ [ 7.6860756, 45.0963447 ], [ 7.6861922, 45.0963838 ], [ 7.6855694, 45.0973081 ], [ 7.6854526, 45.0972688 ], [ 7.6860756, 45.0963447 ] ] ] } },
{ "type": "Feature", "properties": { "osm_id": 1058297780, "height": 9.0, "has_osm_height": false, "code": "N006", "name": "FSSU REBAUDENGO", "july_2020": "procedure in progress", "october_2021": "procedure in progress", "july_2022": "procedure in progress", "december_2022": "procedure in progress", "april_2024": "under construction", "february_2025": "under construction", "december_2025": "under construction" }, "geometry": { "type": "Polygon", "coordinates": [ [ [ 7.6853694, 45.0968663 ], [ 7.6854874, 45.0969063 ], [ 7.6859062, 45.0962902 ], [ 7.6857884, 45.0962503 ], [ 7.6853694, 45.0968663 ] ] ] } },
{ "type": "Feature", "properties": { "osm_id": 1071279383, "height": 9.0, "has_osm_height": false, "code": "N006", "name": "FSSU REBAUDENGO", "july_2020": "procedure in progress", "october_2021": "procedure in progress", "july_2022": "procedure in progress", "december_2022": "procedure in progress", "april_2024": "under construction", "february_2025": "under construction", "december_2025": "under construction" }, "geometry": { "type": "Polygon", "coordinates": [ [ [ 7.6820623, 45.0945513 ], [ 7.6819726, 45.0944694 ], [ 7.682032, 45.094437 ], [ 7.6821217, 45.0945189 ], [ 7.6820623, 45.0945513 ] ] ] } },
{ "type": "Feature", "properties": { "osm_id": 1123444990, "height": 9.0, "has_osm_height": false, "code": "N010", "name": "FSSU SAN PAOLO", "july_2020": "procedure in progress", "october_2021": "procedure in progress", "july_2022": "procedure in progress", "december_2022": "on hold", "april_2024": "on hold", "february_2025": "on hold", "december_2025": "on hold" }, "geometry": { "type": "Polygon", "coordinates": [ [ [ 7.6360209, 45.0573641 ], [ 7.6361586, 45.0572132 ], [ 7.6358106, 45.0570547 ], [ 7.6357106, 45.0570092 ], [ 7.635674, 45.0570493 ], [ 7.6356554, 45.0570409 ], [ 7.6355823, 45.057121 ], [ 7.6356335, 45.0571443 ], [ 7.6355733, 45.0572102 ], [ 7.6356872, 45.0572621 ], [ 7.6357483, 45.0571953 ], [ 7.6357877, 45.0572132 ], [ 7.6357962, 45.0572039 ], [ 7.6358339, 45.0572211 ], [ 7.635854, 45.0572881 ], [ 7.6360209, 45.0573641 ] ] ] } },
{ "type": "Feature", "properties": { "osm_id": 1123444992, "height": 9.0, "has_osm_height": false, "code": "N010", "name": "FSSU SAN PAOLO", "july_2020": "procedure in progress", "october_2021": "procedure in progress", "july_2022": "procedure in progress", "december_2022": "on hold", "april_2024": "on hold", "february_2025": "on hold", "december_2025": "on hold" }, "geometry": { "type": "Polygon", "coordinates": [ [ [ 7.6354299, 45.0572016 ], [ 7.635532, 45.0571789 ], [ 7.6355062, 45.057111 ], [ 7.6355568, 45.0571034 ], [ 7.6355823, 45.057121 ], [ 7.6356554, 45.0570409 ], [ 7.6355722, 45.0570037 ], [ 7.635363, 45.057048 ], [ 7.6354299, 45.0572016 ] ] ] } },
{ "type": "Feature", "properties": { "osm_id": 1123444993, "height": 9.0, "has_osm_height": false, "code": "N010", "name": "FSSU SAN PAOLO", "july_2020": "procedure in progress", "october_2021": "procedure in progress", "july_2022": "procedure in progress", "december_2022": "on hold", "april_2024": "on hold", "february_2025": "on hold", "december_2025": "on hold" }, "geometry": { "type": "Polygon", "coordinates": [ [ [ 7.6355373, 45.0569411 ], [ 7.6355598, 45.0569893 ], [ 7.6353431, 45.0570403 ], [ 7.635318, 45.0569902 ], [ 7.6355373, 45.0569411 ] ] ] } },
{ "type": "Feature", "properties": { "osm_id": 1123444994, "height": 9.0, "has_osm_height": false, "code": "N010", "name": "FSSU SAN PAOLO", "july_2020": "procedure in progress", "october_2021": "procedure in progress", "july_2022": "procedure in progress", "december_2022": "on hold", "april_2024": "on hold", "february_2025": "on hold", "december_2025": "on hold" }, "geometry": { "type": "Polygon", "coordinates": [ [ [ 7.6352558, 45.0565432 ], [ 7.6353074, 45.0565652 ], [ 7.6352992, 45.0565748 ], [ 7.635517, 45.0566675 ], [ 7.6355505, 45.0566282 ], [ 7.6355812, 45.0566144 ], [ 7.6355927, 45.0566009 ], [ 7.6356191, 45.0566121 ], [ 7.6356491, 45.0565769 ], [ 7.635619, 45.056564 ], [ 7.635637, 45.056543 ], [ 7.6353574, 45.056424 ], [ 7.6352558, 45.0565432 ] ] ] } },
{ "type": "Feature", "properties": { "osm_id": 1123444995, "height": 9.0, "has_osm_height": false, "code": "N010", "name": "FSSU SAN PAOLO", "july_2020": "procedure in progress", "october_2021": "procedure in progress", "july_2022": "procedure in progress", "december_2022": "on hold", "april_2024": "on hold", "february_2025": "on hold", "december_2025": "on hold" }, "geometry": { "type": "Polygon", "coordinates": [ [ [ 7.6358166, 45.0559318 ], [ 7.636072, 45.0558771 ], [ 7.636034, 45.0557932 ], [ 7.635775, 45.0558459 ], [ 7.6358166, 45.0559318 ] ] ] } },
{ "type": "Feature", "properties": { "osm_id": 1150536775, "height": 10.0, "has_osm_height": true, "code": "N004", "name": "ALENIA / CITTADELLA DELL’AEROSPAZIO", "july_2020": "procedure in progress", "october_2021": "procedure in progress", "july_2022": "procedure in progress", "december_2022": "procedure in progress", "april_2024": "procedure in progress", "february_2025": "under construction", "december_2025": "under construction" }, "geometry": { "type": "Polygon", "coordinates": [ [ [ 7.6079333, 45.0756964 ], [ 7.6081305, 45.075706 ], [ 7.6082032, 45.0749611 ], [ 7.6080057, 45.0749515 ], [ 7.6079333, 45.0756964 ] ] ] } },
{ "type": "Feature", "properties": { "osm_id": 1172125929, "height": 9.0, "has_osm_height": false, "code": "N006", "name": "FSSU REBAUDENGO", "july_2020": "procedure in progress", "october_2021": "procedure in progress", "july_2022": "procedure in progress", "december_2022": "procedure in progress", "april_2024": "under construction", "february_2025": "under construction", "december_2025": "under construction" }, "geometry": { "type": "Polygon", "coordinates": [ [ [ 7.6869757, 45.0989255 ], [ 7.6870564, 45.0988841 ], [ 7.6871093, 45.0989354 ], [ 7.6870285, 45.0989768 ], [ 7.6869757, 45.0989255 ] ] ] } },
{ "type": "Feature", "properties": { "osm_id": 1172125930, "height": 9.0, "has_osm_height": false, "code": "N006", "name": "FSSU REBAUDENGO", "july_2020": "procedure in progress", "october_2021": "procedure in progress", "july_2022": "procedure in progress", "december_2022": "procedure in progress", "april_2024": "under construction", "february_2025": "under construction", "december_2025": "under construction" }, "geometry": { "type": "Polygon", "coordinates": [ [ [ 7.6865508, 45.098535 ], [ 7.6866059, 45.0985061 ], [ 7.6867622, 45.0986543 ], [ 7.6867071, 45.0986832 ], [ 7.6865508, 45.098535 ] ] ] } },
{ "type": "Feature", "properties": { "osm_id": 1172125931, "height": 9.0, "has_osm_height": false, "code": "N006", "name": "FSSU REBAUDENGO", "july_2020": "procedure in progress", "october_2021": "procedure in progress", "july_2022": "procedure in progress", "december_2022": "procedure in progress", "april_2024": "under construction", "february_2025": "under construction", "december_2025": "under construction" }, "geometry": { "type": "Polygon", "coordinates": [ [ [ 7.6880878, 45.1000461 ], [ 7.6881478, 45.1000183 ], [ 7.6882924, 45.1001739 ], [ 7.6882325, 45.1002017 ], [ 7.6880878, 45.1000461 ] ] ] } },
{ "type": "Feature", "properties": { "osm_id": 1172129482, "height": 9.0, "has_osm_height": false, "code": "N062", "name": "GONDRAND", "july_2020": "procedure in progress", "october_2021": "procedure in progress", "july_2022": "procedure in progress", "december_2022": "procedure in progress", "april_2024": "under construction", "february_2025": "under construction", "december_2025": "procedure in progress" }, "geometry": { "type": "Polygon", "coordinates": [ [ [ 7.6871442, 45.0988275 ], [ 7.6871598, 45.0987158 ], [ 7.6870892, 45.0987101 ], [ 7.6870369, 45.0987224 ], [ 7.6868941, 45.0986088 ], [ 7.6869135, 45.0985567 ], [ 7.686878, 45.0985326 ], [ 7.6868612, 45.0985255 ], [ 7.6868659, 45.0984928 ], [ 7.6867224, 45.0984805 ], [ 7.68671, 45.0985442 ], [ 7.6870269, 45.0988189 ], [ 7.6871442, 45.0988275 ] ] ] } },
{ "type": "Feature", "properties": { "osm_id": 1215855054, "height": 9.0, "has_osm_height": false, "code": "N012", "name": "FSSU LINGOTTO", "july_2020": "procedure in progress", "october_2021": "procedure in progress", "july_2022": "procedure in progress", "december_2022": "procedure in progress", "april_2024": "procedure in progress", "february_2025": "procedure in progress", "december_2025": "procedure in progress" }, "geometry": { "type": "Polygon", "coordinates": [ [ [ 7.6569691, 45.0217891 ], [ 7.6569262, 45.0219531 ], [ 7.6570296, 45.0219666 ], [ 7.6570725, 45.0218027 ], [ 7.6569691, 45.0217891 ] ] ] } },
{ "type": "Feature", "properties": { "osm_id": 1244991990, "height": 6.4, "has_osm_height": true, "code": "N006", "name": "FSSU REBAUDENGO", "july_2020": "procedure in progress", "october_2021": "procedure in progress", "july_2022": "procedure in progress", "december_2022": "procedure in progress", "april_2024": "under construction", "february_2025": "under construction", "december_2025": "under construction" }, "geometry": { "type": "Polygon", "coordinates": [ [ [ 7.6846607, 45.0984236 ], [ 7.6848585, 45.0984013 ], [ 7.6848424, 45.0982499 ], [ 7.6848317, 45.0981438 ], [ 7.6846233, 45.0981588 ], [ 7.6846607, 45.0984236 ] ] ] } },
{ "type": "Feature", "properties": { "osm_id": 88200304, "height": 9.6, "has_osm_height": true, "code": "N024", "name": "POSTE NIZZA", "july_2020": "on hold", "october_2021": "on hold", "july_2022": "on hold", "december_2022": "on hold", "april_2024": "on hold", "february_2025": "on hold", "december_2025": "on hold" }, "geometry": { "type": "Polygon", "coordinates": [ [ [ 7.6782617, 45.0599949 ], [ 7.6770522, 45.0582946 ], [ 7.6768697, 45.0583586 ], [ 7.6780441, 45.0600681 ], [ 7.6782617, 45.0599949 ] ] ] } },
{ "type": "Feature", "properties": { "osm_id": 124067535, "height": 9.0, "has_osm_height": false, "code": "N023", "name": "ITALGAS", "july_2020": "on hold", "october_2021": "on hold", "july_2022": "on hold", "december_2022": "on hold", "april_2024": "procedure in progress", "february_2025": "procedure in progress", "december_2025": "under construction" }, "geometry": { "type": "Polygon", "coordinates": [ [ [ 7.7005464, 45.0724987 ], [ 7.7006213, 45.0724485 ], [ 7.7005786, 45.0724167 ], [ 7.7009186, 45.0721887 ], [ 7.7009602, 45.0722196 ], [ 7.7011173, 45.0721142 ], [ 7.7010826, 45.0720885 ], [ 7.7011762, 45.0720257 ], [ 7.7005919, 45.0715912 ], [ 7.7003866, 45.0717234 ], [ 7.7003193, 45.0716712 ], [ 7.7000384, 45.0718714 ], [ 7.7001004, 45.0719171 ], [ 7.6999263, 45.0720376 ], [ 7.7005464, 45.0724987 ] ] ] } },
{ "type": "Feature", "properties": { "osm_id": 124067536, "height": 9.0, "has_osm_height": false, "code": "N023", "name": "ITALGAS", "july_2020": "on hold", "october_2021": "on hold", "july_2022": "on hold", "december_2022": "on hold", "april_2024": "procedure in progress", "february_2025": "procedure in progress", "december_2025": "under construction" }, "geometry": { "type": "Polygon", "coordinates": [ [ [ 7.6986679, 45.0721587 ], [ 7.6989886, 45.072054 ], [ 7.6988909, 45.0719047 ], [ 7.6985702, 45.0720094 ], [ 7.6986679, 45.0721587 ] ] ] } },
{ "type": "Feature", "properties": { "osm_id": 124067538, "height": 9.0, "has_osm_height": false, "code": "N023", "name": "ITALGAS", "july_2020": "on hold", "october_2021": "on hold", "july_2022": "on hold", "december_2022": "on hold", "april_2024": "procedure in progress", "february_2025": "procedure in progress", "december_2025": "under construction" }, "geometry": { "type": "Polygon", "coordinates": [ [ [ 7.6990929, 45.0718377 ], [ 7.6989794, 45.0718744 ], [ 7.6990304, 45.0719531 ], [ 7.6991439, 45.0719165 ], [ 7.6990929, 45.0718377 ] ] ] } },
{ "type": "Feature", "properties": { "osm_id": 124067540, "height": 9.0, "has_osm_height": false, "code": "N023", "name": "ITALGAS", "july_2020": "on hold", "october_2021": "on hold", "july_2022": "on hold", "december_2022": "on hold", "april_2024": "procedure in progress", "february_2025": "procedure in progress", "december_2025": "under construction" }, "geometry": { "type": "Polygon", "coordinates": [ [ [ 7.7009847, 45.0712002 ], [ 7.701056, 45.0713072 ], [ 7.7006492, 45.0714423 ], [ 7.7005779, 45.0713353 ], [ 7.7009847, 45.0712002 ] ] ] } },
{ "type": "Feature", "properties": { "osm_id": 124067543, "height": 9.0, "has_osm_height": false, "code": "N023", "name": "ITALGAS", "july_2020": "on hold", "october_2021": "on hold", "july_2022": "on hold", "december_2022": "on hold", "april_2024": "procedure in progress", "february_2025": "procedure in progress", "december_2025": "under construction" }, "geometry": { "type": "Polygon", "coordinates": [ [ [ 7.6998471, 45.0726432 ], [ 7.7005255, 45.07263 ], [ 7.7005298, 45.0727424 ], [ 7.700406, 45.0727448 ], [ 7.7004083, 45.0728043 ], [ 7.7002811, 45.0728068 ], [ 7.7002787, 45.0727465 ], [ 7.6998514, 45.0727548 ], [ 7.6998471, 45.0726432 ] ] ] } },
{ "type": "Feature", "properties": { "osm_id": 247791762, "height": 9.0, "has_osm_height": false, "code": "N016", "name": "NOVAGEST", "july_2020": "on hold", "october_2021": "on hold", "july_2022": "on hold", "december_2022": "on hold", "april_2024": "procedure in progress", "february_2025": "procedure in progress", "december_2025": "procedure in progress" }, "geometry": { "type": "Polygon", "coordinates": [ [ [ 7.6284282, 45.0984797 ], [ 7.6284296, 45.0985658 ], [ 7.6284175, 45.098598 ], [ 7.6283907, 45.0986141 ], [ 7.6282338, 45.0986368 ], [ 7.6284229, 45.0992872 ], [ 7.6291323, 45.099185 ], [ 7.6289915, 45.0987088 ], [ 7.6287233, 45.0987476 ], [ 7.6286736, 45.0985857 ], [ 7.6294662, 45.0985649 ], [ 7.6294609, 45.0984854 ], [ 7.6294247, 45.0984835 ], [ 7.6294233, 45.0984267 ], [ 7.6285677, 45.0984447 ], [ 7.628565, 45.0984787 ], [ 7.6284282, 45.0984797 ] ] ] } },
{ "type": "Feature", "properties": { "osm_id": 253573851, "height": 6.4, "has_osm_height": true, "code": "N018", "name": "CENTRALE LATTE", "july_2020": "on hold", "october_2021": "on hold", "july_2022": "removed", "december_2022": "", "april_2024": "", "february_2025": "", "december_2025": "" }, "geometry": { "type": "Polygon", "coordinates": [ [ [ 7.6370016, 45.0451442 ], [ 7.6369372, 45.0450419 ], [ 7.6376427, 45.0447936 ], [ 7.6377043, 45.0448865 ], [ 7.6375139, 45.0449509 ], [ 7.6378036, 45.0453925 ], [ 7.6373235, 45.0455668 ], [ 7.6372631, 45.0454711 ], [ 7.6376507, 45.0453413 ], [ 7.6374039, 45.0449945 ], [ 7.6370016, 45.0451442 ] ] ] } },
{ "type": "Feature", "properties": { "osm_id": 253573852, "height": 6.4, "has_osm_height": true, "code": "N018", "name": "CENTRALE LATTE", "july_2020": "on hold", "october_2021": "on hold", "july_2022": "removed", "december_2022": "", "april_2024": "", "february_2025": "", "december_2025": "" }, "geometry": { "type": "Polygon", "coordinates": [ [ [ 7.6366583, 45.0452598 ], [ 7.6365939, 45.0451631 ], [ 7.6360906, 45.0453456 ], [ 7.6361752, 45.0454655 ], [ 7.6362264, 45.0454512 ], [ 7.6362506, 45.0454815 ], [ 7.6361988, 45.0454989 ], [ 7.6362266, 45.0455383 ], [ 7.6363901, 45.0454853 ], [ 7.6363176, 45.0453773 ], [ 7.6366583, 45.0452598 ] ] ] } },
{ "type": "Feature", "properties": { "osm_id": 253573855, "height": 3.2, "has_osm_height": true, "code": "N018", "name": "CENTRALE LATTE", "july_2020": "on hold", "october_2021": "on hold", "july_2022": "removed", "december_2022": "", "april_2024": "", "february_2025": "", "december_2025": "" }, "geometry": { "type": "Polygon", "coordinates": [ [ [ 7.6382082, 45.0460154 ], [ 7.6381643, 45.0459477 ], [ 7.6381375, 45.0459193 ], [ 7.6370271, 45.0463087 ], [ 7.6369869, 45.0462576 ], [ 7.6367791, 45.0463314 ], [ 7.6368767, 45.0464711 ], [ 7.6382082, 45.0460154 ] ] ] } },
{ "type": "Feature", "properties": { "osm_id": 253573857, "height": 18.0, "has_osm_height": true, "code": "N018", "name": "CENTRALE LATTE", "july_2020": "on hold", "october_2021": "on hold", "july_2022": "removed", "december_2022": "", "april_2024": "", "february_2025": "", "december_2025": "" }, "geometry": { "type": "Polygon", "coordinates": [ [ [ 7.6371652, 45.0453394 ], [ 7.6372631, 45.0454711 ], [ 7.6373235, 45.0455668 ], [ 7.6375622, 45.0459089 ], [ 7.6372363, 45.0460264 ], [ 7.6368407, 45.045455 ], [ 7.6371652, 45.0453394 ] ] ] } },
{ "type": "Feature", "properties": { "osm_id": 256087634, "height": 9.6, "has_osm_height": true, "code": "N015", "name": "BORSA VALORI", "july_2020": "on hold", "october_2021": "on hold", "july_2022": "on hold", "december_2022": "on hold", "april_2024": "procedure in progress", "february_2025": "procedure in progress", "december_2025": "procedure in progress" }, "geometry": { "type": "Polygon", "coordinates": [ [ [ 7.685663, 45.0647622 ], [ 7.6855415, 45.0645915 ], [ 7.6854393, 45.0644345 ], [ 7.6859795, 45.0642462 ], [ 7.6862048, 45.0645798 ], [ 7.685663, 45.0647622 ] ] ] } },
{ "type": "Feature", "properties": { "osm_id": 259895244, "height": 9.0, "has_osm_height": false, "code": "N023", "name": "ITALGAS", "july_2020": "on hold", "october_2021": "on hold", "july_2022": "on hold", "december_2022": "on hold", "april_2024": "procedure in progress", "february_2025": "procedure in progress", "december_2025": "under construction" }, "geometry": { "type": "Polygon", "coordinates": [ [ [ 7.7022027, 45.0718578 ], [ 7.7025419, 45.0714924 ], [ 7.7024882, 45.071389 ], [ 7.7019293, 45.0711701 ], [ 7.7019, 45.0712149 ], [ 7.7019806, 45.0712511 ], [ 7.7019652, 45.0712703 ], [ 7.7018976, 45.0713545 ], [ 7.7017389, 45.0710994 ], [ 7.7016023, 45.0711459 ], [ 7.701922, 45.071632 ], [ 7.7019122, 45.0716493 ], [ 7.7021392, 45.0717492 ], [ 7.7020963, 45.0717969 ], [ 7.702088, 45.0718061 ], [ 7.7022027, 45.0718578 ] ] ] } },
{ "type": "Feature", "properties": { "osm_id": 259895245, "height": 9.0, "has_osm_height": false, "code": "N023", "name": "ITALGAS", "july_2020": "on hold", "october_2021": "on hold", "july_2022": "on hold", "december_2022": "on hold", "april_2024": "procedure in progress", "february_2025": "procedure in progress", "december_2025": "under construction" }, "geometry": { "type": "Polygon", "coordinates": [ [ [ 7.6994143, 45.072858 ], [ 7.6994092, 45.0726379 ], [ 7.6995958, 45.0726358 ], [ 7.6997048, 45.0726345 ], [ 7.6997098, 45.0728546 ], [ 7.6994143, 45.072858 ] ] ] } },
{ "type": "Feature", "properties": { "osm_id": 436247599, "height": 3.2, "has_osm_height": true, "code": "N017", "name": "OSI GHIA", "july_2020": "on hold", "october_2021": "on hold", "july_2022": "on hold", "december_2022": "on hold", "april_2024": "on hold", "february_2025": "on hold", "december_2025": "on hold" }, "geometry": { "type": "Polygon", "coordinates": [ [ [ 7.6693959, 45.0504565 ], [ 7.6695291, 45.0503163 ], [ 7.6697076, 45.050407 ], [ 7.6710132, 45.051107 ], [ 7.6707976, 45.0513154 ], [ 7.6695698, 45.0506706 ], [ 7.6696521, 45.0505966 ], [ 7.6693959, 45.0504565 ] ] ] } },
{ "type": "Feature", "properties": { "osm_id": 436247638, "height": 9.0, "has_osm_height": false, "code": "N017", "name": "OSI GHIA", "july_2020": "on hold", "october_2021": "on hold", "july_2022": "on hold", "december_2022": "on hold", "april_2024": "on hold", "february_2025": "on hold", "december_2025": "on hold" }, "geometry": { "type": "Polygon", "coordinates": [ [ [ 7.6695291, 45.0503163 ], [ 7.6700778, 45.0501677 ], [ 7.6701326, 45.0502652 ], [ 7.6697409, 45.0503696 ], [ 7.6697076, 45.050407 ], [ 7.6695291, 45.0503163 ] ] ] } },
{ "type": "Feature", "properties": { "osm_id": 436247639, "height": 9.0, "has_osm_height": false, "code": "N017", "name": "OSI GHIA", "july_2020": "on hold", "october_2021": "on hold", "july_2022": "on hold", "december_2022": "on hold", "april_2024": "on hold", "february_2025": "on hold", "december_2025": "on hold" }, "geometry": { "type": "Polygon", "coordinates": [ [ [ 7.6685092, 45.0487589 ], [ 7.6694136, 45.0483532 ], [ 7.6703938, 45.0499274 ], [ 7.6696916, 45.0501189 ], [ 7.669653, 45.0501086 ], [ 7.6685092, 45.0487589 ] ] ] } },
{ "type": "Feature", "properties": { "osm_id": 467737049, "height": 9.0, "has_osm_height": false, "code": "N020", "name": "ABBADIA (DI STURA)", "july_2020": "on hold", "october_2021": "on hold", "july_2022": "on hold", "december_2022": "on hold", "april_2024": "on hold", "february_2025": "on hold", "december_2025": "on hold" }, "geometry": { "type": "Polygon", "coordinates": [ [ [ 7.7331025, 45.1140322 ], [ 7.7331837, 45.1139723 ], [ 7.7331995, 45.1139607 ], [ 7.7333149, 45.1140422 ], [ 7.7333918, 45.1140965 ], [ 7.7334062, 45.1141187 ], [ 7.7334022, 45.1141469 ], [ 7.7333733, 45.1141699 ], [ 7.7333332, 45.1141759 ], [ 7.7332935, 45.1141669 ], [ 7.7332836, 45.11416 ], [ 7.7332217, 45.1141163 ], [ 7.7331025, 45.1140322 ] ] ] } },
{ "type": "Feature", "properties": { "osm_id": 467737050, "height": 9.0, "has_osm_height": false, "code": "N020", "name": "ABBADIA (DI STURA)", "july_2020": "on hold", "october_2021": "on hold", "july_2022": "on hold", "december_2022": "on hold", "april_2024": "on hold", "february_2025": "on hold", "december_2025": "on hold" }, "geometry": { "type": "Polygon", "coordinates": [ [ [ 7.7331587, 45.1141638 ], [ 7.7332217, 45.1141163 ], [ 7.7332836, 45.11416 ], [ 7.7332206, 45.1142065 ], [ 7.7331587, 45.1141638 ] ] ] } },
{ "type": "Feature", "properties": { "osm_id": 467737051, "height": 9.0, "has_osm_height": false, "code": "N020", "name": "ABBADIA (DI STURA)", "july_2020": "on hold", "october_2021": "on hold", "july_2022": "on hold", "december_2022": "on hold", "april_2024": "on hold", "february_2025": "on hold", "december_2025": "on hold" }, "geometry": { "type": "Polygon", "coordinates": [ [ [ 7.7331075, 45.1135075 ], [ 7.7330938, 45.1134982 ], [ 7.7330277, 45.1135533 ], [ 7.7330878, 45.1135947 ], [ 7.733335, 45.1137651 ], [ 7.7333446, 45.1137905 ], [ 7.7334887, 45.1138942 ], [ 7.7335775, 45.1138328 ], [ 7.7332698, 45.1136157 ], [ 7.7331075, 45.1135075 ] ] ] } },
{ "type": "Feature", "properties": { "osm_id": 467737052, "height": 9.0, "has_osm_height": false, "code": "N020", "name": "ABBADIA (DI STURA)", "july_2020": "on hold", "october_2021": "on hold", "july_2022": "on hold", "december_2022": "on hold", "april_2024": "on hold", "february_2025": "on hold", "december_2025": "on hold" }, "geometry": { "type": "Polygon", "coordinates": [ [ [ 7.7334887, 45.1138942 ], [ 7.7333593, 45.1139836 ], [ 7.7333775, 45.1139985 ], [ 7.7333681, 45.1140052 ], [ 7.7334409, 45.1140546 ], [ 7.7336639, 45.1138982 ], [ 7.7335775, 45.1138328 ], [ 7.7334887, 45.1138942 ] ] ] } },
{ "type": "Feature", "properties": { "osm_id": 467737053, "height": 9.0, "has_osm_height": false, "code": "N020", "name": "ABBADIA (DI STURA)", "july_2020": "on hold", "october_2021": "on hold", "july_2022": "on hold", "december_2022": "on hold", "april_2024": "on hold", "february_2025": "on hold", "december_2025": "on hold" }, "geometry": { "type": "Polygon", "coordinates": [ [ [ 7.7333681, 45.1140052 ], [ 7.7333149, 45.1140422 ], [ 7.7331995, 45.1139607 ], [ 7.7331837, 45.1139723 ], [ 7.7328325, 45.1137265 ], [ 7.7330277, 45.1135533 ], [ 7.7330878, 45.1135947 ], [ 7.7329651, 45.1137064 ], [ 7.7333593, 45.1139836 ], [ 7.7333775, 45.1139985 ], [ 7.7333681, 45.1140052 ] ] ] } },
{ "type": "Feature", "properties": { "osm_id": 467737054, "height": 9.0, "has_osm_height": false, "code": "N020", "name": "ABBADIA (DI STURA)", "july_2020": "on hold", "october_2021": "on hold", "july_2022": "on hold", "december_2022": "on hold", "april_2024": "on hold", "february_2025": "on hold", "december_2025": "on hold" }, "geometry": { "type": "Polygon", "coordinates": [ [ [ 7.7327991, 45.1144489 ], [ 7.7331508, 45.1141953 ], [ 7.7330596, 45.1141322 ], [ 7.7327078, 45.1143859 ], [ 7.7327163, 45.1143917 ], [ 7.7327991, 45.1144489 ] ] ] } },
{ "type": "Feature", "properties": { "osm_id": 467737055, "height": 9.0, "has_osm_height": false, "code": "N020", "name": "ABBADIA (DI STURA)", "july_2020": "on hold", "october_2021": "on hold", "july_2022": "on hold", "december_2022": "on hold", "april_2024": "on hold", "february_2025": "on hold", "december_2025": "on hold" }, "geometry": { "type": "Polygon", "coordinates": [ [ [ 7.7330066, 45.1140779 ], [ 7.7331019, 45.1140141 ], [ 7.7328156, 45.1138012 ], [ 7.7327204, 45.113865 ], [ 7.7330066, 45.1140779 ] ] ] } },
{ "type": "Feature", "properties": { "osm_id": 467737056, "height": 9.0, "has_osm_height": false, "code": "N020", "name": "ABBADIA (DI STURA)", "july_2020": "on hold", "october_2021": "on hold", "july_2022": "on hold", "december_2022": "on hold", "april_2024": "on hold", "february_2025": "on hold", "december_2025": "on hold" }, "geometry": { "type": "Polygon", "coordinates": [ [ [ 7.732739, 45.1145578 ], [ 7.7319096, 45.1139919 ], [ 7.7320116, 45.1139225 ], [ 7.7326994, 45.1144053 ], [ 7.7327163, 45.1143917 ], [ 7.7327991, 45.1144489 ], [ 7.7328459, 45.1144815 ], [ 7.732739, 45.1145578 ] ] ] } },
{ "type": "Feature", "properties": { "osm_id": 467737057, "height": 9.0, "has_osm_height": false, "code": "N020", "name": "ABBADIA (DI STURA)", "july_2020": "on hold", "october_2021": "on hold", "july_2022": "on hold", "december_2022": "on hold", "april_2024": "on hold", "february_2025": "on hold", "december_2025": "on hold" }, "geometry": { "type": "Polygon", "coordinates": [ [ [ 7.7319096, 45.1139919 ], [ 7.7318948, 45.1140055 ], [ 7.7314063, 45.1136675 ], [ 7.7314135, 45.1136608 ], [ 7.731063, 45.1134126 ], [ 7.7311854, 45.1133651 ], [ 7.7320116, 45.1139225 ], [ 7.7319096, 45.1139919 ] ] ] } },
{ "type": "Feature", "properties": { "osm_id": 467737058, "height": 9.0, "has_osm_height": false, "code": "N020", "name": "ABBADIA (DI STURA)", "july_2020": "on hold", "october_2021": "on hold", "july_2022": "on hold", "december_2022": "on hold", "april_2024": "on hold", "february_2025": "on hold", "december_2025": "on hold" }, "geometry": { "type": "Polygon", "coordinates": [ [ [ 7.7312674, 45.1133211 ], [ 7.7313303, 45.1134068 ], [ 7.7324175, 45.1130099 ], [ 7.7323546, 45.1129241 ], [ 7.7312674, 45.1133211 ] ] ] } },
{ "type": "Feature", "properties": { "osm_id": 467737059, "height": 9.0, "has_osm_height": false, "code": "N020", "name": "ABBADIA (DI STURA)", "july_2020": "on hold", "october_2021": "on hold", "july_2022": "on hold", "december_2022": "on hold", "april_2024": "on hold", "february_2025": "on hold", "december_2025": "on hold" }, "geometry": { "type": "Polygon", "coordinates": [ [ [ 7.7325193, 45.1129978 ], [ 7.7325759, 45.1130375 ], [ 7.7325565, 45.1130513 ], [ 7.733085, 45.113422 ], [ 7.7331957, 45.1133434 ], [ 7.7329773, 45.1131902 ], [ 7.7329608, 45.1132019 ], [ 7.7325941, 45.1129447 ], [ 7.7325193, 45.1129978 ] ] ] } },
{ "type": "Feature", "properties": { "osm_id": 467737060, "height": 9.0, "has_osm_height": false, "code": "N020", "name": "ABBADIA (DI STURA)", "july_2020": "on hold", "october_2021": "on hold", "july_2022": "on hold", "december_2022": "on hold", "april_2024": "on hold", "february_2025": "on hold", "december_2025": "on hold" }, "geometry": { "type": "Polygon", "coordinates": [ [ [ 7.7324505, 45.1135978 ], [ 7.7325377, 45.1136577 ], [ 7.7329046, 45.1133916 ], [ 7.7328174, 45.1133318 ], [ 7.7324505, 45.1135978 ] ] ] } },
{ "type": "Feature", "properties": { "osm_id": 467737061, "height": 9.0, "has_osm_height": false, "code": "N020", "name": "ABBADIA (DI STURA)", "july_2020": "on hold", "october_2021": "on hold", "july_2022": "on hold", "december_2022": "on hold", "april_2024": "on hold", "february_2025": "on hold", "december_2025": "on hold" }, "geometry": { "type": "Polygon", "coordinates": [ [ [ 7.7322307, 45.1137443 ], [ 7.7323185, 45.1138056 ], [ 7.732434, 45.1137232 ], [ 7.7323461, 45.1136619 ], [ 7.7322307, 45.1137443 ] ] ] } },
{ "type": "Feature", "properties": { "osm_id": 554111801, "height": 9.0, "has_osm_height": false, "code": "N017", "name": "OSI GHIA", "july_2020": "on hold", "october_2021": "on hold", "july_2022": "on hold", "december_2022": "on hold", "april_2024": "on hold", "february_2025": "on hold", "december_2025": "on hold" }, "geometry": { "type": "Polygon", "coordinates": [ [ [ 7.6701326, 45.0502652 ], [ 7.6701614, 45.0503163 ], [ 7.6703895, 45.0502522 ], [ 7.6703058, 45.0501036 ], [ 7.6700778, 45.0501677 ], [ 7.6701326, 45.0502652 ] ] ] } },
{ "type": "Feature", "properties": { "osm_id": 577440419, "height": 9.0, "has_osm_height": false, "code": "N023", "name": "ITALGAS", "july_2020": "on hold", "october_2021": "on hold", "july_2022": "on hold", "december_2022": "on hold", "april_2024": "procedure in progress", "february_2025": "procedure in progress", "december_2025": "under construction" }, "geometry": { "type": "Polygon", "coordinates": [ [ [ 7.6997493, 45.0716188 ], [ 7.6998007, 45.0716999 ], [ 7.6996483, 45.0717498 ], [ 7.6996649, 45.0717705 ], [ 7.6995425, 45.0718072 ], [ 7.6994464, 45.0717192 ], [ 7.6997493, 45.0716188 ] ] ] } },
{ "type": "Feature", "properties": { "osm_id": 1062840995, "height": 9.0, "has_osm_height": false, "code": "N019", "name": "PASTORE", "july_2020": "on hold", "october_2021": "on hold", "july_2022": "procedure in progress", "december_2022": "procedure in progress", "april_2024": "under construction", "february_2025": "under construction", "december_2025": "procedure in progress" }, "geometry": { "type": "Polygon", "coordinates": [ [ [ 7.6733157, 45.0792815 ], [ 7.6734652, 45.0793158 ], [ 7.6735935, 45.0790492 ], [ 7.6735747, 45.0790566 ], [ 7.6735563, 45.0790584 ], [ 7.6735313, 45.0790576 ], [ 7.6735057, 45.0790537 ], [ 7.673434, 45.0790365 ], [ 7.6734322, 45.0790402 ], [ 7.6733157, 45.0792815 ] ] ] } },
{ "type": "Feature", "properties": { "osm_id": 1062840996, "height": 9.0, "has_osm_height": false, "code": "N019", "name": "PASTORE", "july_2020": "on hold", "october_2021": "on hold", "july_2022": "procedure in progress", "december_2022": "procedure in progress", "april_2024": "under construction", "february_2025": "under construction", "december_2025": "procedure in progress" }, "geometry": { "type": "Polygon", "coordinates": [ [ [ 7.6735935, 45.0790492 ], [ 7.6735997, 45.0790426 ], [ 7.6736052, 45.0790315 ], [ 7.6736076, 45.079021 ], [ 7.6736038, 45.0790121 ], [ 7.6735918, 45.0790027 ], [ 7.673579, 45.0789964 ], [ 7.6735658, 45.0789931 ], [ 7.6735658, 45.0789852 ], [ 7.6735582, 45.0789813 ], [ 7.6730559, 45.0788661 ], [ 7.6730628, 45.0788511 ], [ 7.6729495, 45.078824 ], [ 7.6728992, 45.0789324 ], [ 7.6730564, 45.078967 ], [ 7.6730619, 45.0789538 ], [ 7.6734322, 45.0790402 ], [ 7.673434, 45.0790365 ], [ 7.6735057, 45.0790537 ], [ 7.6735313, 45.0790576 ], [ 7.6735563, 45.0790584 ], [ 7.6735747, 45.0790566 ], [ 7.6735935, 45.0790492 ] ] ] } },
{ "type": "Feature", "properties": { "osm_id": 1062841000, "height": 9.0, "has_osm_height": false, "code": "N019", "name": "PASTORE", "july_2020": "on hold", "october_2021": "on hold", "july_2022": "procedure in progress", "december_2022": "procedure in progress", "april_2024": "under construction", "february_2025": "under construction", "december_2025": "procedure in progress" }, "geometry": { "type": "Polygon", "coordinates": [ [ [ 7.6729867, 45.0787151 ], [ 7.6732229, 45.0787691 ], [ 7.6732506, 45.0787063 ], [ 7.6732531, 45.0787006 ], [ 7.6730174, 45.0786471 ], [ 7.6729867, 45.0787151 ] ] ] } },
{ "type": "Feature", "properties": { "osm_id": 1253014205, "height": 9.0, "has_osm_height": false, "code": "N024", "name": "POSTE NIZZA", "july_2020": "on hold", "october_2021": "on hold", "july_2022": "on hold", "december_2022": "on hold", "april_2024": "on hold", "february_2025": "on hold", "december_2025": "on hold" }, "geometry": { "type": "Polygon", "coordinates": [ [ [ 7.6784957, 45.0608481 ], [ 7.6785, 45.0608466 ], [ 7.6785217, 45.0608389 ], [ 7.6785708, 45.0608214 ], [ 7.678221, 45.0603167 ], [ 7.6782053, 45.0602905 ], [ 7.6780716, 45.0601061 ], [ 7.6780441, 45.0600681 ], [ 7.6768697, 45.0583586 ], [ 7.6770522, 45.0582946 ], [ 7.6770219, 45.0582502 ], [ 7.6767841, 45.0583308 ], [ 7.6774367, 45.0592658 ], [ 7.6773575, 45.0592925 ], [ 7.6784957, 45.0608481 ] ] ] } },
{ "type": "Feature", "properties": { "osm_id": 23028128, "height": 25.0, "has_osm_height": true, "code": "N036", "name": "PALAZZO LAVORO", "july_2020": "procedure in progress", "october_2021": "procedure in progress", "july_2022": "procedure in progress", "december_2022": "procedure in progress", "april_2024": "procedure in progress", "february_2025": "procedure in progress", "december_2025": "procedure in progress" }, "geometry": { "type": "Polygon", "coordinates": [ [ [ 7.6664585, 45.0185486 ], [ 7.6669226, 45.0199366 ], [ 7.668899, 45.0196168 ], [ 7.6684434, 45.0182227 ], [ 7.6664585, 45.0185486 ] ] ] } },
{ "type": "Feature", "properties": { "osm_id": 89418930, "height": 9.0, "has_osm_height": false, "code": "N026", "name": "TECUMSEH", "july_2020": "on hold", "october_2021": "on hold", "july_2022": "on hold", "december_2022": "on hold", "april_2024": "on hold", "february_2025": "on hold", "december_2025": "on hold" }, "geometry": { "type": "Polygon", "coordinates": [ [ [ 7.6374863, 45.0114233 ], [ 7.6382089, 45.0134211 ], [ 7.6389703, 45.0132834 ], [ 7.6389368, 45.0131909 ], [ 7.6391307, 45.0131559 ], [ 7.6390683, 45.0129835 ], [ 7.6392134, 45.0129573 ], [ 7.6392711, 45.0131169 ], [ 7.6394025, 45.0130931 ], [ 7.6391049, 45.0122702 ], [ 7.6390366, 45.0120813 ], [ 7.6389058, 45.0121049 ], [ 7.6389845, 45.0123222 ], [ 7.6388321, 45.0123498 ], [ 7.6386256, 45.0117788 ], [ 7.6387863, 45.0117498 ], [ 7.6387258, 45.0115824 ], [ 7.6385673, 45.0116111 ], [ 7.6384347, 45.0112442 ], [ 7.6384153, 45.0112477 ], [ 7.6383785, 45.0111458 ], [ 7.638395, 45.0111428 ], [ 7.6383154, 45.0109228 ], [ 7.6374425, 45.0110806 ], [ 7.6375226, 45.011302 ], [ 7.6381286, 45.0111925 ], [ 7.6381675, 45.0113001 ], [ 7.6374863, 45.0114233 ] ] ] } },
{ "type": "Feature", "properties": { "osm_id": 163916286, "height": 9.0, "has_osm_height": false, "code": "N031", "name": "MERCATO FIORI", "july_2020": "on hold", "october_2021": "procedure in progress", "july_2022": "procedure in progress", "december_2022": "under construction", "april_2024": "under construction", "february_2025": "under construction", "december_2025": "completed" }, "geometry": { "type": "Polygon", "coordinates": [ [ [ 7.6948245, 45.0802141 ], [ 7.6950741, 45.0799269 ], [ 7.6935068, 45.0792282 ], [ 7.6932444, 45.0795112 ], [ 7.6948245, 45.0802141 ] ] ] } },
{ "type": "Feature", "properties": { "osm_id": 186031232, "height": 9.0, "has_osm_height": false, "code": "N035", "name": "MOI", "july_2020": "on hold", "october_2021": "procedure in progress", "july_2022": "procedure in progress", "december_2022": "procedure in progress", "april_2024": "procedure in progress", "february_2025": "procedure in progress", "december_2025": "procedure in progress" }, "geometry": { "type": "Polygon", "coordinates": [ [ [ 7.6566237, 45.0322659 ], [ 7.6564268, 45.0323228 ], [ 7.6565039, 45.0324623 ], [ 7.6565271, 45.0324757 ], [ 7.6565536, 45.0324801 ], [ 7.6565802, 45.0324729 ], [ 7.6566168, 45.0325393 ], [ 7.6566967, 45.0326886 ], [ 7.6566786, 45.0326934 ], [ 7.656693, 45.03272 ], [ 7.6566787, 45.0327241 ], [ 7.6566707, 45.0327361 ], [ 7.6566689, 45.0327483 ], [ 7.6566744, 45.0327608 ], [ 7.6567439, 45.0328876 ], [ 7.6567785, 45.0328783 ], [ 7.6569329, 45.0328333 ], [ 7.6568491, 45.0326779 ], [ 7.6568347, 45.0326513 ], [ 7.6568039, 45.0326596 ], [ 7.6567844, 45.0326237 ], [ 7.656723, 45.0325109 ], [ 7.6566958, 45.032461 ], [ 7.6567281, 45.0324523 ], [ 7.656719, 45.0324354 ], [ 7.6566237, 45.0322659 ] ] ] } },
{ "type": "Feature", "properties": { "osm_id": 186031234, "height": 9.0, "has_osm_height": false, "code": "N035", "name": "MOI", "july_2020": "on hold", "october_2021": "procedure in progress", "july_2022": "procedure in progress", "december_2022": "procedure in progress", "april_2024": "procedure in progress", "february_2025": "procedure in progress", "december_2025": "procedure in progress" }, "geometry": { "type": "Polygon", "coordinates": [ [ [ 7.6580414, 45.032524 ], [ 7.6579018, 45.0325633 ], [ 7.6567716, 45.0328818 ], [ 7.6572443, 45.0337196 ], [ 7.6585141, 45.0333618 ], [ 7.6580414, 45.032524 ] ] ] } },
{ "type": "Feature", "properties": { "osm_id": 186031235, "height": 9.0, "has_osm_height": false, "code": "N035", "name": "MOI", "july_2020": "on hold", "october_2021": "procedure in progress", "july_2022": "procedure in progress", "december_2022": "procedure in progress", "april_2024": "procedure in progress", "february_2025": "procedure in progress", "december_2025": "procedure in progress" }, "geometry": { "type": "Polygon", "coordinates": [ [ [ 7.6564594, 45.0323128 ], [ 7.6566237, 45.0322659 ], [ 7.6577114, 45.0319553 ], [ 7.6572691, 45.03113 ], [ 7.6559726, 45.0314799 ], [ 7.6564594, 45.0323128 ] ] ] } },
{ "type": "Feature", "properties": { "osm_id": 186031236, "height": 9.0, "has_osm_height": false, "code": "N035", "name": "MOI", "july_2020": "on hold", "october_2021": "procedure in progress", "july_2022": "procedure in progress", "december_2022": "procedure in progress", "april_2024": "procedure in progress", "february_2025": "procedure in progress", "december_2025": "procedure in progress" }, "geometry": { "type": "Polygon", "coordinates": [ [ [ 7.6570438, 45.0326698 ], [ 7.6577337, 45.0324825 ], [ 7.6576869, 45.032402 ], [ 7.6576635, 45.0323605 ], [ 7.6575393, 45.0321402 ], [ 7.6568537, 45.0323333 ], [ 7.6570203, 45.0326287 ], [ 7.6570438, 45.0326698 ] ] ] } },
{ "type": "Feature", "properties": { "osm_id": 199749896, "height": 9.0, "has_osm_height": false, "code": "N030", "name": "OGM / OFFICINE GRANDI MOTORI", "july_2020": "procedure in progress", "october_2021": "procedure in progress", "july_2022": "procedure in progress", "december_2022": "procedure in progress", "april_2024": "under construction", "february_2025": "under construction", "december_2025": "under construction" }, "geometry": { "type": "Polygon", "coordinates": [ [ [ 7.6857281, 45.0855105 ], [ 7.6858179, 45.0857945 ], [ 7.6860671, 45.0858041 ], [ 7.6861879, 45.0860718 ], [ 7.6857277, 45.0861818 ], [ 7.6853977, 45.0855038 ], [ 7.6857281, 45.0855105 ] ] ] } },
{ "type": "Feature", "properties": { "osm_id": 199749897, "height": 9.0, "has_osm_height": false, "code": "N030", "name": "OGM / OFFICINE GRANDI MOTORI", "july_2020": "procedure in progress", "october_2021": "procedure in progress", "july_2022": "procedure in progress", "december_2022": "procedure in progress", "april_2024": "under construction", "february_2025": "under construction", "december_2025": "under construction" }, "geometry": { "type": "Polygon", "coordinates": [ [ [ 7.6867088, 45.0861614 ], [ 7.6865324, 45.085774 ], [ 7.686349, 45.0858174 ], [ 7.6865082, 45.0861761 ], [ 7.6866169, 45.0861679 ], [ 7.6867088, 45.0861614 ] ] ] } },
{ "type": "Feature", "properties": { "osm_id": 199749898, "height": 9.0, "has_osm_height": false, "code": "N030", "name": "OGM / OFFICINE GRANDI MOTORI", "july_2020": "procedure in progress", "october_2021": "procedure in progress", "july_2022": "procedure in progress", "december_2022": "procedure in progress", "april_2024": "under construction", "february_2025": "under construction", "december_2025": "under construction" }, "geometry": { "type": "Polygon", "coordinates": [ [ [ 7.6857089, 45.0869809 ], [ 7.685725, 45.0870377 ], [ 7.6870033, 45.0867744 ], [ 7.6867088, 45.0861614 ], [ 7.6866169, 45.0861679 ], [ 7.6868424, 45.0867403 ], [ 7.6860173, 45.0869203 ], [ 7.6857089, 45.0869809 ] ] ] } },
{ "type": "Feature", "properties": { "osm_id": 199749907, "height": 9.0, "has_osm_height": false, "code": "N030", "name": "OGM / OFFICINE GRANDI MOTORI", "july_2020": "procedure in progress", "october_2021": "procedure in progress", "july_2022": "procedure in progress", "december_2022": "procedure in progress", "april_2024": "under construction", "february_2025": "under construction", "december_2025": "under construction" }, "geometry": { "type": "Polygon", "coordinates": [ [ [ 7.6860781, 45.0857309 ], [ 7.6858715, 45.085723 ], [ 7.6858296, 45.0855928 ], [ 7.6861005, 45.0855966 ], [ 7.6861005, 45.0855152 ], [ 7.6857281, 45.0855105 ], [ 7.6858179, 45.0857945 ], [ 7.6860671, 45.0858041 ], [ 7.6860781, 45.0857309 ] ] ] } },
{ "type": "Feature", "properties": { "osm_id": 199749909, "height": 9.0, "has_osm_height": false, "code": "N030", "name": "OGM / OFFICINE GRANDI MOTORI", "july_2020": "procedure in progress", "october_2021": "procedure in progress", "july_2022": "procedure in progress", "december_2022": "procedure in progress", "april_2024": "under construction", "february_2025": "under construction", "december_2025": "under construction" }, "geometry": { "type": "Polygon", "coordinates": [ [ [ 7.686349, 45.0858174 ], [ 7.6860671, 45.0858041 ], [ 7.6860781, 45.0857309 ], [ 7.6863338, 45.0857408 ], [ 7.6862641, 45.0856023 ], [ 7.6861005, 45.0855966 ], [ 7.6861005, 45.0855152 ], [ 7.6864052, 45.0855207 ], [ 7.6865324, 45.085774 ], [ 7.686349, 45.0858174 ] ] ] } },
{ "type": "Feature", "properties": { "osm_id": 199749917, "height": 9.0, "has_osm_height": false, "code": "N030", "name": "OGM / OFFICINE GRANDI MOTORI", "july_2020": "procedure in progress", "october_2021": "procedure in progress", "july_2022": "procedure in progress", "december_2022": "procedure in progress", "april_2024": "under construction", "february_2025": "under construction", "december_2025": "under construction" }, "geometry": { "type": "Polygon", "coordinates": [ [ [ 7.6853414, 45.0862859 ], [ 7.6857089, 45.0869809 ], [ 7.6860173, 45.0869203 ], [ 7.6857132, 45.0861855 ], [ 7.6853414, 45.0862859 ] ] ] } },
{ "type": "Feature", "properties": { "osm_id": 218285374, "height": 9.0, "has_osm_height": false, "code": "N030", "name": "OGM / OFFICINE GRANDI MOTORI", "july_2020": "procedure in progress", "october_2021": "procedure in progress", "july_2022": "procedure in progress", "december_2022": "procedure in progress", "april_2024": "under construction", "february_2025": "under construction", "december_2025": "under construction" }, "geometry": { "type": "Polygon", "coordinates": [ [ [ 7.6852717, 45.0886682 ], [ 7.6851676, 45.0883638 ], [ 7.6856686, 45.0882269 ], [ 7.6858215, 45.0885261 ], [ 7.6852717, 45.0886682 ] ] ] } },
{ "type": "Feature", "properties": { "osm_id": 218285379, "height": 9.0, "has_osm_height": false, "code": "N030", "name": "OGM / OFFICINE GRANDI MOTORI", "july_2020": "procedure in progress", "october_2021": "procedure in progress", "july_2022": "procedure in progress", "december_2022": "procedure in progress", "april_2024": "under construction", "february_2025": "under construction", "december_2025": "under construction" }, "geometry": { "type": "Polygon", "coordinates": [ [ [ 7.6851322, 45.0882743 ], [ 7.6848559, 45.087373 ], [ 7.6852963, 45.08729 ], [ 7.6855667, 45.0881398 ], [ 7.6851322, 45.0882743 ] ] ] } },
{ "type": "Feature", "properties": { "osm_id": 218285410, "height": 19.2, "has_osm_height": true, "code": "N030", "name": "OGM / OFFICINE GRANDI MOTORI", "july_2020": "procedure in progress", "october_2021": "procedure in progress", "july_2022": "procedure in progress", "december_2022": "procedure in progress", "april_2024": "under construction", "february_2025": "under construction", "december_2025": "under construction" }, "geometry": { "type": "Polygon", "coordinates": [ [ [ 7.6873983, 45.0887434 ], [ 7.6873446, 45.0886222 ], [ 7.6875114, 45.088581 ], [ 7.6871327, 45.0878174 ], [ 7.6874358, 45.087736 ], [ 7.6878811, 45.0886336 ], [ 7.6873983, 45.0887434 ] ] ] } },
{ "type": "Feature", "properties": { "osm_id": 319279887, "height": 9.0, "has_osm_height": false, "code": "N028", "name": "PROCURA", "july_2020": "on hold", "october_2021": "on hold", "july_2022": "procedure in progress", "december_2022": "procedure in progress", "april_2024": "under construction", "february_2025": "under construction", "december_2025": "under construction" }, "geometry": { "type": "Polygon", "coordinates": [ [ [ 7.6821628, 45.0744147 ], [ 7.6819941, 45.0741545 ], [ 7.6824721, 45.0739767 ], [ 7.6824854, 45.0739717 ], [ 7.6825853, 45.0741074 ], [ 7.6825755, 45.0741111 ], [ 7.6822461, 45.0742339 ], [ 7.6823263, 45.0743494 ], [ 7.6821628, 45.0744147 ] ] ] } },
{ "type": "Feature", "properties": { "osm_id": 342864936, "height": 9.0, "has_osm_height": false, "code": "N029", "name": "RAI", "july_2020": "on hold", "october_2021": "procedure in progress", "july_2022": "procedure in progress", "december_2022": "procedure in progress", "april_2024": "under construction", "february_2025": "under construction", "december_2025": "under construction" }, "geometry": { "type": "Polygon", "coordinates": [ [ [ 7.6684271, 45.0728083 ], [ 7.6685591, 45.0729887 ], [ 7.6686758, 45.0729471 ], [ 7.6687031, 45.0729853 ], [ 7.6688277, 45.0729408 ], [ 7.6686674, 45.0727167 ], [ 7.6686485, 45.0727236 ], [ 7.668603, 45.07266 ], [ 7.6683228, 45.0727599 ], [ 7.6683711, 45.0728282 ], [ 7.6684164, 45.0728121 ], [ 7.6684271, 45.0728083 ] ] ] } },
{ "type": "Feature", "properties": { "osm_id": 342864937, "height": 72.0, "has_osm_height": true, "code": "N029", "name": "RAI", "july_2020": "on hold", "october_2021": "procedure in progress", "july_2022": "procedure in progress", "december_2022": "procedure in progress", "april_2024": "under construction", "february_2025": "under construction", "december_2025": "under construction" }, "geometry": { "type": "Polygon", "coordinates": [ [ [ 7.6682581, 45.0728685 ], [ 7.6685634, 45.0732954 ], [ 7.6687218, 45.0732389 ], [ 7.6686471, 45.0731344 ], [ 7.6686792, 45.073123 ], [ 7.6686882, 45.0731356 ], [ 7.6687426, 45.0731162 ], [ 7.6686574, 45.072997 ], [ 7.6686047, 45.0730158 ], [ 7.6686187, 45.0730353 ], [ 7.6685847, 45.0730474 ], [ 7.6684164, 45.0728121 ], [ 7.6683711, 45.0728282 ], [ 7.6682581, 45.0728685 ] ] ] } },
{ "type": "Feature", "properties": { "osm_id": 342864938, "height": 9.0, "has_osm_height": false, "code": "N029", "name": "RAI", "july_2020": "on hold", "october_2021": "procedure in progress", "july_2022": "procedure in progress", "december_2022": "procedure in progress", "april_2024": "under construction", "february_2025": "under construction", "december_2025": "under construction" }, "geometry": { "type": "Polygon", "coordinates": [ [ [ 7.6687031, 45.0729853 ], [ 7.6687912, 45.0731085 ], [ 7.6687901, 45.0731089 ], [ 7.6688744, 45.0732267 ], [ 7.6687165, 45.073283 ], [ 7.6684824, 45.0733665 ], [ 7.6685076, 45.0734017 ], [ 7.6685318, 45.0734356 ], [ 7.6685828, 45.0734173 ], [ 7.6690048, 45.0732669 ], [ 7.6689814, 45.0732341 ], [ 7.6689623, 45.0732074 ], [ 7.6690002, 45.0731939 ], [ 7.6688277, 45.0729408 ], [ 7.6687031, 45.0729853 ] ] ] } },
{ "type": "Feature", "properties": { "osm_id": 342864939, "height": 9.0, "has_osm_height": false, "code": "N029", "name": "RAI", "july_2020": "on hold", "october_2021": "procedure in progress", "july_2022": "procedure in progress", "december_2022": "procedure in progress", "april_2024": "under construction", "february_2025": "under construction", "december_2025": "under construction" }, "geometry": { "type": "Polygon", "coordinates": [ [ [ 7.6684824, 45.0733665 ], [ 7.6687165, 45.073283 ], [ 7.6687218, 45.0732389 ], [ 7.6685634, 45.0732954 ], [ 7.668459, 45.0733338 ], [ 7.6684824, 45.0733665 ] ] ] } },
{ "type": "Feature", "properties": { "osm_id": 360131119, "height": 6.4, "has_osm_height": true, "code": "N034", "name": "DE SONNAZ", "july_2020": "on hold", "october_2021": "procedure in progress", "july_2022": "procedure in progress", "december_2022": "procedure in progress", "april_2024": "under construction", "february_2025": "under construction", "december_2025": "under construction" }, "geometry": { "type": "Polygon", "coordinates": [ [ [ 7.6701998, 45.0695909 ], [ 7.6700564, 45.0696408 ], [ 7.6702044, 45.0698564 ], [ 7.6714657, 45.0694018 ], [ 7.6713128, 45.0691843 ], [ 7.6711715, 45.0692333 ], [ 7.6712646, 45.0693705 ], [ 7.6711181, 45.0694246 ], [ 7.6709193, 45.0694954 ], [ 7.6707693, 45.0695529 ], [ 7.6702884, 45.069722 ], [ 7.6701998, 45.0695909 ] ] ] } },
{ "type": "Feature", "properties": { "osm_id": 360131120, "height": 9.6, "has_osm_height": true, "code": "N034", "name": "DE SONNAZ", "july_2020": "on hold", "october_2021": "procedure in progress", "july_2022": "procedure in progress", "december_2022": "procedure in progress", "april_2024": "under construction", "february_2025": "under construction", "december_2025": "under construction" }, "geometry": { "type": "Polygon", "coordinates": [ [ [ 7.6700564, 45.0696408 ], [ 7.6699245, 45.0694435 ], [ 7.6700677, 45.0693932 ], [ 7.6701998, 45.0695909 ], [ 7.6700564, 45.0696408 ] ] ] } },
{ "type": "Feature", "properties": { "osm_id": 360131125, "height": 9.0, "has_osm_height": false, "code": "N034", "name": "DE SONNAZ", "july_2020": "on hold", "october_2021": "procedure in progress", "july_2022": "procedure in progress", "december_2022": "procedure in progress", "april_2024": "under construction", "february_2025": "under construction", "december_2025": "under construction" }, "geometry": { "type": "Polygon", "coordinates": [ [ [ 7.6709193, 45.0694954 ], [ 7.6708468, 45.0693989 ], [ 7.6710438, 45.0693233 ], [ 7.6711181, 45.0694246 ], [ 7.6709193, 45.0694954 ] ] ] } },
{ "type": "Feature", "properties": { "osm_id": 360131126, "height": 9.6, "has_osm_height": true, "code": "N034", "name": "DE SONNAZ", "july_2020": "on hold", "october_2021": "procedure in progress", "july_2022": "procedure in progress", "december_2022": "procedure in progress", "april_2024": "under construction", "february_2025": "under construction", "december_2025": "under construction" }, "geometry": { "type": "Polygon", "coordinates": [ [ [ 7.6711818, 45.0690021 ], [ 7.6713128, 45.0691843 ], [ 7.6711715, 45.0692333 ], [ 7.6711362, 45.0692442 ], [ 7.6710125, 45.0690613 ], [ 7.6711818, 45.0690021 ] ] ] } },
{ "type": "Feature", "properties": { "osm_id": 360131133, "height": 9.6, "has_osm_height": true, "code": "N034", "name": "DE SONNAZ", "july_2020": "on hold", "october_2021": "procedure in progress", "july_2022": "procedure in progress", "december_2022": "procedure in progress", "april_2024": "under construction", "february_2025": "under construction", "december_2025": "under construction" }, "geometry": { "type": "Polygon", "coordinates": [ [ [ 7.6699245, 45.0694435 ], [ 7.6698159, 45.0692894 ], [ 7.6710773, 45.0688467 ], [ 7.6711818, 45.0690021 ], [ 7.6710125, 45.0690613 ], [ 7.6705484, 45.0692242 ], [ 7.6700677, 45.0693932 ], [ 7.6699245, 45.0694435 ] ] ] } },
{ "type": "Feature", "properties": { "osm_id": 465427944, "height": 9.0, "has_osm_height": false, "code": "N165", "name": "GALLETTIFICIO MILITARE (AURORA)", "july_2020": "", "october_2021": "on hold", "july_2022": "procedure in progress", "december_2022": "procedure in progress", "april_2024": "procedure in progress", "february_2025": "procedure in progress", "december_2025": "procedure in progress" }, "geometry": { "type": "Polygon", "coordinates": [ [ [ 7.6942095, 45.0806013 ], [ 7.6944375, 45.0805236 ], [ 7.6946816, 45.0802566 ], [ 7.6947628, 45.080285 ], [ 7.6945126, 45.0805729 ], [ 7.6943035, 45.0806412 ], [ 7.6942095, 45.0806013 ] ] ] } },
{ "type": "Feature", "properties": { "osm_id": 465645971, "height": 9.0, "has_osm_height": false, "code": "N165", "name": "GALLETTIFICIO MILITARE (AURORA)", "july_2020": "", "october_2021": "on hold", "july_2022": "procedure in progress", "december_2022": "procedure in progress", "april_2024": "procedure in progress", "february_2025": "procedure in progress", "december_2025": "procedure in progress" }, "geometry": { "type": "Polygon", "coordinates": [ [ [ 7.6930443, 45.0800279 ], [ 7.6933509, 45.0796917 ], [ 7.6944343, 45.0801843 ], [ 7.6944111, 45.0802098 ], [ 7.6942489, 45.0803876 ], [ 7.6941276, 45.0805206 ], [ 7.6930443, 45.0800279 ] ] ] } },
{ "type": "Feature", "properties": { "osm_id": 465645972, "height": 9.0, "has_osm_height": false, "code": "N165", "name": "GALLETTIFICIO MILITARE (AURORA)", "july_2020": "", "october_2021": "on hold", "july_2022": "procedure in progress", "december_2022": "procedure in progress", "april_2024": "procedure in progress", "february_2025": "procedure in progress", "december_2025": "procedure in progress" }, "geometry": { "type": "Polygon", "coordinates": [ [ [ 7.6942489, 45.0803876 ], [ 7.6943537, 45.0804347 ], [ 7.6945149, 45.0802564 ], [ 7.6944111, 45.0802098 ], [ 7.6942489, 45.0803876 ] ] ] } },
{ "type": "Feature", "properties": { "osm_id": 587451861, "height": 9.0, "has_osm_height": false, "code": "N032", "name": "MANIFATTURA TABACCHI", "july_2020": "on hold", "october_2021": "on hold", "july_2022": "procedure in progress", "december_2022": "procedure in progress", "april_2024": "procedure in progress", "february_2025": "procedure in progress", "december_2025": "procedure in progress" }, "geometry": { "type": "Polygon", "coordinates": [ [ [ 7.7150764, 45.0914086 ], [ 7.7150281, 45.0905717 ], [ 7.7152408, 45.0905675 ], [ 7.7165865, 45.0905113 ], [ 7.7166375, 45.0913405 ], [ 7.7150764, 45.0914086 ] ] ] } },
{ "type": "Feature", "properties": { "osm_id": 587451862, "height": 9.0, "has_osm_height": false, "code": "N032", "name": "MANIFATTURA TABACCHI", "july_2020": "on hold", "october_2021": "on hold", "july_2022": "procedure in progress", "december_2022": "procedure in progress", "april_2024": "procedure in progress", "february_2025": "procedure in progress", "december_2025": "procedure in progress" }, "geometry": { "type": "Polygon", "coordinates": [ [ [ 7.7150281, 45.0905717 ], [ 7.7149392, 45.0895158 ], [ 7.7149493, 45.0895154 ], [ 7.7151262, 45.0895084 ], [ 7.715182, 45.0895062 ], [ 7.7151919, 45.0896704 ], [ 7.7151175, 45.0896733 ], [ 7.7151553, 45.0901899 ], [ 7.7151652, 45.0903251 ], [ 7.7151679, 45.0903616 ], [ 7.7152173, 45.090355 ], [ 7.7152408, 45.0905675 ], [ 7.7150281, 45.0905717 ] ] ] } },
{ "type": "Feature", "properties": { "osm_id": 939068368, "height": 9.0, "has_osm_height": false, "code": "N027", "name": "SUPERGA", "july_2020": "on hold", "october_2021": "on hold", "july_2022": "on hold", "december_2022": "on hold", "april_2024": "procedure in progress", "february_2025": "procedure in progress", "december_2025": "procedure in progress" }, "geometry": { "type": "Polygon", "coordinates": [ [ [ 7.6699003, 45.0953489 ], [ 7.6699057, 45.0954825 ], [ 7.6699714, 45.0954817 ], [ 7.6699666, 45.095347 ], [ 7.6699003, 45.0953489 ] ] ] } },
{ "type": "Feature", "properties": { "osm_id": 939068369, "height": 9.0, "has_osm_height": false, "code": "N027", "name": "SUPERGA", "july_2020": "on hold", "october_2021": "on hold", "july_2022": "on hold", "december_2022": "on hold", "april_2024": "procedure in progress", "february_2025": "procedure in progress", "december_2025": "procedure in progress" }, "geometry": { "type": "Polygon", "coordinates": [ [ [ 7.6699714, 45.0954817 ], [ 7.6707065, 45.0954717 ], [ 7.6707053, 45.0954294 ], [ 7.6707025, 45.0953347 ], [ 7.6699666, 45.095347 ], [ 7.6699714, 45.0954817 ] ] ] } },
{ "type": "Feature", "properties": { "osm_id": 939068370, "height": 9.0, "has_osm_height": false, "code": "N027", "name": "SUPERGA", "july_2020": "on hold", "october_2021": "on hold", "july_2022": "on hold", "december_2022": "on hold", "april_2024": "procedure in progress", "february_2025": "procedure in progress", "december_2025": "procedure in progress" }, "geometry": { "type": "Polygon", "coordinates": [ [ [ 7.6707053, 45.0954294 ], [ 7.6708002, 45.0954279 ], [ 7.6707971, 45.0953334 ], [ 7.6707025, 45.0953347 ], [ 7.6707053, 45.0954294 ] ] ] } },
{ "type": "Feature", "properties": { "osm_id": 939068371, "height": 9.0, "has_osm_height": false, "code": "N027", "name": "SUPERGA", "july_2020": "on hold", "october_2021": "on hold", "july_2022": "on hold", "december_2022": "on hold", "april_2024": "procedure in progress", "february_2025": "procedure in progress", "december_2025": "procedure in progress" }, "geometry": { "type": "Polygon", "coordinates": [ [ [ 7.6708002, 45.0954279 ], [ 7.6709942, 45.0954246 ], [ 7.6709885, 45.095327 ], [ 7.6707971, 45.0953334 ], [ 7.6708002, 45.0954279 ] ] ] } },
{ "type": "Feature", "properties": { "osm_id": 939068372, "height": 9.0, "has_osm_height": false, "code": "N027", "name": "SUPERGA", "july_2020": "on hold", "october_2021": "on hold", "july_2022": "on hold", "december_2022": "on hold", "april_2024": "procedure in progress", "february_2025": "procedure in progress", "december_2025": "procedure in progress" }, "geometry": { "type": "Polygon", "coordinates": [ [ [ 7.6709942, 45.0954246 ], [ 7.6713649, 45.095414 ], [ 7.6713593, 45.0953164 ], [ 7.6709885, 45.095327 ], [ 7.6709942, 45.0954246 ] ] ] } },
{ "type": "Feature", "properties": { "osm_id": 939068373, "height": 9.0, "has_osm_height": false, "code": "N027", "name": "SUPERGA", "july_2020": "on hold", "october_2021": "on hold", "july_2022": "on hold", "december_2022": "on hold", "april_2024": "procedure in progress", "february_2025": "procedure in progress", "december_2025": "procedure in progress" }, "geometry": { "type": "Polygon", "coordinates": [ [ [ 7.6700392, 45.0955301 ], [ 7.6700467, 45.0957388 ], [ 7.6702654, 45.0957349 ], [ 7.6702615, 45.095627 ], [ 7.6713126, 45.0956084 ], [ 7.6713087, 45.0954988 ], [ 7.670779, 45.0955082 ], [ 7.6707804, 45.0955482 ], [ 7.6705208, 45.0955528 ], [ 7.6705196, 45.0955215 ], [ 7.6700392, 45.0955301 ] ] ] } },
{ "type": "Feature", "properties": { "osm_id": 939068374, "height": 9.0, "has_osm_height": false, "code": "N027", "name": "SUPERGA", "july_2020": "on hold", "october_2021": "on hold", "july_2022": "on hold", "december_2022": "on hold", "april_2024": "procedure in progress", "february_2025": "procedure in progress", "december_2025": "procedure in progress" }, "geometry": { "type": "Polygon", "coordinates": [ [ [ 7.6699057, 45.0954825 ], [ 7.6697362, 45.0954859 ], [ 7.6697308, 45.0953523 ], [ 7.6699003, 45.0953489 ], [ 7.6699057, 45.0954825 ] ] ] } },
{ "type": "Feature", "properties": { "osm_id": 939068375, "height": 9.0, "has_osm_height": false, "code": "N027", "name": "SUPERGA", "july_2020": "on hold", "october_2021": "on hold", "july_2022": "on hold", "december_2022": "on hold", "april_2024": "procedure in progress", "february_2025": "procedure in progress", "december_2025": "procedure in progress" }, "geometry": { "type": "Polygon", "coordinates": [ [ [ 7.6702654, 45.0957349 ], [ 7.6713155, 45.0957156 ], [ 7.6713126, 45.0956084 ], [ 7.6702615, 45.095627 ], [ 7.6702654, 45.0957349 ] ] ] } },
{ "type": "Feature", "properties": { "osm_id": 1105178080, "height": 9.0, "has_osm_height": false, "code": "N032", "name": "MANIFATTURA TABACCHI", "july_2020": "on hold", "october_2021": "on hold", "july_2022": "procedure in progress", "december_2022": "procedure in progress", "april_2024": "procedure in progress", "february_2025": "procedure in progress", "december_2025": "procedure in progress" }, "geometry": { "type": "Polygon", "coordinates": [ [ [ 7.7152818, 45.0878372 ], [ 7.7147754, 45.0878662 ], [ 7.7147859, 45.0879865 ], [ 7.714821, 45.0879849 ], [ 7.7148792, 45.0887159 ], [ 7.7150066, 45.0887108 ], [ 7.7149876, 45.0884661 ], [ 7.7153375, 45.0884523 ], [ 7.715326, 45.0883243 ], [ 7.7150363, 45.0883373 ], [ 7.7150091, 45.0879806 ], [ 7.7152922, 45.0879675 ], [ 7.7152818, 45.0878372 ] ] ] } },
{ "type": "Feature", "properties": { "osm_id": 1105178081, "height": 9.0, "has_osm_height": false, "code": "N032", "name": "MANIFATTURA TABACCHI", "july_2020": "on hold", "october_2021": "on hold", "july_2022": "procedure in progress", "december_2022": "procedure in progress", "april_2024": "procedure in progress", "february_2025": "procedure in progress", "december_2025": "procedure in progress" }, "geometry": { "type": "Polygon", "coordinates": [ [ [ 7.7152368, 45.0884698 ], [ 7.7155444, 45.0884555 ], [ 7.7155831, 45.0888771 ], [ 7.7156438, 45.088874 ], [ 7.7156469, 45.0889104 ], [ 7.7156814, 45.0889086 ], [ 7.7156846, 45.0889262 ], [ 7.7157701, 45.0889217 ], [ 7.7157637, 45.0888587 ], [ 7.7161412, 45.0888446 ], [ 7.7161988, 45.0894927 ], [ 7.7159386, 45.0895012 ], [ 7.7158886, 45.0889917 ], [ 7.7157732, 45.0889961 ], [ 7.715829, 45.0896388 ], [ 7.7160088, 45.0896297 ], [ 7.7160522, 45.0900985 ], [ 7.7161523, 45.0900956 ], [ 7.7161569, 45.0901456 ], [ 7.7162016, 45.0901443 ], [ 7.716214, 45.0902835 ], [ 7.7151652, 45.0903251 ], [ 7.7151553, 45.0901899 ], [ 7.7153097, 45.0901822 ], [ 7.7152444, 45.0894778 ], [ 7.7151918, 45.0894793 ], [ 7.7151704, 45.089215 ], [ 7.7153098, 45.0892098 ], [ 7.7153379, 45.0894993 ], [ 7.7154902, 45.0894959 ], [ 7.715552, 45.0898895 ], [ 7.7155959, 45.090169 ], [ 7.715737, 45.0901669 ], [ 7.7156947, 45.0896519 ], [ 7.7156246, 45.0896528 ], [ 7.7156182, 45.0895799 ], [ 7.7155774, 45.0895826 ], [ 7.7155199, 45.0889523 ], [ 7.7152775, 45.0889595 ], [ 7.7152368, 45.0884698 ] ] ] } },
{ "type": "Feature", "properties": { "osm_id": 1105178082, "height": 9.0, "has_osm_height": false, "code": "N032", "name": "MANIFATTURA TABACCHI", "july_2020": "on hold", "october_2021": "on hold", "july_2022": "procedure in progress", "december_2022": "procedure in progress", "april_2024": "procedure in progress", "february_2025": "procedure in progress", "december_2025": "procedure in progress" }, "geometry": { "type": "Polygon", "coordinates": [ [ [ 7.7148991, 45.0889066 ], [ 7.7149493, 45.0895154 ], [ 7.7151262, 45.0895084 ], [ 7.7150785, 45.0889328 ], [ 7.7150366, 45.0889002 ], [ 7.7148991, 45.0889066 ] ] ] } },
{ "type": "Feature", "properties": { "osm_id": 1157616165, "height": 9.0, "has_osm_height": false, "code": "N025", "name": "TOROC", "july_2020": "on hold", "october_2021": "under construction", "july_2022": "under construction", "december_2022": "completed", "april_2024": "completed", "february_2025": "completed", "december_2025": "completed" }, "geometry": { "type": "Polygon", "coordinates": [ [ [ 7.6956285, 45.0821959 ], [ 7.6957276, 45.0820839 ], [ 7.6959663, 45.0821892 ], [ 7.6959951, 45.0821567 ], [ 7.696178, 45.0822374 ], [ 7.6961511, 45.0822677 ], [ 7.6965242, 45.0824315 ], [ 7.6964241, 45.0825468 ], [ 7.6956285, 45.0821959 ] ] ] } },
{ "type": "Feature", "properties": { "osm_id": 1157616166, "height": 9.0, "has_osm_height": false, "code": "N025", "name": "TOROC", "july_2020": "on hold", "october_2021": "under construction", "july_2022": "under construction", "december_2022": "completed", "april_2024": "completed", "february_2025": "completed", "december_2025": "completed" }, "geometry": { "type": "Polygon", "coordinates": [ [ [ 7.6963706, 45.0826084 ], [ 7.6964241, 45.0825468 ], [ 7.6965242, 45.0824315 ], [ 7.6967393, 45.0825246 ], [ 7.6966927, 45.0825782 ], [ 7.6969077, 45.0826655 ], [ 7.6968356, 45.0827446 ], [ 7.6968027, 45.0827954 ], [ 7.6963706, 45.0826084 ] ] ] } },
{ "type": "Feature", "properties": { "osm_id": 1157616167, "height": 9.0, "has_osm_height": false, "code": "N025", "name": "TOROC", "july_2020": "on hold", "october_2021": "under construction", "july_2022": "under construction", "december_2022": "completed", "april_2024": "completed", "february_2025": "completed", "december_2025": "completed" }, "geometry": { "type": "Polygon", "coordinates": [ [ [ 7.6968356, 45.0827446 ], [ 7.6970722, 45.0828521 ], [ 7.6969527, 45.0829832 ], [ 7.6971497, 45.0830727 ], [ 7.6972601, 45.0829517 ], [ 7.6974179, 45.0829185 ], [ 7.6975248, 45.0828012 ], [ 7.6973154, 45.0827061 ], [ 7.6972221, 45.0828084 ], [ 7.6969077, 45.0826655 ], [ 7.6968356, 45.0827446 ] ] ] } },
{ "type": "Feature", "properties": { "osm_id": 1158404263, "height": 9.0, "has_osm_height": false, "code": "N040", "name": "NEBIOLO", "july_2020": "procedure in progress", "october_2021": "procedure in progress", "july_2022": "procedure in progress", "december_2022": "procedure in progress", "april_2024": "procedure in progress", "february_2025": "procedure in progress", "december_2025": "procedure in progress" }, "geometry": { "type": "Polygon", "coordinates": [ [ [ 7.6960822, 45.0830076 ], [ 7.6967602, 45.0833156 ], [ 7.6966541, 45.0834382 ], [ 7.6968357, 45.0835171 ], [ 7.6970379, 45.0832889 ], [ 7.6961844, 45.0828946 ], [ 7.6960822, 45.0830076 ] ] ] } },
{ "type": "Feature", "properties": { "osm_id": 83803201, "height": 3.2, "has_osm_height": true, "code": "N045", "name": "AMIONE", "july_2020": "procedure in progress", "october_2021": "procedure in progress", "july_2022": "procedure in progress", "december_2022": "procedure in progress", "april_2024": "procedure in progress", "february_2025": "procedure in progress", "december_2025": "procedure in progress" }, "geometry": { "type": "Polygon", "coordinates": [ [ [ 7.6460059, 45.0759763 ], [ 7.6445458, 45.0759153 ], [ 7.6444829, 45.0759552 ], [ 7.6445262, 45.0760002 ], [ 7.6444188, 45.0760692 ], [ 7.6443765, 45.0760299 ], [ 7.6443316, 45.0760519 ], [ 7.6445186, 45.0762951 ], [ 7.6446459, 45.076251 ], [ 7.6448669, 45.076553 ], [ 7.6450351, 45.0764877 ], [ 7.6448158, 45.0761789 ], [ 7.6451924, 45.0760381 ], [ 7.6453474, 45.0760339 ], [ 7.6455936, 45.0763952 ], [ 7.6447997, 45.0766997 ], [ 7.6448333, 45.0767362 ], [ 7.6456356, 45.0764402 ], [ 7.6460476, 45.0769974 ], [ 7.6450586, 45.0773319 ], [ 7.644109, 45.0760326 ], [ 7.6443417, 45.0759107 ], [ 7.6445088, 45.0757715 ], [ 7.6461753, 45.0758391 ], [ 7.6463657, 45.0768145 ], [ 7.6461644, 45.0768282 ], [ 7.6460059, 45.0759763 ] ] ] } },
{ "type": "Feature", "properties": { "osm_id": 83803202, "height": 9.0, "has_osm_height": false, "code": "N045", "name": "AMIONE", "july_2020": "procedure in progress", "october_2021": "procedure in progress", "july_2022": "procedure in progress", "december_2022": "procedure in progress", "april_2024": "procedure in progress", "february_2025": "procedure in progress", "december_2025": "procedure in progress" }, "geometry": { "type": "Polygon", "coordinates": [ [ [ 7.646177, 45.076872 ], [ 7.6463742, 45.0768583 ], [ 7.6465276, 45.0776477 ], [ 7.6463331, 45.0776722 ], [ 7.646177, 45.076872 ] ] ] } },
{ "type": "Feature", "properties": { "osm_id": 83803205, "height": 9.0, "has_osm_height": false, "code": "N045", "name": "AMIONE", "july_2020": "procedure in progress", "october_2021": "procedure in progress", "july_2022": "procedure in progress", "december_2022": "procedure in progress", "april_2024": "procedure in progress", "february_2025": "procedure in progress", "december_2025": "procedure in progress" }, "geometry": { "type": "Polygon", "coordinates": [ [ [ 7.6455796, 45.0761298 ], [ 7.6457503, 45.0760656 ], [ 7.6459642, 45.0763489 ], [ 7.6459211, 45.0763652 ], [ 7.646013, 45.076487 ], [ 7.6458854, 45.076535 ], [ 7.6455796, 45.0761298 ] ] ] } },
{ "type": "Feature", "properties": { "osm_id": 83803206, "height": 9.0, "has_osm_height": false, "code": "N045", "name": "AMIONE", "july_2020": "procedure in progress", "october_2021": "procedure in progress", "july_2022": "procedure in progress", "december_2022": "procedure in progress", "april_2024": "procedure in progress", "february_2025": "procedure in progress", "december_2025": "procedure in progress" }, "geometry": { "type": "Polygon", "coordinates": [ [ [ 7.646037, 45.0774235 ], [ 7.6461572, 45.0774103 ], [ 7.6461204, 45.0772429 ], [ 7.6460001, 45.0772561 ], [ 7.646037, 45.0774235 ] ] ] } },
{ "type": "Feature", "properties": { "osm_id": 116544620, "height": 9.0, "has_osm_height": false, "code": "N038", "name": "WESTINGHOUSE", "july_2020": "procedure in progress", "october_2021": "procedure in progress", "july_2022": "procedure in progress", "december_2022": "procedure in progress", "april_2024": "procedure in progress", "february_2025": "procedure in progress", "december_2025": "procedure in progress" }, "geometry": { "type": "Polygon", "coordinates": [ [ [ 7.6576176, 45.0696469 ], [ 7.6575637, 45.0695712 ], [ 7.6574483, 45.0696123 ], [ 7.6575022, 45.0696879 ], [ 7.6576176, 45.0696469 ] ] ] } },
{ "type": "Feature", "properties": { "osm_id": 116544621, "height": 3.2, "has_osm_height": true, "code": "N038", "name": "WESTINGHOUSE", "july_2020": "procedure in progress", "october_2021": "procedure in progress", "july_2022": "procedure in progress", "december_2022": "procedure in progress", "april_2024": "procedure in progress", "february_2025": "procedure in progress", "december_2025": "procedure in progress" }, "geometry": { "type": "Polygon", "coordinates": [ [ [ 7.6575631, 45.0697733 ], [ 7.6577242, 45.0699994 ], [ 7.6578396, 45.0699584 ], [ 7.6576785, 45.0697323 ], [ 7.6575631, 45.0697733 ] ] ] } },
{ "type": "Feature", "properties": { "osm_id": 132528232, "height": 9.0, "has_osm_height": false, "code": "N038", "name": "WESTINGHOUSE", "july_2020": "procedure in progress", "october_2021": "procedure in progress", "july_2022": "procedure in progress", "december_2022": "procedure in progress", "april_2024": "procedure in progress", "february_2025": "procedure in progress", "december_2025": "procedure in progress" }, "geometry": { "type": "Polygon", "coordinates": [ [ [ 7.6579679, 45.0672825 ], [ 7.657373, 45.0674929 ], [ 7.6570765, 45.0670748 ], [ 7.6576759, 45.0668654 ], [ 7.6579396, 45.0672421 ], [ 7.6579679, 45.0672825 ] ] ] } },
{ "type": "Feature", "properties": { "osm_id": 192999987, "height": 9.0, "has_osm_height": false, "code": "N048", "name": "CAVALLERIZZA", "july_2020": "procedure in progress", "october_2021": "procedure in progress", "july_2022": "procedure in progress", "december_2022": "procedure in progress", "april_2024": "procedure in progress", "february_2025": "under construction", "december_2025": "under construction" }, "geometry": { "type": "Polygon", "coordinates": [ [ [ 7.6894456, 45.0701939 ], [ 7.6894561, 45.0702063 ], [ 7.6895497, 45.0702267 ], [ 7.6895681, 45.0702306 ], [ 7.6898853, 45.0701163 ], [ 7.6900058, 45.0700719 ], [ 7.6899819, 45.0700394 ], [ 7.6899722, 45.0700431 ], [ 7.6898647, 45.0698903 ], [ 7.6898714, 45.0698881 ], [ 7.6898569, 45.0698665 ], [ 7.689869, 45.0698357 ], [ 7.689712, 45.0698937 ], [ 7.6893897, 45.0700033 ], [ 7.689377, 45.0700411 ], [ 7.6893589, 45.0700945 ], [ 7.6893944, 45.0701237 ], [ 7.6894456, 45.0701939 ] ] ] } },
{ "type": "Feature", "properties": { "osm_id": 192999994, "height": 9.0, "has_osm_height": false, "code": "N048", "name": "CAVALLERIZZA", "july_2020": "procedure in progress", "october_2021": "procedure in progress", "july_2022": "procedure in progress", "december_2022": "procedure in progress", "april_2024": "procedure in progress", "february_2025": "under construction", "december_2025": "under construction" }, "geometry": { "type": "Polygon", "coordinates": [ [ [ 7.6905232, 45.0701508 ], [ 7.6904661, 45.070076 ], [ 7.6901001, 45.0702057 ], [ 7.6900825, 45.070184 ], [ 7.6900437, 45.0701301 ], [ 7.6900058, 45.0700719 ], [ 7.6898853, 45.0701163 ], [ 7.6899239, 45.0701724 ], [ 7.6899617, 45.0702247 ], [ 7.6899785, 45.0702491 ], [ 7.6896273, 45.0703683 ], [ 7.6895659, 45.0702878 ], [ 7.6895283, 45.0702819 ], [ 7.6894893, 45.070274 ], [ 7.6896275, 45.0704691 ], [ 7.6905232, 45.0701508 ] ] ] } },
{ "type": "Feature", "properties": { "osm_id": 192999997, "height": 9.0, "has_osm_height": false, "code": "N048", "name": "CAVALLERIZZA", "july_2020": "procedure in progress", "october_2021": "procedure in progress", "july_2022": "procedure in progress", "december_2022": "procedure in progress", "april_2024": "procedure in progress", "february_2025": "under construction", "december_2025": "under construction" }, "geometry": { "type": "Polygon", "coordinates": [ [ [ 7.6911668, 45.0695849 ], [ 7.6908803, 45.0698095 ], [ 7.6910022, 45.0698929 ], [ 7.6911644, 45.069765 ], [ 7.69122, 45.0698004 ], [ 7.6907938, 45.0701434 ], [ 7.690805, 45.0701504 ], [ 7.6907388, 45.0702033 ], [ 7.6908034, 45.0702755 ], [ 7.6908137, 45.0702699 ], [ 7.6909424, 45.0701688 ], [ 7.691068, 45.0700684 ], [ 7.691127, 45.0700211 ], [ 7.6911507, 45.0700021 ], [ 7.6911814, 45.0699778 ], [ 7.6913513, 45.0698506 ], [ 7.6911668, 45.0695849 ] ] ] } },
{ "type": "Feature", "properties": { "osm_id": 193000001, "height": 9.0, "has_osm_height": false, "code": "N048", "name": "CAVALLERIZZA", "july_2020": "procedure in progress", "october_2021": "procedure in progress", "july_2022": "procedure in progress", "december_2022": "procedure in progress", "april_2024": "procedure in progress", "february_2025": "under construction", "december_2025": "under construction" }, "geometry": { "type": "Polygon", "coordinates": [ [ [ 7.6907387, 45.0697328 ], [ 7.6908137, 45.0696735 ], [ 7.690792, 45.0696557 ], [ 7.6907815, 45.0696446 ], [ 7.690789, 45.0696318 ], [ 7.6908, 45.069626 ], [ 7.6909261, 45.0695649 ], [ 7.6909396, 45.069577 ], [ 7.6910869, 45.0694617 ], [ 7.6908013, 45.0690541 ], [ 7.6903132, 45.0692422 ], [ 7.6904861, 45.0694433 ], [ 7.6905652, 45.0694095 ], [ 7.6904953, 45.0693224 ], [ 7.6907283, 45.069228 ], [ 7.6909017, 45.0694582 ], [ 7.6908902, 45.0694635 ], [ 7.6908835, 45.0694567 ], [ 7.6908435, 45.0694744 ], [ 7.6908393, 45.0694739 ], [ 7.6907418, 45.0695177 ], [ 7.6907414, 45.0695204 ], [ 7.6906987, 45.0695395 ], [ 7.6907039, 45.0695452 ], [ 7.6906912, 45.0695509 ], [ 7.6906705, 45.0695278 ], [ 7.6905945, 45.0695655 ], [ 7.6907387, 45.0697328 ] ] ] } },
{ "type": "Feature", "properties": { "osm_id": 193000009, "height": 9.0, "has_osm_height": false, "code": "N048", "name": "CAVALLERIZZA", "july_2020": "procedure in progress", "october_2021": "procedure in progress", "july_2022": "procedure in progress", "december_2022": "procedure in progress", "april_2024": "procedure in progress", "february_2025": "under construction", "december_2025": "under construction" }, "geometry": { "type": "Polygon", "coordinates": [ [ [ 7.6908803, 45.0698095 ], [ 7.6905352, 45.0700751 ], [ 7.6906187, 45.0701911 ], [ 7.6910022, 45.0698929 ], [ 7.6908803, 45.0698095 ] ] ] } },
{ "type": "Feature", "properties": { "osm_id": 193000016, "height": 9.0, "has_osm_height": false, "code": "N048", "name": "CAVALLERIZZA", "july_2020": "procedure in progress", "october_2021": "procedure in progress", "july_2022": "procedure in progress", "december_2022": "procedure in progress", "april_2024": "procedure in progress", "february_2025": "under construction", "december_2025": "under construction" }, "geometry": { "type": "Polygon", "coordinates": [ [ [ 7.6906705, 45.0695278 ], [ 7.6905652, 45.0694095 ], [ 7.6904861, 45.0694433 ], [ 7.6905945, 45.0695655 ], [ 7.6906705, 45.0695278 ] ] ] } },
{ "type": "Feature", "properties": { "osm_id": 193000025, "height": 9.0, "has_osm_height": false, "code": "N048", "name": "CAVALLERIZZA", "july_2020": "procedure in progress", "october_2021": "procedure in progress", "july_2022": "procedure in progress", "december_2022": "procedure in progress", "april_2024": "procedure in progress", "february_2025": "under construction", "december_2025": "under construction" }, "geometry": { "type": "Polygon", "coordinates": [ [ [ 7.688934, 45.0699824 ], [ 7.6887531, 45.0700478 ], [ 7.688869, 45.0702083 ], [ 7.6888951, 45.0701945 ], [ 7.6889056, 45.0702045 ], [ 7.6889597, 45.0701826 ], [ 7.6889553, 45.0701739 ], [ 7.6890485, 45.0701328 ], [ 7.688934, 45.0699824 ] ] ] } },
{ "type": "Feature", "properties": { "osm_id": 212759822, "height": 9.0, "has_osm_height": false, "code": "N042", "name": "BASSE STURA", "july_2020": "under construction", "october_2021": "under construction", "july_2022": "under construction", "december_2022": "under construction", "april_2024": "under construction", "february_2025": "removed", "december_2025": "" }, "geometry": { "type": "Polygon", "coordinates": [ [ [ 7.6613761, 45.1216897 ], [ 7.6614579, 45.121703 ], [ 7.6614727, 45.1216538 ], [ 7.6616836, 45.1216866 ], [ 7.6617248, 45.121543 ], [ 7.6614365, 45.1215005 ], [ 7.6613761, 45.1216897 ] ] ] } },
{ "type": "Feature", "properties": { "osm_id": 318188953, "height": 9.0, "has_osm_height": false, "code": "N048", "name": "CAVALLERIZZA", "july_2020": "procedure in progress", "october_2021": "procedure in progress", "july_2022": "procedure in progress", "december_2022": "procedure in progress", "april_2024": "procedure in progress", "february_2025": "under construction", "december_2025": "under construction" }, "geometry": { "type": "Polygon", "coordinates": [ [ [ 7.6890088, 45.0708259 ], [ 7.688919, 45.0707079 ], [ 7.6888132, 45.0705556 ], [ 7.6886902, 45.0703821 ], [ 7.6887989, 45.070345 ], [ 7.6888644, 45.0704354 ], [ 7.6890047, 45.0706291 ], [ 7.6891195, 45.0707877 ], [ 7.6890088, 45.0708259 ] ] ] } },
{ "type": "Feature", "properties": { "osm_id": 318188954, "height": 9.0, "has_osm_height": false, "code": "N048", "name": "CAVALLERIZZA", "july_2020": "procedure in progress", "october_2021": "procedure in progress", "july_2022": "procedure in progress", "december_2022": "procedure in progress", "april_2024": "procedure in progress", "february_2025": "under construction", "december_2025": "under construction" }, "geometry": { "type": "Polygon", "coordinates": [ [ [ 7.6890047, 45.0706291 ], [ 7.6894071, 45.0704834 ], [ 7.6892869, 45.0703212 ], [ 7.689291, 45.0703163 ], [ 7.6893106, 45.0702976 ], [ 7.689417, 45.0702626 ], [ 7.6894893, 45.070274 ], [ 7.6896275, 45.0704691 ], [ 7.6897043, 45.0705775 ], [ 7.6891195, 45.0707877 ], [ 7.6890047, 45.0706291 ] ] ] } },
{ "type": "Feature", "properties": { "osm_id": 318188955, "height": 9.0, "has_osm_height": false, "code": "N048", "name": "CAVALLERIZZA", "july_2020": "procedure in progress", "october_2021": "procedure in progress", "july_2022": "procedure in progress", "december_2022": "procedure in progress", "april_2024": "procedure in progress", "february_2025": "under construction", "december_2025": "under construction" }, "geometry": { "type": "Polygon", "coordinates": [ [ [ 7.6893106, 45.0702976 ], [ 7.689417, 45.0702626 ], [ 7.6894456, 45.0701939 ], [ 7.6893944, 45.0701237 ], [ 7.6893589, 45.0700945 ], [ 7.6893113, 45.0700778 ], [ 7.6892044, 45.070116 ], [ 7.6891618, 45.0701991 ], [ 7.689211, 45.0702714 ], [ 7.6893106, 45.0702976 ] ] ] } },
{ "type": "Feature", "properties": { "osm_id": 318188956, "height": 9.0, "has_osm_height": false, "code": "N048", "name": "CAVALLERIZZA", "july_2020": "procedure in progress", "october_2021": "procedure in progress", "july_2022": "procedure in progress", "december_2022": "procedure in progress", "april_2024": "procedure in progress", "february_2025": "under construction", "december_2025": "under construction" }, "geometry": { "type": "Polygon", "coordinates": [ [ [ 7.6895497, 45.0702267 ], [ 7.6895283, 45.0702819 ], [ 7.6894893, 45.070274 ], [ 7.689417, 45.0702626 ], [ 7.6894456, 45.0701939 ], [ 7.6894561, 45.0702063 ], [ 7.6895497, 45.0702267 ] ] ] } },
{ "type": "Feature", "properties": { "osm_id": 318188957, "height": 9.0, "has_osm_height": false, "code": "N048", "name": "CAVALLERIZZA", "july_2020": "procedure in progress", "october_2021": "procedure in progress", "july_2022": "procedure in progress", "december_2022": "procedure in progress", "april_2024": "procedure in progress", "february_2025": "under construction", "december_2025": "under construction" }, "geometry": { "type": "Polygon", "coordinates": [ [ [ 7.6888644, 45.0704354 ], [ 7.6888951, 45.0704243 ], [ 7.6891906, 45.0703176 ], [ 7.6891951, 45.0703142 ], [ 7.6892008, 45.0703117 ], [ 7.6892072, 45.0703105 ], [ 7.6892138, 45.0703106 ], [ 7.6892328, 45.0703027 ], [ 7.689291, 45.0703163 ], [ 7.6893106, 45.0702976 ], [ 7.689211, 45.0702714 ], [ 7.6891618, 45.0701991 ], [ 7.6892044, 45.070116 ], [ 7.6891717, 45.070127 ], [ 7.6891446, 45.0701752 ], [ 7.6891128, 45.0701861 ], [ 7.6891089, 45.0701886 ], [ 7.6891044, 45.0701904 ], [ 7.6890993, 45.0701914 ], [ 7.688826, 45.0702893 ], [ 7.6888035, 45.0702973 ], [ 7.6887717, 45.0703087 ], [ 7.6887989, 45.070345 ], [ 7.6888644, 45.0704354 ] ] ] } },
{ "type": "Feature", "properties": { "osm_id": 318188958, "height": 9.0, "has_osm_height": false, "code": "N048", "name": "CAVALLERIZZA", "july_2020": "procedure in progress", "october_2021": "procedure in progress", "july_2022": "procedure in progress", "december_2022": "procedure in progress", "april_2024": "procedure in progress", "february_2025": "under construction", "december_2025": "under construction" }, "geometry": { "type": "Polygon", "coordinates": [ [ [ 7.6892072, 45.0703105 ], [ 7.6892008, 45.0703117 ], [ 7.6891951, 45.0703142 ], [ 7.6891906, 45.0703176 ], [ 7.6891871, 45.0703228 ], [ 7.6891864, 45.0703286 ], [ 7.6891884, 45.0703343 ], [ 7.689193, 45.0703391 ], [ 7.6891997, 45.0703425 ], [ 7.6892076, 45.0703441 ], [ 7.6892158, 45.0703438 ], [ 7.6892234, 45.0703415 ], [ 7.6892294, 45.0703375 ], [ 7.6892332, 45.0703324 ], [ 7.6892342, 45.0703266 ], [ 7.6892325, 45.0703209 ], [ 7.6892281, 45.070316 ], [ 7.6892216, 45.0703124 ], [ 7.6892138, 45.0703106 ], [ 7.6892072, 45.0703105 ] ] ] } },
{ "type": "Feature", "properties": { "osm_id": 318188959, "height": 9.0, "has_osm_height": false, "code": "N048", "name": "CAVALLERIZZA", "july_2020": "procedure in progress", "october_2021": "procedure in progress", "july_2022": "procedure in progress", "december_2022": "procedure in progress", "april_2024": "procedure in progress", "february_2025": "under construction", "december_2025": "under construction" }, "geometry": { "type": "Polygon", "coordinates": [ [ [ 7.6891044, 45.0701904 ], [ 7.6891089, 45.0701886 ], [ 7.6891128, 45.0701861 ], [ 7.6891169, 45.0701813 ], [ 7.6891183, 45.0701759 ], [ 7.6891171, 45.0701704 ], [ 7.6891133, 45.0701656 ], [ 7.6891073, 45.0701619 ], [ 7.6891, 45.07016 ], [ 7.6890922, 45.0701599 ], [ 7.6890848, 45.0701617 ], [ 7.6890787, 45.0701652 ], [ 7.6890747, 45.0701699 ], [ 7.6890732, 45.0701754 ], [ 7.6890744, 45.0701808 ], [ 7.6890782, 45.0701857 ], [ 7.6890841, 45.0701893 ], [ 7.6890914, 45.0701913 ], [ 7.6890993, 45.0701914 ], [ 7.6891044, 45.0701904 ] ] ] } },
{ "type": "Feature", "properties": { "osm_id": 318188960, "height": 9.0, "has_osm_height": false, "code": "N048", "name": "CAVALLERIZZA", "july_2020": "procedure in progress", "october_2021": "procedure in progress", "july_2022": "procedure in progress", "december_2022": "procedure in progress", "april_2024": "procedure in progress", "february_2025": "under construction", "december_2025": "under construction" }, "geometry": { "type": "Polygon", "coordinates": [ [ [ 7.6891345, 45.0696913 ], [ 7.6889062, 45.069773 ], [ 7.6889903, 45.0698926 ], [ 7.6891596, 45.0701311 ], [ 7.6891717, 45.070127 ], [ 7.6892044, 45.070116 ], [ 7.6893113, 45.0700778 ], [ 7.6893589, 45.0700945 ], [ 7.689377, 45.0700411 ], [ 7.6891345, 45.0696913 ] ] ] } },
{ "type": "Feature", "properties": { "osm_id": 318188961, "height": 9.0, "has_osm_height": false, "code": "N048", "name": "CAVALLERIZZA", "july_2020": "procedure in progress", "october_2021": "procedure in progress", "july_2022": "procedure in progress", "december_2022": "procedure in progress", "april_2024": "procedure in progress", "february_2025": "under construction", "december_2025": "under construction" }, "geometry": { "type": "Polygon", "coordinates": [ [ [ 7.6889062, 45.069773 ], [ 7.6889903, 45.0698926 ], [ 7.6886446, 45.0700239 ], [ 7.6885625, 45.0699012 ], [ 7.6889062, 45.069773 ] ] ] } },
{ "type": "Feature", "properties": { "osm_id": 318188963, "height": 9.0, "has_osm_height": false, "code": "N048", "name": "CAVALLERIZZA", "july_2020": "procedure in progress", "october_2021": "procedure in progress", "july_2022": "procedure in progress", "december_2022": "procedure in progress", "april_2024": "procedure in progress", "february_2025": "under construction", "december_2025": "under construction" }, "geometry": { "type": "Polygon", "coordinates": [ [ [ 7.689869, 45.0698357 ], [ 7.6898564, 45.069821 ], [ 7.6896387, 45.0695061 ], [ 7.6891345, 45.0696913 ], [ 7.689377, 45.0700411 ], [ 7.6893897, 45.0700033 ], [ 7.6893911, 45.0699949 ], [ 7.689252, 45.0697914 ], [ 7.6895706, 45.0696775 ], [ 7.6897055, 45.0698752 ], [ 7.689712, 45.0698937 ], [ 7.689869, 45.0698357 ] ] ] } },
{ "type": "Feature", "properties": { "osm_id": 318188964, "height": 9.0, "has_osm_height": false, "code": "N048", "name": "CAVALLERIZZA", "july_2020": "procedure in progress", "october_2021": "procedure in progress", "july_2022": "procedure in progress", "december_2022": "procedure in progress", "april_2024": "procedure in progress", "february_2025": "under construction", "december_2025": "under construction" }, "geometry": { "type": "Polygon", "coordinates": [ [ [ 7.6897043, 45.0705775 ], [ 7.6896275, 45.0704691 ], [ 7.6905232, 45.0701508 ], [ 7.6906004, 45.0702554 ], [ 7.6897043, 45.0705775 ] ] ] } },
{ "type": "Feature", "properties": { "osm_id": 318191733, "height": 9.0, "has_osm_height": false, "code": "N048", "name": "CAVALLERIZZA", "july_2020": "procedure in progress", "october_2021": "procedure in progress", "july_2022": "procedure in progress", "december_2022": "procedure in progress", "april_2024": "procedure in progress", "february_2025": "under construction", "december_2025": "under construction" }, "geometry": { "type": "Polygon", "coordinates": [ [ [ 7.6907387, 45.0697328 ], [ 7.6905371, 45.069591 ], [ 7.6903337, 45.0697643 ], [ 7.6902603, 45.0696679 ], [ 7.6902207, 45.0696126 ], [ 7.6899073, 45.0697323 ], [ 7.6899596, 45.0698044 ], [ 7.6901035, 45.0697529 ], [ 7.6903193, 45.0700574 ], [ 7.6907387, 45.0697328 ] ] ] } },
{ "type": "Feature", "properties": { "osm_id": 338112561, "height": 9.0, "has_osm_height": false, "code": "N047", "name": "LA MARMORA", "july_2020": "procedure in progress", "october_2021": "procedure in progress", "july_2022": "procedure in progress", "december_2022": "procedure in progress", "april_2024": "procedure in progress", "february_2025": "procedure in progress", "december_2025": "on hold" }, "geometry": { "type": "Polygon", "coordinates": [ [ [ 7.7059911, 45.0628321 ], [ 7.7054605, 45.062627 ], [ 7.7054708, 45.0626136 ], [ 7.7054367, 45.0626005 ], [ 7.7055167, 45.0624978 ], [ 7.7055479, 45.0625099 ], [ 7.7055678, 45.0624842 ], [ 7.7060494, 45.0626703 ], [ 7.706101, 45.0626903 ], [ 7.7059911, 45.0628321 ] ] ] } },
{ "type": "Feature", "properties": { "osm_id": 338112563, "height": 9.0, "has_osm_height": false, "code": "N047", "name": "LA MARMORA", "july_2020": "procedure in progress", "october_2021": "procedure in progress", "july_2022": "procedure in progress", "december_2022": "procedure in progress", "april_2024": "procedure in progress", "february_2025": "procedure in progress", "december_2025": "on hold" }, "geometry": { "type": "Polygon", "coordinates": [ [ [ 7.7081676, 45.0628711 ], [ 7.7081372, 45.0628593 ], [ 7.7081485, 45.0628448 ], [ 7.7076222, 45.0626413 ], [ 7.7075128, 45.0627825 ], [ 7.7075768, 45.0628073 ], [ 7.7080374, 45.0629853 ], [ 7.7080557, 45.0629617 ], [ 7.7080889, 45.0629745 ], [ 7.7081676, 45.0628711 ] ] ] } },
{ "type": "Feature", "properties": { "osm_id": 338112564, "height": 9.0, "has_osm_height": false, "code": "N047", "name": "LA MARMORA", "july_2020": "procedure in progress", "october_2021": "procedure in progress", "july_2022": "procedure in progress", "december_2022": "procedure in progress", "april_2024": "procedure in progress", "february_2025": "procedure in progress", "december_2025": "on hold" }, "geometry": { "type": "Polygon", "coordinates": [ [ [ 7.705879, 45.0620882 ], [ 7.7063556, 45.0622725 ], [ 7.7064089, 45.0622931 ], [ 7.7065208, 45.0621486 ], [ 7.7059945, 45.0619451 ], [ 7.7059787, 45.0619655 ], [ 7.705937, 45.0619494 ], [ 7.7058583, 45.06205 ], [ 7.705897, 45.062065 ], [ 7.705879, 45.0620882 ] ] ] } },
{ "type": "Feature", "properties": { "osm_id": 338112566, "height": 9.0, "has_osm_height": false, "code": "N047", "name": "LA MARMORA", "july_2020": "procedure in progress", "october_2021": "procedure in progress", "july_2022": "procedure in progress", "december_2022": "procedure in progress", "april_2024": "procedure in progress", "february_2025": "procedure in progress", "december_2025": "on hold" }, "geometry": { "type": "Polygon", "coordinates": [ [ [ 7.7077954, 45.0633588 ], [ 7.7077651, 45.063347 ], [ 7.707773, 45.0633368 ], [ 7.7073097, 45.0631576 ], [ 7.7072423, 45.0631316 ], [ 7.7071324, 45.0632734 ], [ 7.7076615, 45.0634779 ], [ 7.7076774, 45.0634574 ], [ 7.7076836, 45.0634493 ], [ 7.7077168, 45.0634622 ], [ 7.7077954, 45.0633588 ] ] ] } },
{ "type": "Feature", "properties": { "osm_id": 338112567, "height": 9.0, "has_osm_height": false, "code": "N047", "name": "LA MARMORA", "july_2020": "procedure in progress", "october_2021": "procedure in progress", "july_2022": "procedure in progress", "december_2022": "procedure in progress", "april_2024": "procedure in progress", "february_2025": "procedure in progress", "december_2025": "on hold" }, "geometry": { "type": "Polygon", "coordinates": [ [ [ 7.708007, 45.0630876 ], [ 7.7079766, 45.0630759 ], [ 7.7079883, 45.0630608 ], [ 7.7075205, 45.06288 ], [ 7.7074565, 45.0628552 ], [ 7.7073465, 45.062997 ], [ 7.7074139, 45.0630231 ], [ 7.7078767, 45.063202 ], [ 7.7078951, 45.0631782 ], [ 7.7079283, 45.063191 ], [ 7.708007, 45.0630876 ] ] ] } },
{ "type": "Feature", "properties": { "osm_id": 338112568, "height": 9.0, "has_osm_height": false, "code": "N047", "name": "LA MARMORA", "july_2020": "procedure in progress", "october_2021": "procedure in progress", "july_2022": "procedure in progress", "december_2022": "procedure in progress", "april_2024": "procedure in progress", "february_2025": "procedure in progress", "december_2025": "on hold" }, "geometry": { "type": "Polygon", "coordinates": [ [ [ 7.7056744, 45.0623634 ], [ 7.706146, 45.0625457 ], [ 7.7061976, 45.0625657 ], [ 7.7063103, 45.0624203 ], [ 7.706257, 45.0623997 ], [ 7.7057858, 45.0622175 ], [ 7.7057691, 45.0622391 ], [ 7.7057357, 45.0622262 ], [ 7.7056594, 45.0623281 ], [ 7.705692, 45.0623407 ], [ 7.7056744, 45.0623634 ] ] ] } },
{ "type": "Feature", "properties": { "osm_id": 338112569, "height": 9.0, "has_osm_height": false, "code": "N047", "name": "LA MARMORA", "july_2020": "procedure in progress", "october_2021": "procedure in progress", "july_2022": "procedure in progress", "december_2022": "procedure in progress", "april_2024": "procedure in progress", "february_2025": "procedure in progress", "december_2025": "on hold" }, "geometry": { "type": "Polygon", "coordinates": [ [ [ 7.7066754, 45.0623212 ], [ 7.7073633, 45.0626433 ], [ 7.7074788, 45.0625202 ], [ 7.7067909, 45.0621982 ], [ 7.7066754, 45.0623212 ] ] ] } },
{ "type": "Feature", "properties": { "osm_id": 338112571, "height": 9.0, "has_osm_height": false, "code": "N047", "name": "LA MARMORA", "july_2020": "procedure in progress", "october_2021": "procedure in progress", "july_2022": "procedure in progress", "december_2022": "procedure in progress", "april_2024": "procedure in progress", "february_2025": "procedure in progress", "december_2025": "on hold" }, "geometry": { "type": "Polygon", "coordinates": [ [ [ 7.7074565, 45.0628552 ], [ 7.7075128, 45.0627825 ], [ 7.7075768, 45.0628073 ], [ 7.7075205, 45.06288 ], [ 7.7074565, 45.0628552 ] ] ] } },
{ "type": "Feature", "properties": { "osm_id": 338112572, "height": 9.0, "has_osm_height": false, "code": "N047", "name": "LA MARMORA", "july_2020": "procedure in progress", "october_2021": "procedure in progress", "july_2022": "procedure in progress", "december_2022": "procedure in progress", "april_2024": "procedure in progress", "february_2025": "procedure in progress", "december_2025": "on hold" }, "geometry": { "type": "Polygon", "coordinates": [ [ [ 7.7061052, 45.0628762 ], [ 7.7065443, 45.063046 ], [ 7.7070014, 45.0632227 ], [ 7.7071113, 45.0630809 ], [ 7.7062151, 45.0627344 ], [ 7.7061052, 45.0628762 ] ] ] } },
{ "type": "Feature", "properties": { "osm_id": 338112573, "height": 9.0, "has_osm_height": false, "code": "N047", "name": "LA MARMORA", "july_2020": "procedure in progress", "october_2021": "procedure in progress", "july_2022": "procedure in progress", "december_2022": "procedure in progress", "april_2024": "procedure in progress", "february_2025": "procedure in progress", "december_2025": "on hold" }, "geometry": { "type": "Polygon", "coordinates": [ [ [ 7.706101, 45.0626903 ], [ 7.7061976, 45.0625657 ], [ 7.706146, 45.0625457 ], [ 7.7060494, 45.0626703 ], [ 7.706101, 45.0626903 ] ] ] } },
{ "type": "Feature", "properties": { "osm_id": 338112575, "height": 9.0, "has_osm_height": false, "code": "N047", "name": "LA MARMORA", "july_2020": "procedure in progress", "october_2021": "procedure in progress", "july_2022": "procedure in progress", "december_2022": "procedure in progress", "april_2024": "procedure in progress", "february_2025": "procedure in progress", "december_2025": "on hold" }, "geometry": { "type": "Polygon", "coordinates": [ [ [ 7.7070014, 45.0632227 ], [ 7.7071324, 45.0632734 ], [ 7.7072423, 45.0631316 ], [ 7.7071113, 45.0630809 ], [ 7.7070014, 45.0632227 ] ] ] } },
{ "type": "Feature", "properties": { "osm_id": 338112576, "height": 9.0, "has_osm_height": false, "code": "N047", "name": "LA MARMORA", "july_2020": "procedure in progress", "october_2021": "procedure in progress", "july_2022": "procedure in progress", "december_2022": "procedure in progress", "april_2024": "procedure in progress", "february_2025": "procedure in progress", "december_2025": "on hold" }, "geometry": { "type": "Polygon", "coordinates": [ [ [ 7.7061052, 45.0628762 ], [ 7.7059911, 45.0628321 ], [ 7.706101, 45.0626903 ], [ 7.7062151, 45.0627344 ], [ 7.7061052, 45.0628762 ] ] ] } },
{ "type": "Feature", "properties": { "osm_id": 338112577, "height": 9.0, "has_osm_height": false, "code": "N047", "name": "LA MARMORA", "july_2020": "procedure in progress", "october_2021": "procedure in progress", "july_2022": "procedure in progress", "december_2022": "procedure in progress", "april_2024": "procedure in progress", "february_2025": "procedure in progress", "december_2025": "on hold" }, "geometry": { "type": "Polygon", "coordinates": [ [ [ 7.705391, 45.0626002 ], [ 7.7056231, 45.0623397 ], [ 7.7055545, 45.0623095 ], [ 7.7053211, 45.0625741 ], [ 7.705391, 45.0626002 ] ] ] } },
{ "type": "Feature", "properties": { "osm_id": 338112578, "height": 9.0, "has_osm_height": false, "code": "N047", "name": "LA MARMORA", "july_2020": "procedure in progress", "october_2021": "procedure in progress", "july_2022": "procedure in progress", "december_2022": "procedure in progress", "april_2024": "procedure in progress", "february_2025": "procedure in progress", "december_2025": "on hold" }, "geometry": { "type": "Polygon", "coordinates": [ [ [ 7.7063103, 45.0624203 ], [ 7.7064089, 45.0622931 ], [ 7.7063556, 45.0622725 ], [ 7.706257, 45.0623997 ], [ 7.7063103, 45.0624203 ] ] ] } },
{ "type": "Feature", "properties": { "osm_id": 338112580, "height": 9.0, "has_osm_height": false, "code": "N047", "name": "LA MARMORA", "july_2020": "procedure in progress", "october_2021": "procedure in progress", "july_2022": "procedure in progress", "december_2022": "procedure in progress", "april_2024": "procedure in progress", "february_2025": "procedure in progress", "december_2025": "on hold" }, "geometry": { "type": "Polygon", "coordinates": [ [ [ 7.7073465, 45.062997 ], [ 7.7072423, 45.0631316 ], [ 7.7073097, 45.0631576 ], [ 7.7074139, 45.0630231 ], [ 7.7073465, 45.062997 ] ] ] } },
{ "type": "Feature", "properties": { "osm_id": 339403588, "height": 9.0, "has_osm_height": false, "code": "N045", "name": "AMIONE", "july_2020": "procedure in progress", "october_2021": "procedure in progress", "july_2022": "procedure in progress", "december_2022": "procedure in progress", "april_2024": "procedure in progress", "february_2025": "procedure in progress", "december_2025": "procedure in progress" }, "geometry": { "type": "Polygon", "coordinates": [ [ [ 7.6446787, 45.0760341 ], [ 7.6447222, 45.0760918 ], [ 7.6448021, 45.0760617 ], [ 7.6447586, 45.0760041 ], [ 7.6446787, 45.0760341 ] ] ] } },
{ "type": "Feature", "properties": { "osm_id": 339403589, "height": 9.0, "has_osm_height": false, "code": "N045", "name": "AMIONE", "july_2020": "procedure in progress", "october_2021": "procedure in progress", "july_2022": "procedure in progress", "december_2022": "procedure in progress", "april_2024": "procedure in progress", "february_2025": "procedure in progress", "december_2025": "procedure in progress" }, "geometry": { "type": "Polygon", "coordinates": [ [ [ 7.645625, 45.0772561 ], [ 7.6457085, 45.0774406 ], [ 7.6458844, 45.0774009 ], [ 7.6458009, 45.0772165 ], [ 7.645625, 45.0772561 ] ] ] } },
{ "type": "Feature", "properties": { "osm_id": 387914294, "height": 9.0, "has_osm_height": false, "code": "N042", "name": "BASSE STURA", "july_2020": "under construction", "october_2021": "under construction", "july_2022": "under construction", "december_2022": "under construction", "april_2024": "under construction", "february_2025": "removed", "december_2025": "" }, "geometry": { "type": "Polygon", "coordinates": [ [ [ 7.6905383, 45.11639 ], [ 7.6906217, 45.1165918 ], [ 7.6908488, 45.1165451 ], [ 7.6907655, 45.1163433 ], [ 7.6905383, 45.11639 ] ] ] } },
{ "type": "Feature", "properties": { "osm_id": 425958178, "height": 9.0, "has_osm_height": false, "code": "N045", "name": "AMIONE", "july_2020": "procedure in progress", "october_2021": "procedure in progress", "july_2022": "procedure in progress", "december_2022": "procedure in progress", "april_2024": "procedure in progress", "february_2025": "procedure in progress", "december_2025": "procedure in progress" }, "geometry": { "type": "Polygon", "coordinates": [ [ [ 7.6453947, 45.0775305 ], [ 7.6454151, 45.077564 ], [ 7.6455353, 45.0775279 ], [ 7.6455063, 45.0774966 ], [ 7.6453947, 45.0775305 ] ] ] } },
{ "type": "Feature", "properties": { "osm_id": 425958179, "height": 9.0, "has_osm_height": false, "code": "N045", "name": "AMIONE", "july_2020": "procedure in progress", "october_2021": "procedure in progress", "july_2022": "procedure in progress", "december_2022": "procedure in progress", "april_2024": "procedure in progress", "february_2025": "procedure in progress", "december_2025": "procedure in progress" }, "geometry": { "type": "Polygon", "coordinates": [ [ [ 7.6452466, 45.0775393 ], [ 7.6452877, 45.0775267 ], [ 7.6452777, 45.0775106 ], [ 7.6452366, 45.0775232 ], [ 7.6452466, 45.0775393 ] ] ] } },
{ "type": "Feature", "properties": { "osm_id": 425958180, "height": 6.4, "has_osm_height": true, "code": "N045", "name": "AMIONE", "july_2020": "procedure in progress", "october_2021": "procedure in progress", "july_2022": "procedure in progress", "december_2022": "procedure in progress", "april_2024": "procedure in progress", "february_2025": "procedure in progress", "december_2025": "procedure in progress" }, "geometry": { "type": "Polygon", "coordinates": [ [ [ 7.6452869, 45.0776455 ], [ 7.6454296, 45.0775979 ], [ 7.6455537, 45.0777616 ], [ 7.6453838, 45.0777841 ], [ 7.6452869, 45.0776455 ] ] ] } },
{ "type": "Feature", "properties": { "osm_id": 425958181, "height": 9.0, "has_osm_height": false, "code": "N045", "name": "AMIONE", "july_2020": "procedure in progress", "october_2021": "procedure in progress", "july_2022": "procedure in progress", "december_2022": "procedure in progress", "april_2024": "procedure in progress", "february_2025": "procedure in progress", "december_2025": "procedure in progress" }, "geometry": { "type": "Polygon", "coordinates": [ [ [ 7.6461798, 45.0776211 ], [ 7.6456747, 45.0776789 ], [ 7.6456181, 45.0776853 ], [ 7.6456334, 45.0777522 ], [ 7.6461952, 45.077688 ], [ 7.6461798, 45.0776211 ] ] ] } },
{ "type": "Feature", "properties": { "osm_id": 451463388, "height": 8.0, "has_osm_height": true, "code": "N195", "name": "LE NUOVE CARCERI", "july_2020": "", "october_2021": "", "july_2022": "", "december_2022": "", "april_2024": "procedure in progress", "february_2025": "procedure in progress", "december_2025": "procedure in progress" }, "geometry": { "type": "Polygon", "coordinates": [ [ [ 7.65939, 45.0684769 ], [ 7.65929, 45.0683296 ], [ 7.659892, 45.0681242 ], [ 7.6599176, 45.0681154 ], [ 7.6600212, 45.0682636 ], [ 7.65939, 45.0684769 ] ] ] } },
{ "type": "Feature", "properties": { "osm_id": 451796883, "height": 9.0, "has_osm_height": false, "code": "N042", "name": "BASSE STURA", "july_2020": "under construction", "october_2021": "under construction", "july_2022": "under construction", "december_2022": "under construction", "april_2024": "under construction", "february_2025": "removed", "december_2025": "" }, "geometry": { "type": "Polygon", "coordinates": [ [ [ 7.6903385, 45.128837 ], [ 7.6901712, 45.1284715 ], [ 7.6903276, 45.1284359 ], [ 7.690395, 45.1285832 ], [ 7.690422, 45.1286424 ], [ 7.6904948, 45.1288015 ], [ 7.6903385, 45.128837 ] ] ] } },
{ "type": "Feature", "properties": { "osm_id": 451796884, "height": 9.0, "has_osm_height": false, "code": "N042", "name": "BASSE STURA", "july_2020": "under construction", "october_2021": "under construction", "july_2022": "under construction", "december_2022": "under construction", "april_2024": "under construction", "february_2025": "removed", "december_2025": "" }, "geometry": { "type": "Polygon", "coordinates": [ [ [ 7.690422, 45.1286424 ], [ 7.6904811, 45.128671 ], [ 7.690724, 45.1286177 ], [ 7.6906792, 45.1285182 ], [ 7.690395, 45.1285832 ], [ 7.690422, 45.1286424 ] ] ] } },
{ "type": "Feature", "properties": { "osm_id": 451796885, "height": 9.0, "has_osm_height": false, "code": "N042", "name": "BASSE STURA", "july_2020": "under construction", "october_2021": "under construction", "july_2022": "under construction", "december_2022": "under construction", "april_2024": "under construction", "february_2025": "removed", "december_2025": "" }, "geometry": { "type": "Polygon", "coordinates": [ [ [ 7.6906831, 45.1287718 ], [ 7.6907351, 45.1287026 ], [ 7.6908255, 45.1287364 ], [ 7.6907735, 45.1288056 ], [ 7.6906831, 45.1287718 ] ] ] } },
{ "type": "Feature", "properties": { "osm_id": 538339116, "height": 9.0, "has_osm_height": false, "code": "N042", "name": "BASSE STURA", "july_2020": "under construction", "october_2021": "under construction", "july_2022": "under construction", "december_2022": "under construction", "april_2024": "under construction", "february_2025": "removed", "december_2025": "" }, "geometry": { "type": "Polygon", "coordinates": [ [ [ 7.6880163, 45.1222108 ], [ 7.687706, 45.122142 ], [ 7.6881526, 45.1211397 ], [ 7.6884932, 45.1212153 ], [ 7.6884634, 45.1212821 ], [ 7.688253, 45.1212354 ], [ 7.688126, 45.1215203 ], [ 7.6882485, 45.1215474 ], [ 7.6882282, 45.121593 ], [ 7.6885141, 45.1216565 ], [ 7.6884688, 45.1217581 ], [ 7.6881113, 45.1216788 ], [ 7.6879512, 45.1220381 ], [ 7.6880804, 45.1220668 ], [ 7.6880163, 45.1222108 ] ] ] } },
{ "type": "Feature", "properties": { "osm_id": 538339118, "height": 9.0, "has_osm_height": false, "code": "N042", "name": "BASSE STURA", "july_2020": "under construction", "october_2021": "under construction", "july_2022": "under construction", "december_2022": "under construction", "april_2024": "under construction", "february_2025": "removed", "december_2025": "" }, "geometry": { "type": "Polygon", "coordinates": [ [ [ 7.6925699, 45.1237917 ], [ 7.6927321, 45.1237415 ], [ 7.6927123, 45.1237136 ], [ 7.6930405, 45.1236075 ], [ 7.6929377, 45.1234569 ], [ 7.6928546, 45.123482 ], [ 7.69291, 45.1235685 ], [ 7.6925067, 45.1236968 ], [ 7.6925699, 45.1237917 ] ] ] } },
{ "type": "Feature", "properties": { "osm_id": 538339121, "height": 9.0, "has_osm_height": false, "code": "N042", "name": "BASSE STURA", "july_2020": "under construction", "october_2021": "under construction", "july_2022": "under construction", "december_2022": "under construction", "april_2024": "under construction", "february_2025": "removed", "december_2025": "" }, "geometry": { "type": "Polygon", "coordinates": [ [ [ 7.6907434, 45.1248481 ], [ 7.6910973, 45.1245634 ], [ 7.6910072, 45.1245077 ], [ 7.6906533, 45.1247924 ], [ 7.6907434, 45.1248481 ] ] ] } },
{ "type": "Feature", "properties": { "osm_id": 538339123, "height": 9.0, "has_osm_height": false, "code": "N042", "name": "BASSE STURA", "july_2020": "under construction", "october_2021": "under construction", "july_2022": "under construction", "december_2022": "under construction", "april_2024": "under construction", "february_2025": "removed", "december_2025": "" }, "geometry": { "type": "Polygon", "coordinates": [ [ [ 7.6907604, 45.1245961 ], [ 7.6908691, 45.1244987 ], [ 7.6907947, 45.1244573 ], [ 7.690686, 45.1245548 ], [ 7.6907604, 45.1245961 ] ] ] } },
{ "type": "Feature", "properties": { "osm_id": 656563894, "height": 9.0, "has_osm_height": false, "code": "N042", "name": "BASSE STURA", "july_2020": "under construction", "october_2021": "under construction", "july_2022": "under construction", "december_2022": "under construction", "april_2024": "under construction", "february_2025": "removed", "december_2025": "" }, "geometry": { "type": "Polygon", "coordinates": [ [ [ 7.6986153, 45.1168044 ], [ 7.698862, 45.1174365 ], [ 7.6994038, 45.1173835 ], [ 7.699538, 45.1171413 ], [ 7.6991624, 45.1168498 ], [ 7.6988996, 45.1167362 ], [ 7.6986153, 45.1168044 ] ] ] } },
{ "type": "Feature", "properties": { "osm_id": 656563895, "height": 9.0, "has_osm_height": false, "code": "N042", "name": "BASSE STURA", "july_2020": "under construction", "october_2021": "under construction", "july_2022": "under construction", "december_2022": "under construction", "april_2024": "under construction", "february_2025": "removed", "december_2025": "" }, "geometry": { "type": "Polygon", "coordinates": [ [ [ 7.6959995, 45.1158796 ], [ 7.696695, 45.1157357 ], [ 7.6964136, 45.1150584 ], [ 7.6963893, 45.115 ], [ 7.6956938, 45.1151439 ], [ 7.6959995, 45.1158796 ] ] ] } },
{ "type": "Feature", "properties": { "osm_id": 732157572, "height": 9.0, "has_osm_height": false, "code": "N195", "name": "LE NUOVE CARCERI", "july_2020": "", "october_2021": "", "july_2022": "", "december_2022": "", "april_2024": "procedure in progress", "february_2025": "procedure in progress", "december_2025": "procedure in progress" }, "geometry": { "type": "Polygon", "coordinates": [ [ [ 7.6591966, 45.0682836 ], [ 7.6593823, 45.068218 ], [ 7.6592639, 45.0680456 ], [ 7.6592142, 45.067978 ], [ 7.6591634, 45.0679069 ], [ 7.6591299, 45.0678616 ], [ 7.6589443, 45.0679272 ], [ 7.6591966, 45.0682836 ] ] ] } },
{ "type": "Feature", "properties": { "osm_id": 732157573, "height": 9.0, "has_osm_height": false, "code": "N195", "name": "LE NUOVE CARCERI", "july_2020": "", "october_2021": "", "july_2022": "", "december_2022": "", "april_2024": "procedure in progress", "february_2025": "procedure in progress", "december_2025": "procedure in progress" }, "geometry": { "type": "Polygon", "coordinates": [ [ [ 7.6592142, 45.067978 ], [ 7.6595025, 45.0678724 ], [ 7.6594528, 45.0678032 ], [ 7.6591634, 45.0679069 ], [ 7.6592142, 45.067978 ] ] ] } },
{ "type": "Feature", "properties": { "osm_id": 732157574, "height": 9.0, "has_osm_height": false, "code": "N195", "name": "LE NUOVE CARCERI", "july_2020": "", "october_2021": "", "july_2022": "", "december_2022": "", "april_2024": "procedure in progress", "february_2025": "procedure in progress", "december_2025": "procedure in progress" }, "geometry": { "type": "Polygon", "coordinates": [ [ [ 7.6595025, 45.0678724 ], [ 7.6596552, 45.0678164 ], [ 7.6595386, 45.0676611 ], [ 7.6593874, 45.0677163 ], [ 7.6594528, 45.0678032 ], [ 7.6595025, 45.0678724 ] ] ] } },
{ "type": "Feature", "properties": { "osm_id": 732157575, "height": 9.0, "has_osm_height": false, "code": "N195", "name": "LE NUOVE CARCERI", "july_2020": "", "october_2021": "", "july_2022": "", "december_2022": "", "april_2024": "procedure in progress", "february_2025": "procedure in progress", "december_2025": "procedure in progress" }, "geometry": { "type": "Polygon", "coordinates": [ [ [ 7.6592639, 45.0680456 ], [ 7.6593417, 45.0680171 ], [ 7.6593178, 45.0679847 ], [ 7.6595045, 45.0679163 ], [ 7.6596406, 45.0681016 ], [ 7.6596835, 45.0680904 ], [ 7.659892, 45.0681242 ], [ 7.6599176, 45.0681154 ], [ 7.6599041, 45.0680961 ], [ 7.6596669, 45.0680656 ], [ 7.6595542, 45.0679123 ], [ 7.6596304, 45.0678844 ], [ 7.6596701, 45.0679383 ], [ 7.659769, 45.0679017 ], [ 7.6597361, 45.0678544 ], [ 7.6596946, 45.0678699 ], [ 7.6596552, 45.0678164 ], [ 7.6595025, 45.0678724 ], [ 7.6592142, 45.067978 ], [ 7.6592639, 45.0680456 ] ] ] } },
{ "type": "Feature", "properties": { "osm_id": 732157578, "height": 9.0, "has_osm_height": false, "code": "N195", "name": "LE NUOVE CARCERI", "july_2020": "", "october_2021": "", "july_2022": "", "december_2022": "", "april_2024": "procedure in progress", "february_2025": "procedure in progress", "december_2025": "procedure in progress" }, "geometry": { "type": "Polygon", "coordinates": [ [ [ 7.6596616, 45.068725 ], [ 7.6597514, 45.0686927 ], [ 7.6595676, 45.0684375 ], [ 7.6594777, 45.0684698 ], [ 7.6596616, 45.068725 ] ] ] } },
{ "type": "Feature", "properties": { "osm_id": 801921545, "height": 9.0, "has_osm_height": false, "code": "N044", "name": "CASCINA CITTA'", "july_2020": "procedure in progress", "october_2021": "procedure in progress", "july_2022": "procedure in progress", "december_2022": "procedure in progress", "april_2024": "procedure in progress", "february_2025": "procedure in progress", "december_2025": "procedure in progress" }, "geometry": { "type": "Polygon", "coordinates": [ [ [ 7.6599303, 45.1161699 ], [ 7.6593063, 45.1161279 ], [ 7.6593184, 45.1160408 ], [ 7.6593575, 45.1157659 ], [ 7.6593672, 45.1156901 ], [ 7.6592704, 45.1156836 ], [ 7.6592784, 45.1156244 ], [ 7.6595287, 45.1156414 ], [ 7.6595238, 45.115677 ], [ 7.6596894, 45.1156882 ], [ 7.6596775, 45.1157753 ], [ 7.6594877, 45.1157624 ], [ 7.6594521, 45.1160419 ], [ 7.6599417, 45.1160772 ], [ 7.6599303, 45.1161699 ] ] ] } },
{ "type": "Feature", "properties": { "osm_id": 801921546, "height": 9.0, "has_osm_height": false, "code": "N044", "name": "CASCINA CITTA'", "july_2020": "procedure in progress", "october_2021": "procedure in progress", "july_2022": "procedure in progress", "december_2022": "procedure in progress", "april_2024": "procedure in progress", "february_2025": "procedure in progress", "december_2025": "procedure in progress" }, "geometry": { "type": "Polygon", "coordinates": [ [ [ 7.6589657, 45.1160879 ], [ 7.6593063, 45.1161279 ], [ 7.6593184, 45.1160408 ], [ 7.6590944, 45.1160178 ], [ 7.65914, 45.1157547 ], [ 7.6593575, 45.1157659 ], [ 7.6593672, 45.1156901 ], [ 7.6592704, 45.1156836 ], [ 7.6590328, 45.1156696 ], [ 7.6589657, 45.1160879 ] ] ] } },
{ "type": "Feature", "properties": { "osm_id": 801923110, "height": 9.0, "has_osm_height": false, "code": "N042", "name": "BASSE STURA", "july_2020": "under construction", "october_2021": "under construction", "july_2022": "under construction", "december_2022": "under construction", "april_2024": "under construction", "february_2025": "removed", "december_2025": "" }, "geometry": { "type": "Polygon", "coordinates": [ [ [ 7.6741827, 45.1154284 ], [ 7.6744965, 45.1155003 ], [ 7.6745046, 45.1156725 ], [ 7.6745689, 45.1156725 ], [ 7.6745663, 45.1157293 ], [ 7.674628, 45.1157293 ], [ 7.6746119, 45.1154227 ], [ 7.6742274, 45.1153377 ], [ 7.6741827, 45.1154284 ] ] ] } },
{ "type": "Feature", "properties": { "osm_id": 802209845, "height": 9.0, "has_osm_height": false, "code": "N042", "name": "BASSE STURA", "july_2020": "under construction", "october_2021": "under construction", "july_2022": "under construction", "december_2022": "under construction", "april_2024": "under construction", "february_2025": "removed", "december_2025": "" }, "geometry": { "type": "Polygon", "coordinates": [ [ [ 7.696695, 45.1157357 ], [ 7.6972781, 45.1156218 ], [ 7.6969723, 45.1149404 ], [ 7.6964136, 45.1150584 ], [ 7.696695, 45.1157357 ] ] ] } },
{ "type": "Feature", "properties": { "osm_id": 878911145, "height": 9.0, "has_osm_height": false, "code": "N042", "name": "BASSE STURA", "july_2020": "under construction", "october_2021": "under construction", "july_2022": "under construction", "december_2022": "under construction", "april_2024": "under construction", "february_2025": "removed", "december_2025": "" }, "geometry": { "type": "Polygon", "coordinates": [ [ [ 7.6649594, 45.123134 ], [ 7.6650047, 45.1231933 ], [ 7.6652139, 45.1231138 ], [ 7.6651686, 45.1230545 ], [ 7.6649594, 45.123134 ] ] ] } },
{ "type": "Feature", "properties": { "osm_id": 878911146, "height": 9.0, "has_osm_height": false, "code": "N042", "name": "BASSE STURA", "july_2020": "under construction", "october_2021": "under construction", "july_2022": "under construction", "december_2022": "under construction", "april_2024": "under construction", "february_2025": "removed", "december_2025": "" }, "geometry": { "type": "Polygon", "coordinates": [ [ [ 7.6660109, 45.1225473 ], [ 7.666322, 45.1225889 ], [ 7.666342, 45.1225145 ], [ 7.6660309, 45.1224728 ], [ 7.6660109, 45.1225473 ] ] ] } },
{ "type": "Feature", "properties": { "osm_id": 878911147, "height": 9.0, "has_osm_height": false, "code": "N042", "name": "BASSE STURA", "july_2020": "under construction", "october_2021": "under construction", "july_2022": "under construction", "december_2022": "under construction", "april_2024": "under construction", "february_2025": "removed", "december_2025": "" }, "geometry": { "type": "Polygon", "coordinates": [ [ [ 7.666094, 45.122252 ], [ 7.6665473, 45.1223202 ], [ 7.66658, 45.1222118 ], [ 7.6661267, 45.1221437 ], [ 7.666094, 45.122252 ] ] ] } },
{ "type": "Feature", "properties": { "osm_id": 882464758, "height": 9.0, "has_osm_height": false, "code": "N042", "name": "BASSE STURA", "july_2020": "under construction", "october_2021": "under construction", "july_2022": "under construction", "december_2022": "under construction", "april_2024": "under construction", "february_2025": "removed", "december_2025": "" }, "geometry": { "type": "Polygon", "coordinates": [ [ [ 7.6708161, 45.123896 ], [ 7.6706499, 45.1239011 ], [ 7.6706527, 45.1239471 ], [ 7.6708189, 45.123942 ], [ 7.6708161, 45.123896 ] ] ] } },
{ "type": "Feature", "properties": { "osm_id": 882464759, "height": 9.0, "has_osm_height": false, "code": "N042", "name": "BASSE STURA", "july_2020": "under construction", "october_2021": "under construction", "july_2022": "under construction", "december_2022": "under construction", "april_2024": "under construction", "february_2025": "removed", "december_2025": "" }, "geometry": { "type": "Polygon", "coordinates": [ [ [ 7.6706499, 45.1239011 ], [ 7.6708161, 45.123896 ], [ 7.6708105, 45.1238062 ], [ 7.6706444, 45.1238112 ], [ 7.6706499, 45.1239011 ] ] ] } },
{ "type": "Feature", "properties": { "osm_id": 882464760, "height": 9.0, "has_osm_height": false, "code": "N042", "name": "BASSE STURA", "july_2020": "under construction", "october_2021": "under construction", "july_2022": "under construction", "december_2022": "under construction", "april_2024": "under construction", "february_2025": "removed", "december_2025": "" }, "geometry": { "type": "Polygon", "coordinates": [ [ [ 7.6698104, 45.123893 ], [ 7.6697594, 45.1240579 ], [ 7.6700108, 45.1240967 ], [ 7.6700618, 45.1239317 ], [ 7.6698104, 45.123893 ] ] ] } },
{ "type": "Feature", "properties": { "osm_id": 882464761, "height": 9.0, "has_osm_height": false, "code": "N042", "name": "BASSE STURA", "july_2020": "under construction", "october_2021": "under construction", "july_2022": "under construction", "december_2022": "under construction", "april_2024": "under construction", "february_2025": "removed", "december_2025": "" }, "geometry": { "type": "Polygon", "coordinates": [ [ [ 7.6697078, 45.1237686 ], [ 7.6696895, 45.1238275 ], [ 7.6700709, 45.1238867 ], [ 7.6700893, 45.1238277 ], [ 7.6697078, 45.1237686 ] ] ] } },
{ "type": "Feature", "properties": { "osm_id": 882464762, "height": 9.0, "has_osm_height": false, "code": "N042", "name": "BASSE STURA", "july_2020": "under construction", "october_2021": "under construction", "july_2022": "under construction", "december_2022": "under construction", "april_2024": "under construction", "february_2025": "removed", "december_2025": "" }, "geometry": { "type": "Polygon", "coordinates": [ [ [ 7.6685259, 45.1247004 ], [ 7.6686089, 45.1246867 ], [ 7.668554, 45.1245215 ], [ 7.668471, 45.1245353 ], [ 7.6685259, 45.1247004 ] ] ] } },
{ "type": "Feature", "properties": { "osm_id": 882464763, "height": 9.0, "has_osm_height": false, "code": "N042", "name": "BASSE STURA", "july_2020": "under construction", "october_2021": "under construction", "july_2022": "under construction", "december_2022": "under construction", "april_2024": "under construction", "february_2025": "removed", "december_2025": "" }, "geometry": { "type": "Polygon", "coordinates": [ [ [ 7.668445, 45.1250491 ], [ 7.6684679, 45.1250826 ], [ 7.668624, 45.1250296 ], [ 7.6686011, 45.124996 ], [ 7.668445, 45.1250491 ] ] ] } },
{ "type": "Feature", "properties": { "osm_id": 882464764, "height": 9.0, "has_osm_height": false, "code": "N042", "name": "BASSE STURA", "july_2020": "under construction", "october_2021": "under construction", "july_2022": "under construction", "december_2022": "under construction", "april_2024": "under construction", "february_2025": "removed", "december_2025": "" }, "geometry": { "type": "Polygon", "coordinates": [ [ [ 7.6686242, 45.1249206 ], [ 7.6686822, 45.1250164 ], [ 7.6691417, 45.1248777 ], [ 7.6690837, 45.124782 ], [ 7.6686242, 45.1249206 ] ] ] } },
{ "type": "Feature", "properties": { "osm_id": 1008878418, "height": 6.4, "has_osm_height": true, "code": "N041", "name": "POLITECNICO 2", "july_2020": "procedure in progress", "october_2021": "completed", "july_2022": "completed", "december_2022": "completed", "april_2024": "completed", "february_2025": "completed", "december_2025": "completed" }, "geometry": { "type": "Polygon", "coordinates": [ [ [ 7.6576841, 45.0664937 ], [ 7.6580342, 45.0663726 ], [ 7.657957, 45.0662584 ], [ 7.6579144, 45.0661954 ], [ 7.6578494, 45.0660737 ], [ 7.6575665, 45.0661326 ], [ 7.6575627, 45.066122 ], [ 7.6575584, 45.0661098 ], [ 7.6578207, 45.0660301 ], [ 7.6577556, 45.0659078 ], [ 7.6577095, 45.0659133 ], [ 7.6576914, 45.065883 ], [ 7.6576705, 45.0658478 ], [ 7.6576804, 45.0658418 ], [ 7.6575585, 45.0657201 ], [ 7.6572934, 45.0658372 ], [ 7.6573253, 45.0658708 ], [ 7.6572949, 45.065882 ], [ 7.6572604, 45.0658946 ], [ 7.6576841, 45.0664937 ] ] ] } },
{ "type": "Feature", "properties": { "osm_id": 1063527568, "height": 9.0, "has_osm_height": false, "code": "N046", "name": "CESARE DI SALUZZO", "july_2020": "procedure in progress", "october_2021": "procedure in progress", "july_2022": "procedure in progress", "december_2022": "procedure in progress", "april_2024": "procedure in progress", "february_2025": "procedure in progress", "december_2025": "procedure in progress" }, "geometry": { "type": "Polygon", "coordinates": [ [ [ 7.6735256, 45.0770516 ], [ 7.6740017, 45.0768827 ], [ 7.6739589, 45.0768219 ], [ 7.6734828, 45.0769901 ], [ 7.6735256, 45.0770516 ] ] ] } },
{ "type": "Feature", "properties": { "osm_id": 1063527569, "height": 9.0, "has_osm_height": false, "code": "N046", "name": "CESARE DI SALUZZO", "july_2020": "procedure in progress", "october_2021": "procedure in progress", "july_2022": "procedure in progress", "december_2022": "procedure in progress", "april_2024": "procedure in progress", "february_2025": "procedure in progress", "december_2025": "procedure in progress" }, "geometry": { "type": "Polygon", "coordinates": [ [ [ 7.6734523, 45.0769461 ], [ 7.6736126, 45.0768896 ], [ 7.6734122, 45.0766012 ], [ 7.6732547, 45.0766574 ], [ 7.6732522, 45.0766583 ], [ 7.6734523, 45.0769461 ] ] ] } },
{ "type": "Feature", "properties": { "osm_id": 1063527570, "height": 9.0, "has_osm_height": false, "code": "N046", "name": "CESARE DI SALUZZO", "july_2020": "procedure in progress", "october_2021": "procedure in progress", "july_2022": "procedure in progress", "december_2022": "procedure in progress", "april_2024": "procedure in progress", "february_2025": "procedure in progress", "december_2025": "procedure in progress" }, "geometry": { "type": "Polygon", "coordinates": [ [ [ 7.6734122, 45.0766012 ], [ 7.673459, 45.0765846 ], [ 7.6734621, 45.076589 ], [ 7.6735093, 45.0765718 ], [ 7.6735147, 45.0765791 ], [ 7.6737765, 45.0764861 ], [ 7.673768, 45.0764745 ], [ 7.6738175, 45.0764572 ], [ 7.6737551, 45.0763721 ], [ 7.6731951, 45.0765726 ], [ 7.6732547, 45.0766574 ], [ 7.6734122, 45.0766012 ] ] ] } },
{ "type": "Feature", "properties": { "osm_id": 1063527571, "height": 9.0, "has_osm_height": false, "code": "N046", "name": "CESARE DI SALUZZO", "july_2020": "procedure in progress", "october_2021": "procedure in progress", "july_2022": "procedure in progress", "december_2022": "procedure in progress", "april_2024": "procedure in progress", "february_2025": "procedure in progress", "december_2025": "procedure in progress" }, "geometry": { "type": "Polygon", "coordinates": [ [ [ 7.6737781, 45.0763395 ], [ 7.6740052, 45.0762557 ], [ 7.6743574, 45.076758 ], [ 7.6741247, 45.0768369 ], [ 7.6737781, 45.0763395 ] ] ] } },
{ "type": "Feature", "properties": { "osm_id": 1065539042, "height": 3.2, "has_osm_height": true, "code": "N038", "name": "WESTINGHOUSE", "july_2020": "procedure in progress", "october_2021": "procedure in progress", "july_2022": "procedure in progress", "december_2022": "procedure in progress", "april_2024": "procedure in progress", "february_2025": "procedure in progress", "december_2025": "procedure in progress" }, "geometry": { "type": "Polygon", "coordinates": [ [ [ 7.6580939, 45.0698776 ], [ 7.6580745, 45.0698507 ], [ 7.6580206, 45.0698701 ], [ 7.6580401, 45.069897 ], [ 7.6580939, 45.0698776 ] ] ] } },
{ "type": "Feature", "properties": { "osm_id": 1066706050, "height": 9.0, "has_osm_height": false, "code": "N039", "name": "REGALDI", "july_2020": "procedure in progress", "october_2021": "procedure in progress", "july_2022": "under construction", "december_2022": "under construction", "april_2024": "under construction", "february_2025": "under construction", "december_2025": "procedure in progress" }, "geometry": { "type": "Polygon", "coordinates": [ [ [ 7.7002756, 45.080733 ], [ 7.7003471, 45.0806501 ], [ 7.7002985, 45.0806273 ], [ 7.7003109, 45.0806137 ], [ 7.7002438, 45.0805828 ], [ 7.7001582, 45.0806803 ], [ 7.7002756, 45.080733 ] ] ] } },
{ "type": "Feature", "properties": { "osm_id": 1066706051, "height": 9.0, "has_osm_height": false, "code": "N039", "name": "REGALDI", "july_2020": "procedure in progress", "october_2021": "procedure in progress", "july_2022": "under construction", "december_2022": "under construction", "april_2024": "under construction", "february_2025": "under construction", "december_2025": "procedure in progress" }, "geometry": { "type": "Polygon", "coordinates": [ [ [ 7.7003313, 45.0804831 ], [ 7.7003883, 45.0805091 ], [ 7.7004737, 45.0804146 ], [ 7.7004151, 45.0803877 ], [ 7.7003313, 45.0804831 ] ] ] } },
{ "type": "Feature", "properties": { "osm_id": 1066706052, "height": 9.0, "has_osm_height": false, "code": "N039", "name": "REGALDI", "july_2020": "procedure in progress", "october_2021": "procedure in progress", "july_2022": "under construction", "december_2022": "under construction", "april_2024": "under construction", "february_2025": "under construction", "december_2025": "procedure in progress" }, "geometry": { "type": "Polygon", "coordinates": [ [ [ 7.7004964, 45.080295 ], [ 7.7005715, 45.0803271 ], [ 7.7008002, 45.080078 ], [ 7.7007187, 45.0800419 ], [ 7.7004964, 45.080295 ] ] ] } },
{ "type": "Feature", "properties": { "osm_id": 1066706053, "height": 9.0, "has_osm_height": false, "code": "N039", "name": "REGALDI", "july_2020": "procedure in progress", "october_2021": "procedure in progress", "july_2022": "under construction", "december_2022": "under construction", "april_2024": "under construction", "february_2025": "under construction", "december_2025": "procedure in progress" }, "geometry": { "type": "Polygon", "coordinates": [ [ [ 7.7007405, 45.080017 ], [ 7.7008561, 45.0800688 ], [ 7.7008738, 45.0800496 ], [ 7.7009357, 45.0800763 ], [ 7.7010152, 45.079987 ], [ 7.7008355, 45.0799088 ], [ 7.7007405, 45.080017 ] ] ] } },
{ "type": "Feature", "properties": { "osm_id": 1066706054, "height": 9.0, "has_osm_height": false, "code": "N039", "name": "REGALDI", "july_2020": "procedure in progress", "october_2021": "procedure in progress", "july_2022": "under construction", "december_2022": "under construction", "april_2024": "under construction", "february_2025": "under construction", "december_2025": "procedure in progress" }, "geometry": { "type": "Polygon", "coordinates": [ [ [ 7.7010152, 45.079987 ], [ 7.7009357, 45.0800763 ], [ 7.7009059, 45.0801096 ], [ 7.70122, 45.0802521 ], [ 7.7013303, 45.0801241 ], [ 7.7010152, 45.079987 ] ] ] } },
{ "type": "Feature", "properties": { "osm_id": 1066706055, "height": 9.0, "has_osm_height": false, "code": "N039", "name": "REGALDI", "july_2020": "procedure in progress", "october_2021": "procedure in progress", "july_2022": "under construction", "december_2022": "under construction", "april_2024": "under construction", "february_2025": "under construction", "december_2025": "procedure in progress" }, "geometry": { "type": "Polygon", "coordinates": [ [ [ 7.70122, 45.0802521 ], [ 7.7015449, 45.0803951 ], [ 7.7015468, 45.0803929 ], [ 7.7016567, 45.0802661 ], [ 7.7013303, 45.0801241 ], [ 7.70122, 45.0802521 ] ] ] } },
{ "type": "Feature", "properties": { "osm_id": 1066706056, "height": 9.0, "has_osm_height": false, "code": "N039", "name": "REGALDI", "july_2020": "procedure in progress", "october_2021": "procedure in progress", "july_2022": "under construction", "december_2022": "under construction", "april_2024": "under construction", "february_2025": "under construction", "december_2025": "procedure in progress" }, "geometry": { "type": "Polygon", "coordinates": [ [ [ 7.7015468, 45.0803929 ], [ 7.7016444, 45.0804136 ], [ 7.7017375, 45.0803955 ], [ 7.7017901, 45.0804177 ], [ 7.7018491, 45.0803532 ], [ 7.7016567, 45.0802661 ], [ 7.7015468, 45.0803929 ] ] ] } },
{ "type": "Feature", "properties": { "osm_id": 1104381720, "height": 9.0, "has_osm_height": false, "code": "N189", "name": "VEGLIO", "july_2020": "", "october_2021": "", "july_2022": "", "december_2022": "procedure in progress", "april_2024": "under construction", "february_2025": "under construction", "december_2025": "under construction" }, "geometry": { "type": "Polygon", "coordinates": [ [ [ 7.6546115, 45.1126666 ], [ 7.6546291, 45.1126005 ], [ 7.6553467, 45.1127013 ], [ 7.655327, 45.1127638 ], [ 7.6548885, 45.1127048 ], [ 7.6548943, 45.1126859 ], [ 7.6547039, 45.1126589 ], [ 7.6546993, 45.1126781 ], [ 7.6546115, 45.1126666 ] ] ] } },
{ "type": "Feature", "properties": { "osm_id": 1157616178, "height": 9.0, "has_osm_height": false, "code": "N040", "name": "NEBIOLO", "july_2020": "procedure in progress", "october_2021": "procedure in progress", "july_2022": "procedure in progress", "december_2022": "procedure in progress", "april_2024": "procedure in progress", "february_2025": "procedure in progress", "december_2025": "procedure in progress" }, "geometry": { "type": "Polygon", "coordinates": [ [ [ 7.6960894, 45.0838105 ], [ 7.696437, 45.0839671 ], [ 7.6967433, 45.0836232 ], [ 7.6965616, 45.0835443 ], [ 7.696401, 45.0834721 ], [ 7.6961013, 45.0837982 ], [ 7.6960894, 45.0838105 ] ] ] } },
{ "type": "Feature", "properties": { "osm_id": 1158404264, "height": 9.0, "has_osm_height": false, "code": "N040", "name": "NEBIOLO", "july_2020": "procedure in progress", "october_2021": "procedure in progress", "july_2022": "procedure in progress", "december_2022": "procedure in progress", "april_2024": "procedure in progress", "february_2025": "procedure in progress", "december_2025": "procedure in progress" }, "geometry": { "type": "Polygon", "coordinates": [ [ [ 7.6966541, 45.0834382 ], [ 7.6968357, 45.0835171 ], [ 7.6967433, 45.0836232 ], [ 7.6965616, 45.0835443 ], [ 7.6966541, 45.0834382 ] ] ] } },
{ "type": "Feature", "properties": { "osm_id": 1228264500, "height": 9.0, "has_osm_height": false, "code": "N042", "name": "BASSE STURA", "july_2020": "under construction", "october_2021": "under construction", "july_2022": "under construction", "december_2022": "under construction", "april_2024": "under construction", "february_2025": "removed", "december_2025": "" }, "geometry": { "type": "Polygon", "coordinates": [ [ [ 7.6942247, 45.1257733 ], [ 7.6943329, 45.1257636 ], [ 7.6943268, 45.1257196 ], [ 7.6942164, 45.1257281 ], [ 7.6942247, 45.1257733 ] ] ] } },
{ "type": "Feature", "properties": { "osm_id": 1228264501, "height": 9.0, "has_osm_height": false, "code": "N042", "name": "BASSE STURA", "july_2020": "under construction", "october_2021": "under construction", "july_2022": "under construction", "december_2022": "under construction", "april_2024": "under construction", "february_2025": "removed", "december_2025": "" }, "geometry": { "type": "Polygon", "coordinates": [ [ [ 7.6934598, 45.1256885 ], [ 7.6933685, 45.1255633 ], [ 7.6936639, 45.1254562 ], [ 7.6937154, 45.1255295 ], [ 7.6936657, 45.1255482 ], [ 7.693703, 45.1255952 ], [ 7.6934598, 45.1256885 ] ] ] } },
{ "type": "Feature", "properties": { "osm_id": 1228264502, "height": 9.0, "has_osm_height": false, "code": "N042", "name": "BASSE STURA", "july_2020": "under construction", "october_2021": "under construction", "july_2022": "under construction", "december_2022": "under construction", "april_2024": "under construction", "february_2025": "removed", "december_2025": "" }, "geometry": { "type": "Polygon", "coordinates": [ [ [ 7.6913167, 45.1287062 ], [ 7.6913969, 45.1286896 ], [ 7.6913865, 45.128662 ], [ 7.6913054, 45.1286776 ], [ 7.6913167, 45.1287062 ] ] ] } },
{ "type": "Feature", "properties": { "osm_id": 1228264503, "height": 9.0, "has_osm_height": false, "code": "N042", "name": "BASSE STURA", "july_2020": "under construction", "october_2021": "under construction", "july_2022": "under construction", "december_2022": "under construction", "april_2024": "under construction", "february_2025": "removed", "december_2025": "" }, "geometry": { "type": "Polygon", "coordinates": [ [ [ 7.6913002, 45.1286353 ], [ 7.6913794, 45.1286154 ], [ 7.6913657, 45.1285931 ], [ 7.6912879, 45.1286111 ], [ 7.6913002, 45.1286353 ] ] ] } },
{ "type": "Feature", "properties": { "osm_id": 1237511778, "height": 9.0, "has_osm_height": false, "code": "N037", "name": "DIATTO", "july_2020": "procedure in progress", "october_2021": "procedure in progress", "july_2022": "under construction", "december_2022": "under construction", "april_2024": "completed", "february_2025": "completed", "december_2025": "completed" }, "geometry": { "type": "Polygon", "coordinates": [ [ [ 7.6492157, 45.0707888 ], [ 7.6507017, 45.0709157 ], [ 7.6507982, 45.0708475 ], [ 7.6507044, 45.0704933 ], [ 7.6493157, 45.0705869 ], [ 7.6491862, 45.0705956 ], [ 7.6492157, 45.0707888 ] ] ] } },
{ "type": "Feature", "properties": { "osm_id": 1237709944, "height": 9.0, "has_osm_height": false, "code": "N042", "name": "BASSE STURA", "july_2020": "under construction", "october_2021": "under construction", "july_2022": "under construction", "december_2022": "under construction", "april_2024": "under construction", "february_2025": "removed", "december_2025": "" }, "geometry": { "type": "Polygon", "coordinates": [ [ [ 7.6927927, 45.1214646 ], [ 7.692712, 45.1215503 ], [ 7.6928883, 45.1216328 ], [ 7.692969, 45.1215471 ], [ 7.6927927, 45.1214646 ] ] ] } },
{ "type": "Feature", "properties": { "osm_id": 1237709946, "height": 9.0, "has_osm_height": false, "code": "N042", "name": "BASSE STURA", "july_2020": "under construction", "october_2021": "under construction", "july_2022": "under construction", "december_2022": "under construction", "april_2024": "under construction", "february_2025": "removed", "december_2025": "" }, "geometry": { "type": "Polygon", "coordinates": [ [ [ 7.6932738, 45.116846 ], [ 7.6933647, 45.1168834 ], [ 7.6934457, 45.1167855 ], [ 7.6933547, 45.1167481 ], [ 7.6932738, 45.116846 ] ] ] } },
{ "type": "Feature", "properties": { "osm_id": 1237709947, "height": 9.0, "has_osm_height": false, "code": "N042", "name": "BASSE STURA", "july_2020": "under construction", "october_2021": "under construction", "july_2022": "under construction", "december_2022": "under construction", "april_2024": "under construction", "february_2025": "removed", "december_2025": "" }, "geometry": { "type": "Polygon", "coordinates": [ [ [ 7.6925629, 45.1172497 ], [ 7.6927554, 45.1172118 ], [ 7.6926311, 45.1168978 ], [ 7.6924387, 45.1169357 ], [ 7.6925629, 45.1172497 ] ] ] } },
{ "type": "Feature", "properties": { "osm_id": 1237709948, "height": 9.0, "has_osm_height": false, "code": "N042", "name": "BASSE STURA", "july_2020": "under construction", "october_2021": "under construction", "july_2022": "under construction", "december_2022": "under construction", "april_2024": "under construction", "february_2025": "removed", "december_2025": "" }, "geometry": { "type": "Polygon", "coordinates": [ [ [ 7.6873036, 45.1200821 ], [ 7.6873773, 45.120149 ], [ 7.6875334, 45.1200633 ], [ 7.6874596, 45.1199964 ], [ 7.6873036, 45.1200821 ] ] ] } },
{ "type": "Feature", "properties": { "osm_id": 1237709949, "height": 9.0, "has_osm_height": false, "code": "N042", "name": "BASSE STURA", "july_2020": "under construction", "october_2021": "under construction", "july_2022": "under construction", "december_2022": "under construction", "april_2024": "under construction", "february_2025": "removed", "december_2025": "" }, "geometry": { "type": "Polygon", "coordinates": [ [ [ 7.6862777, 45.1193378 ], [ 7.6861478, 45.1194795 ], [ 7.6869338, 45.1198384 ], [ 7.6870637, 45.1196967 ], [ 7.6862777, 45.1193378 ] ] ] } },
{ "type": "Feature", "properties": { "osm_id": 1237709950, "height": 9.0, "has_osm_height": false, "code": "N042", "name": "BASSE STURA", "july_2020": "under construction", "october_2021": "under construction", "july_2022": "under construction", "december_2022": "under construction", "april_2024": "under construction", "february_2025": "removed", "december_2025": "" }, "geometry": { "type": "Polygon", "coordinates": [ [ [ 7.689101, 45.1195254 ], [ 7.689197, 45.1196098 ], [ 7.6893929, 45.1194989 ], [ 7.6892969, 45.1194145 ], [ 7.689101, 45.1195254 ] ] ] } },
{ "type": "Feature", "properties": { "osm_id": 1237709951, "height": 9.0, "has_osm_height": false, "code": "N042", "name": "BASSE STURA", "july_2020": "under construction", "october_2021": "under construction", "july_2022": "under construction", "december_2022": "under construction", "april_2024": "under construction", "february_2025": "removed", "december_2025": "" }, "geometry": { "type": "Polygon", "coordinates": [ [ [ 7.6913175, 45.1177921 ], [ 7.6915979, 45.1176333 ], [ 7.6914446, 45.1174985 ], [ 7.6911641, 45.1176574 ], [ 7.6913175, 45.1177921 ] ] ] } },
{ "type": "Feature", "properties": { "osm_id": 1237709952, "height": 9.0, "has_osm_height": false, "code": "N042", "name": "BASSE STURA", "july_2020": "under construction", "october_2021": "under construction", "july_2022": "under construction", "december_2022": "under construction", "april_2024": "under construction", "february_2025": "removed", "december_2025": "" }, "geometry": { "type": "Polygon", "coordinates": [ [ [ 7.6901153, 45.1184834 ], [ 7.6911698, 45.1178862 ], [ 7.6910025, 45.1177391 ], [ 7.689948, 45.1183363 ], [ 7.6901153, 45.1184834 ] ] ] } },
{ "type": "Feature", "properties": { "osm_id": 1237709953, "height": 9.0, "has_osm_height": false, "code": "N042", "name": "BASSE STURA", "july_2020": "under construction", "october_2021": "under construction", "july_2022": "under construction", "december_2022": "under construction", "april_2024": "under construction", "february_2025": "removed", "december_2025": "" }, "geometry": { "type": "Polygon", "coordinates": [ [ [ 7.6890519, 45.1173272 ], [ 7.6891358, 45.1172797 ], [ 7.6890464, 45.1172011 ], [ 7.6890589, 45.117194 ], [ 7.6889739, 45.1171192 ], [ 7.6888774, 45.1171738 ], [ 7.6890519, 45.1173272 ] ] ] } },
{ "type": "Feature", "properties": { "osm_id": 1237709954, "height": 9.0, "has_osm_height": false, "code": "N042", "name": "BASSE STURA", "july_2020": "under construction", "october_2021": "under construction", "july_2022": "under construction", "december_2022": "under construction", "april_2024": "under construction", "february_2025": "removed", "december_2025": "" }, "geometry": { "type": "Polygon", "coordinates": [ [ [ 7.6884855, 45.1172987 ], [ 7.6885939, 45.117394 ], [ 7.6887803, 45.1172885 ], [ 7.6886718, 45.1171931 ], [ 7.6884855, 45.1172987 ] ] ] } },
{ "type": "Feature", "properties": { "osm_id": 1237709955, "height": 9.0, "has_osm_height": false, "code": "N042", "name": "BASSE STURA", "july_2020": "under construction", "october_2021": "under construction", "july_2022": "under construction", "december_2022": "under construction", "april_2024": "under construction", "february_2025": "removed", "december_2025": "" }, "geometry": { "type": "Polygon", "coordinates": [ [ [ 7.6887803, 45.1175434 ], [ 7.6891242, 45.1178457 ], [ 7.690306, 45.1171763 ], [ 7.6899621, 45.116874 ], [ 7.6897115, 45.1170159 ], [ 7.6896001, 45.1169179 ], [ 7.689102, 45.1172 ], [ 7.6892135, 45.117298 ], [ 7.6887803, 45.1175434 ] ] ] } },
{ "type": "Feature", "properties": { "osm_id": 1237709956, "height": 9.0, "has_osm_height": false, "code": "N042", "name": "BASSE STURA", "july_2020": "under construction", "october_2021": "under construction", "july_2022": "under construction", "december_2022": "under construction", "april_2024": "under construction", "february_2025": "removed", "december_2025": "" }, "geometry": { "type": "Polygon", "coordinates": [ [ [ 7.6893177, 45.117992 ], [ 7.6896354, 45.1182712 ], [ 7.6910285, 45.1174822 ], [ 7.6907109, 45.1172029 ], [ 7.6893177, 45.117992 ] ] ] } },
{ "type": "Feature", "properties": { "osm_id": 1237709957, "height": 9.0, "has_osm_height": false, "code": "N042", "name": "BASSE STURA", "july_2020": "under construction", "october_2021": "under construction", "july_2022": "under construction", "december_2022": "under construction", "april_2024": "under construction", "february_2025": "removed", "december_2025": "" }, "geometry": { "type": "Polygon", "coordinates": [ [ [ 7.687607, 45.1179553 ], [ 7.68796, 45.1182656 ], [ 7.6887167, 45.117837 ], [ 7.6883637, 45.1175267 ], [ 7.687607, 45.1179553 ] ] ] } },
{ "type": "Feature", "properties": { "osm_id": 1237709958, "height": 9.0, "has_osm_height": false, "code": "N042", "name": "BASSE STURA", "july_2020": "under construction", "october_2021": "under construction", "july_2022": "under construction", "december_2022": "under construction", "april_2024": "under construction", "february_2025": "removed", "december_2025": "" }, "geometry": { "type": "Polygon", "coordinates": [ [ [ 7.6882832, 45.1184202 ], [ 7.6883902, 45.1185143 ], [ 7.6885491, 45.1184243 ], [ 7.6884421, 45.1183302 ], [ 7.6882832, 45.1184202 ] ] ] } },
{ "type": "Feature", "properties": { "osm_id": 1237709959, "height": 9.0, "has_osm_height": false, "code": "N042", "name": "BASSE STURA", "july_2020": "under construction", "october_2021": "under construction", "july_2022": "under construction", "december_2022": "under construction", "april_2024": "under construction", "february_2025": "removed", "december_2025": "" }, "geometry": { "type": "Polygon", "coordinates": [ [ [ 7.6885202, 45.1181714 ], [ 7.6887721, 45.1183929 ], [ 7.6891559, 45.1181755 ], [ 7.688904, 45.117954 ], [ 7.6885202, 45.1181714 ] ] ] } },
{ "type": "Feature", "properties": { "osm_id": 1237709960, "height": 9.0, "has_osm_height": false, "code": "N042", "name": "BASSE STURA", "july_2020": "under construction", "october_2021": "under construction", "july_2022": "under construction", "december_2022": "under construction", "april_2024": "under construction", "february_2025": "removed", "december_2025": "" }, "geometry": { "type": "Polygon", "coordinates": [ [ [ 7.6888901, 45.1185058 ], [ 7.689037, 45.118635 ], [ 7.6894738, 45.1183876 ], [ 7.6893269, 45.1182584 ], [ 7.6888901, 45.1185058 ] ] ] } },
{ "type": "Feature", "properties": { "osm_id": 1237709961, "height": 9.0, "has_osm_height": false, "code": "N042", "name": "BASSE STURA", "july_2020": "under construction", "october_2021": "under construction", "july_2022": "under construction", "december_2022": "under construction", "april_2024": "under construction", "february_2025": "removed", "december_2025": "" }, "geometry": { "type": "Polygon", "coordinates": [ [ [ 7.6884508, 45.1187465 ], [ 7.6886152, 45.1188909 ], [ 7.6889999, 45.1186731 ], [ 7.6888355, 45.1185286 ], [ 7.6884508, 45.1187465 ] ] ] } },
{ "type": "Feature", "properties": { "osm_id": 1237709962, "height": 9.0, "has_osm_height": false, "code": "N042", "name": "BASSE STURA", "july_2020": "under construction", "october_2021": "under construction", "july_2022": "under construction", "december_2022": "under construction", "april_2024": "under construction", "february_2025": "removed", "december_2025": "" }, "geometry": { "type": "Polygon", "coordinates": [ [ [ 7.6888843, 45.1189626 ], [ 7.6890303, 45.119091 ], [ 7.6900922, 45.1184895 ], [ 7.6899462, 45.1183612 ], [ 7.6888843, 45.1189626 ] ] ] } },
{ "type": "Feature", "properties": { "osm_id": 1237709963, "height": 9.0, "has_osm_height": false, "code": "N042", "name": "BASSE STURA", "july_2020": "under construction", "october_2021": "under construction", "july_2022": "under construction", "december_2022": "under construction", "april_2024": "under construction", "february_2025": "removed", "december_2025": "" }, "geometry": { "type": "Polygon", "coordinates": [ [ [ 7.6881387, 45.1193867 ], [ 7.6882929, 45.1195217 ], [ 7.6886801, 45.1193015 ], [ 7.688526, 45.1191665 ], [ 7.6881387, 45.1193867 ] ] ] } },
{ "type": "Feature", "properties": { "osm_id": 1237709964, "height": 9.0, "has_osm_height": false, "code": "N042", "name": "BASSE STURA", "july_2020": "under construction", "october_2021": "under construction", "july_2022": "under construction", "december_2022": "under construction", "april_2024": "under construction", "february_2025": "removed", "december_2025": "" }, "geometry": { "type": "Polygon", "coordinates": [ [ [ 7.6874047, 45.1188036 ], [ 7.6877931, 45.1191483 ], [ 7.6882439, 45.1188955 ], [ 7.6878555, 45.1185507 ], [ 7.6874047, 45.1188036 ] ] ] } },
{ "type": "Feature", "properties": { "osm_id": 1237709965, "height": 9.0, "has_osm_height": false, "code": "N042", "name": "BASSE STURA", "july_2020": "under construction", "october_2021": "under construction", "july_2022": "under construction", "december_2022": "under construction", "april_2024": "under construction", "february_2025": "removed", "december_2025": "" }, "geometry": { "type": "Polygon", "coordinates": [ [ [ 7.6868037, 45.1189463 ], [ 7.6876821, 45.1184488 ], [ 7.6873047, 45.1181169 ], [ 7.6864262, 45.1186145 ], [ 7.6868037, 45.1189463 ] ] ] } },
{ "type": "Feature", "properties": { "osm_id": 1292113528, "height": 9.0, "has_osm_height": false, "code": "N038", "name": "WESTINGHOUSE", "july_2020": "procedure in progress", "october_2021": "procedure in progress", "july_2022": "procedure in progress", "december_2022": "procedure in progress", "april_2024": "procedure in progress", "february_2025": "procedure in progress", "december_2025": "procedure in progress" }, "geometry": { "type": "Polygon", "coordinates": [ [ [ 7.6570123, 45.0686125 ], [ 7.6581254, 45.0682175 ], [ 7.6580754, 45.0681508 ], [ 7.6569671, 45.0685458 ], [ 7.6570123, 45.0686125 ] ] ] } },
{ "type": "Feature", "properties": { "osm_id": 107042216, "height": 9.6, "has_osm_height": true, "code": "N056", "name": "ARLECCHINO", "july_2020": "procedure in progress", "october_2021": "procedure in progress", "july_2022": "procedure in progress", "december_2022": "on hold", "april_2024": "on hold", "february_2025": "on hold", "december_2025": "on hold" }, "geometry": { "type": "Polygon", "coordinates": [ [ [ 7.670978, 45.0559218 ], [ 7.6708756, 45.0557811 ], [ 7.6708657, 45.055729 ], [ 7.6711535, 45.0555292 ], [ 7.6712897, 45.0556201 ], [ 7.6712194, 45.0556707 ], [ 7.6712789, 45.0558623 ], [ 7.6711309, 45.0558959 ], [ 7.670978, 45.0559218 ] ] ] } },
{ "type": "Feature", "properties": { "osm_id": 131569906, "height": 9.0, "has_osm_height": false, "code": "N055", "name": "BERTOLAMET", "july_2020": "procedure in progress", "october_2021": "procedure in progress", "july_2022": "procedure in progress", "december_2022": "procedure in progress", "april_2024": "procedure in progress", "february_2025": "procedure in progress", "december_2025": "procedure in progress" }, "geometry": { "type": "Polygon", "coordinates": [ [ [ 7.6143407, 45.0328986 ], [ 7.6130757, 45.0332857 ], [ 7.6135028, 45.0339828 ], [ 7.6133724, 45.0340228 ], [ 7.6134293, 45.0341157 ], [ 7.6133095, 45.0341524 ], [ 7.6130265, 45.0336904 ], [ 7.6127344, 45.0337798 ], [ 7.6131312, 45.0344275 ], [ 7.6134255, 45.0343374 ], [ 7.6133803, 45.0342636 ], [ 7.6134963, 45.0342281 ], [ 7.6136145, 45.0344212 ], [ 7.6137413, 45.0343824 ], [ 7.6138657, 45.0345854 ], [ 7.6137276, 45.0346276 ], [ 7.6140266, 45.0351156 ], [ 7.6148701, 45.0348575 ], [ 7.6145685, 45.0343652 ], [ 7.6140575, 45.0345215 ], [ 7.613997, 45.0344228 ], [ 7.6150728, 45.0340937 ], [ 7.6143407, 45.0328986 ] ] ] } },
{ "type": "Feature", "properties": { "osm_id": 286294666, "height": 9.0, "has_osm_height": false, "code": "N057", "name": "CLARIANT", "july_2020": "procedure in progress", "october_2021": "procedure in progress", "july_2022": "procedure in progress", "december_2022": "procedure in progress", "april_2024": "procedure in progress", "february_2025": "on hold", "december_2025": "on hold" }, "geometry": { "type": "Polygon", "coordinates": [ [ [ 7.6268745, 45.0982331 ], [ 7.6269062, 45.0983375 ], [ 7.6270609, 45.0983168 ], [ 7.6270263, 45.0982066 ], [ 7.6268745, 45.0982331 ] ] ] } },
{ "type": "Feature", "properties": { "osm_id": 286294667, "height": 9.0, "has_osm_height": false, "code": "N057", "name": "CLARIANT", "july_2020": "procedure in progress", "october_2021": "procedure in progress", "july_2022": "procedure in progress", "december_2022": "procedure in progress", "april_2024": "procedure in progress", "february_2025": "on hold", "december_2025": "on hold" }, "geometry": { "type": "Polygon", "coordinates": [ [ [ 7.6269062, 45.0983375 ], [ 7.6261844, 45.0984465 ], [ 7.6261527, 45.0983421 ], [ 7.6268745, 45.0982331 ], [ 7.6269062, 45.0983375 ] ] ] } },
{ "type": "Feature", "properties": { "osm_id": 330960231, "height": 9.0, "has_osm_height": false, "code": "N050", "name": "BRAMANTE", "july_2020": "under construction", "october_2021": "under construction", "july_2022": "under construction", "december_2022": "under construction", "april_2024": "completed", "february_2025": "completed", "december_2025": "completed" }, "geometry": { "type": "Polygon", "coordinates": [ [ [ 7.6642898, 45.0470582 ], [ 7.664615, 45.046861 ], [ 7.6644306, 45.0466928 ], [ 7.665328, 45.0461646 ], [ 7.6647588, 45.0454343 ], [ 7.6643413, 45.0456764 ], [ 7.6641488, 45.045788 ], [ 7.6644519, 45.0460423 ], [ 7.663645, 45.0465243 ], [ 7.6642898, 45.0470582 ] ] ] } },
{ "type": "Feature", "properties": { "osm_id": 330960232, "height": 6.4, "has_osm_height": true, "code": "N050", "name": "BRAMANTE", "july_2020": "under construction", "october_2021": "under construction", "july_2022": "under construction", "december_2022": "under construction", "april_2024": "completed", "february_2025": "completed", "december_2025": "completed" }, "geometry": { "type": "Polygon", "coordinates": [ [ [ 7.6629104, 45.0466649 ], [ 7.6628007, 45.0465742 ], [ 7.6641316, 45.0457972 ], [ 7.664246, 45.0458978 ], [ 7.6634927, 45.0463523 ], [ 7.6634288, 45.0463003 ], [ 7.6630528, 45.0465214 ], [ 7.6630995, 45.0465643 ], [ 7.6629104, 45.0466649 ] ] ] } },
{ "type": "Feature", "properties": { "osm_id": 337865021, "height": 209.0, "has_osm_height": true, "code": "N078", "name": "PALAZZO REGIONE", "july_2020": "under construction", "october_2021": "under construction", "july_2022": "under construction", "december_2022": "completed", "april_2024": "completed", "february_2025": "completed", "december_2025": "completed" }, "geometry": { "type": "Polygon", "coordinates": [ [ [ 7.6635367, 45.0248155 ], [ 7.6634929, 45.024709 ], [ 7.6634329, 45.024552 ], [ 7.6633851, 45.0244342 ], [ 7.6632556, 45.0244599 ], [ 7.6628488, 45.0245401 ], [ 7.6629097, 45.0246964 ], [ 7.6629345, 45.0247601 ], [ 7.6629976, 45.024922 ], [ 7.663407, 45.0248412 ], [ 7.6635367, 45.0248155 ] ] ] } },
{ "type": "Feature", "properties": { "osm_id": 554021216, "height": 4.0, "has_osm_height": true, "code": "N052", "name": "TRAIANO", "july_2020": "procedure in progress", "october_2021": "procedure in progress", "july_2022": "procedure in progress", "december_2022": "completed", "april_2024": "completed", "february_2025": "completed", "december_2025": "completed" }, "geometry": { "type": "Polygon", "coordinates": [ [ [ 7.650545, 45.0215943 ], [ 7.650997, 45.0214327 ], [ 7.6509857, 45.021414 ], [ 7.6506588, 45.0208703 ], [ 7.6502158, 45.0209981 ], [ 7.650545, 45.0215943 ] ] ] } },
{ "type": "Feature", "properties": { "osm_id": 719632830, "height": 6.4, "has_osm_height": true, "code": "N078", "name": "PALAZZO REGIONE", "july_2020": "under construction", "october_2021": "under construction", "july_2022": "under construction", "december_2022": "completed", "april_2024": "completed", "february_2025": "completed", "december_2025": "completed" }, "geometry": { "type": "Polygon", "coordinates": [ [ [ 7.6629345, 45.0247601 ], [ 7.6626257, 45.0248262 ], [ 7.6626013, 45.0247624 ], [ 7.6629097, 45.0246964 ], [ 7.6629345, 45.0247601 ] ] ] } },
{ "type": "Feature", "properties": { "osm_id": 1054360932, "height": 9.0, "has_osm_height": false, "code": "N051", "name": "TORINO-CERES", "july_2020": "under construction", "october_2021": "under construction", "july_2022": "under construction", "december_2022": "under construction", "april_2024": "completed", "february_2025": "completed", "december_2025": "completed" }, "geometry": { "type": "Polygon", "coordinates": [ [ [ 7.6621831, 45.10651 ], [ 7.6623102, 45.1065684 ], [ 7.6623128, 45.1065696 ], [ 7.662435, 45.1064373 ], [ 7.6623027, 45.1063787 ], [ 7.6623009, 45.1063806 ], [ 7.6621857, 45.1065071 ], [ 7.6621831, 45.10651 ] ] ] } },
{ "type": "Feature", "properties": { "osm_id": 1054360935, "height": 9.0, "has_osm_height": false, "code": "N051", "name": "TORINO-CERES", "july_2020": "under construction", "october_2021": "under construction", "july_2022": "under construction", "december_2022": "under construction", "april_2024": "completed", "february_2025": "completed", "december_2025": "completed" }, "geometry": { "type": "Polygon", "coordinates": [ [ [ 7.6620446, 45.1069005 ], [ 7.6619195, 45.1068434 ], [ 7.6620174, 45.1067364 ], [ 7.6621425, 45.1067935 ], [ 7.6620446, 45.1069005 ] ] ] } },
{ "type": "Feature", "properties": { "osm_id": 1080338812, "height": 9.0, "has_osm_height": false, "code": "N051", "name": "TORINO-CERES", "july_2020": "under construction", "october_2021": "under construction", "july_2022": "under construction", "december_2022": "under construction", "april_2024": "completed", "february_2025": "completed", "december_2025": "completed" }, "geometry": { "type": "Polygon", "coordinates": [ [ [ 7.6622771, 45.1068819 ], [ 7.6624002, 45.1069215 ], [ 7.6624012, 45.1069197 ], [ 7.6624493, 45.1068255 ], [ 7.6623554, 45.1067973 ], [ 7.6622791, 45.1068797 ], [ 7.6622771, 45.1068819 ] ] ] } },
{ "type": "Feature", "properties": { "osm_id": 1080338813, "height": 9.0, "has_osm_height": false, "code": "N051", "name": "TORINO-CERES", "july_2020": "under construction", "october_2021": "under construction", "july_2022": "under construction", "december_2022": "under construction", "april_2024": "completed", "february_2025": "completed", "december_2025": "completed" }, "geometry": { "type": "Polygon", "coordinates": [ [ [ 7.6624012, 45.1069197 ], [ 7.662405, 45.106921 ], [ 7.6623514, 45.1070188 ], [ 7.6623367, 45.107015 ], [ 7.6623125, 45.1070088 ], [ 7.662305, 45.1070176 ], [ 7.6622998, 45.1070152 ], [ 7.6621984, 45.1069658 ], [ 7.6621959, 45.1069646 ], [ 7.6622746, 45.1068783 ], [ 7.6622791, 45.1068797 ], [ 7.6622771, 45.1068819 ], [ 7.6624002, 45.1069215 ], [ 7.6624012, 45.1069197 ] ] ] } },
{ "type": "Feature", "properties": { "osm_id": 1080338814, "height": 9.0, "has_osm_height": false, "code": "N051", "name": "TORINO-CERES", "july_2020": "under construction", "october_2021": "under construction", "july_2022": "under construction", "december_2022": "under construction", "april_2024": "completed", "february_2025": "completed", "december_2025": "completed" }, "geometry": { "type": "Polygon", "coordinates": [ [ [ 7.6622074, 45.1071134 ], [ 7.6622998, 45.1070152 ], [ 7.6621984, 45.1069658 ], [ 7.6621055, 45.1070647 ], [ 7.662192, 45.107106 ], [ 7.6622074, 45.1071134 ] ] ] } },
{ "type": "Feature", "properties": { "osm_id": 1080338815, "height": 9.0, "has_osm_height": false, "code": "N051", "name": "TORINO-CERES", "july_2020": "under construction", "october_2021": "under construction", "july_2022": "under construction", "december_2022": "under construction", "april_2024": "completed", "february_2025": "completed", "december_2025": "completed" }, "geometry": { "type": "Polygon", "coordinates": [ [ [ 7.6621055, 45.1070647 ], [ 7.6620051, 45.1071722 ], [ 7.6620263, 45.1071823 ], [ 7.6620663, 45.1071952 ], [ 7.6620703, 45.107191 ], [ 7.6621019, 45.107202 ], [ 7.662192, 45.107106 ], [ 7.6621055, 45.1070647 ] ] ] } },
{ "type": "Feature", "properties": { "osm_id": 1080338816, "height": 9.0, "has_osm_height": false, "code": "N051", "name": "TORINO-CERES", "july_2020": "under construction", "october_2021": "under construction", "july_2022": "under construction", "december_2022": "under construction", "april_2024": "completed", "february_2025": "completed", "december_2025": "completed" }, "geometry": { "type": "Polygon", "coordinates": [ [ [ 7.662192, 45.107106 ], [ 7.6622074, 45.1071134 ], [ 7.6622682, 45.1071421 ], [ 7.6622723, 45.107144 ], [ 7.6622575, 45.1071702 ], [ 7.6622619, 45.107172 ], [ 7.6622215, 45.1072464 ], [ 7.6621672, 45.1072255 ], [ 7.6621019, 45.107202 ], [ 7.662192, 45.107106 ] ] ] } },
{ "type": "Feature", "properties": { "osm_id": 1080338817, "height": 9.0, "has_osm_height": false, "code": "N051", "name": "TORINO-CERES", "july_2020": "under construction", "october_2021": "under construction", "july_2022": "under construction", "december_2022": "under construction", "april_2024": "completed", "february_2025": "completed", "december_2025": "completed" }, "geometry": { "type": "Polygon", "coordinates": [ [ [ 7.6621672, 45.1072255 ], [ 7.6620829, 45.107315 ], [ 7.6620742, 45.107312 ], [ 7.6619192, 45.1072584 ], [ 7.6620016, 45.1071705 ], [ 7.6620051, 45.1071722 ], [ 7.6620263, 45.1071823 ], [ 7.6620663, 45.1071952 ], [ 7.6620703, 45.107191 ], [ 7.6621019, 45.107202 ], [ 7.6621672, 45.1072255 ] ] ] } },
{ "type": "Feature", "properties": { "osm_id": 1080338818, "height": 9.0, "has_osm_height": false, "code": "N051", "name": "TORINO-CERES", "july_2020": "under construction", "october_2021": "under construction", "july_2022": "under construction", "december_2022": "under construction", "april_2024": "completed", "february_2025": "completed", "december_2025": "completed" }, "geometry": { "type": "Polygon", "coordinates": [ [ [ 7.6619192, 45.1072584 ], [ 7.661774, 45.1074156 ], [ 7.6617871, 45.1074216 ], [ 7.6619099, 45.1074772 ], [ 7.6619556, 45.1074286 ], [ 7.6619987, 45.1073827 ], [ 7.6620327, 45.1073935 ], [ 7.6620742, 45.107312 ], [ 7.6619192, 45.1072584 ] ] ] } },
{ "type": "Feature", "properties": { "osm_id": 1080338820, "height": 9.0, "has_osm_height": false, "code": "N051", "name": "TORINO-CERES", "july_2020": "under construction", "october_2021": "under construction", "july_2022": "under construction", "december_2022": "under construction", "april_2024": "completed", "february_2025": "completed", "december_2025": "completed" }, "geometry": { "type": "Polygon", "coordinates": [ [ [ 7.6621698, 45.1073433 ], [ 7.6622215, 45.1072464 ], [ 7.6621672, 45.1072255 ], [ 7.6620829, 45.107315 ], [ 7.6621698, 45.1073433 ] ] ] } },
{ "type": "Feature", "properties": { "osm_id": 1082053204, "height": 9.0, "has_osm_height": false, "code": "N051", "name": "TORINO-CERES", "july_2020": "under construction", "october_2021": "under construction", "july_2022": "under construction", "december_2022": "under construction", "april_2024": "completed", "february_2025": "completed", "december_2025": "completed" }, "geometry": { "type": "Polygon", "coordinates": [ [ [ 7.6623245, 45.1058627 ], [ 7.6624324, 45.1059124 ], [ 7.6624601, 45.1058834 ], [ 7.6625034, 45.1059044 ], [ 7.6625043, 45.1059743 ], [ 7.6625395, 45.1059742 ], [ 7.6625509, 45.1059741 ], [ 7.6625508, 45.1059709 ], [ 7.6626568, 45.10597 ], [ 7.6626564, 45.105915 ], [ 7.6626946, 45.1059152 ], [ 7.6627003, 45.1059152 ], [ 7.6626983, 45.1057312 ], [ 7.6626862, 45.1057313 ], [ 7.6626852, 45.1056361 ], [ 7.6625341, 45.1056437 ], [ 7.6623245, 45.1058627 ] ] ] } },
{ "type": "Feature", "properties": { "osm_id": 1082053205, "height": 9.0, "has_osm_height": false, "code": "N051", "name": "TORINO-CERES", "july_2020": "under construction", "october_2021": "under construction", "july_2022": "under construction", "december_2022": "under construction", "april_2024": "completed", "february_2025": "completed", "december_2025": "completed" }, "geometry": { "type": "Polygon", "coordinates": [ [ [ 7.6625395, 45.1059742 ], [ 7.6625415, 45.1060993 ], [ 7.6624914, 45.1061551 ], [ 7.6624507, 45.1062005 ], [ 7.6625908, 45.1062638 ], [ 7.6627138, 45.1061369 ], [ 7.6627099, 45.1059775 ], [ 7.662695, 45.1059776 ], [ 7.662695, 45.1059695 ], [ 7.6626568, 45.10597 ], [ 7.6625508, 45.1059709 ], [ 7.6625509, 45.1059741 ], [ 7.6625395, 45.1059742 ] ] ] } },
{ "type": "Feature", "properties": { "osm_id": 1082053207, "height": 9.0, "has_osm_height": false, "code": "N051", "name": "TORINO-CERES", "july_2020": "under construction", "october_2021": "under construction", "july_2022": "under construction", "december_2022": "under construction", "april_2024": "completed", "february_2025": "completed", "december_2025": "completed" }, "geometry": { "type": "Polygon", "coordinates": [ [ [ 7.6621425, 45.1067935 ], [ 7.6621468, 45.1067955 ], [ 7.6622487, 45.106685 ], [ 7.6622161, 45.1066696 ], [ 7.6622117, 45.1066741 ], [ 7.6620996, 45.1066233 ], [ 7.6620015, 45.1067291 ], [ 7.6620174, 45.1067364 ], [ 7.6621425, 45.1067935 ] ] ] } },
{ "type": "Feature", "properties": { "osm_id": 1082053209, "height": 9.0, "has_osm_height": false, "code": "N051", "name": "TORINO-CERES", "july_2020": "under construction", "october_2021": "under construction", "july_2022": "under construction", "december_2022": "under construction", "april_2024": "completed", "february_2025": "completed", "december_2025": "completed" }, "geometry": { "type": "Polygon", "coordinates": [ [ [ 7.6620446, 45.1069005 ], [ 7.6619514, 45.1070023 ], [ 7.6618201, 45.1069407 ], [ 7.6619118, 45.1068402 ], [ 7.6619195, 45.1068434 ], [ 7.6620446, 45.1069005 ] ] ] } },
{ "type": "Feature", "properties": { "osm_id": 1082053210, "height": 9.0, "has_osm_height": false, "code": "N051", "name": "TORINO-CERES", "july_2020": "under construction", "october_2021": "under construction", "july_2022": "under construction", "december_2022": "under construction", "april_2024": "completed", "february_2025": "completed", "december_2025": "completed" }, "geometry": { "type": "Polygon", "coordinates": [ [ [ 7.6619514, 45.1070023 ], [ 7.6618724, 45.1070884 ], [ 7.6617406, 45.1070256 ], [ 7.6617323, 45.1070217 ], [ 7.6618136, 45.1069378 ], [ 7.6618201, 45.1069407 ], [ 7.6619514, 45.1070023 ] ] ] } },
{ "type": "Feature", "properties": { "osm_id": 1082053211, "height": 9.0, "has_osm_height": false, "code": "N051", "name": "TORINO-CERES", "july_2020": "under construction", "october_2021": "under construction", "july_2022": "under construction", "december_2022": "under construction", "april_2024": "completed", "february_2025": "completed", "december_2025": "completed" }, "geometry": { "type": "Polygon", "coordinates": [ [ [ 7.6615997, 45.1071471 ], [ 7.6615604, 45.10719 ], [ 7.6615502, 45.1072011 ], [ 7.6617078, 45.1072732 ], [ 7.6618204, 45.1071521 ], [ 7.6618153, 45.1071498 ], [ 7.661682, 45.1070883 ], [ 7.6616619, 45.1070791 ], [ 7.6616121, 45.1071334 ], [ 7.6616263, 45.1071401 ], [ 7.6616139, 45.1071536 ], [ 7.6615997, 45.1071471 ] ] ] } },
{ "type": "Feature", "properties": { "osm_id": 1082053212, "height": 9.0, "has_osm_height": false, "code": "N051", "name": "TORINO-CERES", "july_2020": "under construction", "october_2021": "under construction", "july_2022": "under construction", "december_2022": "under construction", "april_2024": "completed", "february_2025": "completed", "december_2025": "completed" }, "geometry": { "type": "Polygon", "coordinates": [ [ [ 7.6618153, 45.1071498 ], [ 7.6618724, 45.1070884 ], [ 7.6617406, 45.1070256 ], [ 7.661682, 45.1070883 ], [ 7.6618153, 45.1071498 ] ] ] } },
{ "type": "Feature", "properties": { "osm_id": 1091641603, "height": 9.0, "has_osm_height": false, "code": "N051", "name": "TORINO-CERES", "july_2020": "under construction", "october_2021": "under construction", "july_2022": "under construction", "december_2022": "under construction", "april_2024": "completed", "february_2025": "completed", "december_2025": "completed" }, "geometry": { "type": "Polygon", "coordinates": [ [ [ 7.6631216, 45.1068742 ], [ 7.6627251, 45.1069046 ], [ 7.6626503, 45.1070384 ], [ 7.6626622, 45.1070424 ], [ 7.6626578, 45.1070502 ], [ 7.6628118, 45.1070911 ], [ 7.662818, 45.1070927 ], [ 7.6628589, 45.1070174 ], [ 7.6629544, 45.107013 ], [ 7.6629563, 45.10705 ], [ 7.6631205, 45.1070478 ], [ 7.6631203, 45.1070376 ], [ 7.6631346, 45.1070375 ], [ 7.6631337, 45.1069303 ], [ 7.6631239, 45.1069308 ], [ 7.6631216, 45.1068742 ] ] ] } },
{ "type": "Feature", "properties": { "osm_id": 1091641604, "height": 9.0, "has_osm_height": false, "code": "N051", "name": "TORINO-CERES", "july_2020": "under construction", "october_2021": "under construction", "july_2022": "under construction", "december_2022": "under construction", "april_2024": "completed", "february_2025": "completed", "december_2025": "completed" }, "geometry": { "type": "Polygon", "coordinates": [ [ [ 7.6629866, 45.1072584 ], [ 7.6629857, 45.1072096 ], [ 7.6629677, 45.1072095 ], [ 7.6629672, 45.1071373 ], [ 7.6631221, 45.1071341 ], [ 7.6631271, 45.1071341 ], [ 7.6631409, 45.1071422 ], [ 7.6631439, 45.1072041 ], [ 7.663126, 45.1072044 ], [ 7.6631268, 45.1072266 ], [ 7.6631451, 45.1072274 ], [ 7.6631477, 45.1072805 ], [ 7.6631438, 45.1072875 ], [ 7.6631337, 45.1072901 ], [ 7.6631195, 45.1072907 ], [ 7.6629866, 45.1072584 ] ] ] } },
{ "type": "Feature", "properties": { "osm_id": 1091641605, "height": 9.0, "has_osm_height": false, "code": "N051", "name": "TORINO-CERES", "july_2020": "under construction", "october_2021": "under construction", "july_2022": "under construction", "december_2022": "under construction", "april_2024": "completed", "february_2025": "completed", "december_2025": "completed" }, "geometry": { "type": "Polygon", "coordinates": [ [ [ 7.6626578, 45.1070502 ], [ 7.6625951, 45.107172 ], [ 7.6627468, 45.1072108 ], [ 7.6628118, 45.1070911 ], [ 7.6626578, 45.1070502 ] ] ] } },
{ "type": "Feature", "properties": { "osm_id": 1091641606, "height": 9.0, "has_osm_height": false, "code": "N051", "name": "TORINO-CERES", "july_2020": "under construction", "october_2021": "under construction", "july_2022": "under construction", "december_2022": "under construction", "april_2024": "completed", "february_2025": "completed", "december_2025": "completed" }, "geometry": { "type": "Polygon", "coordinates": [ [ [ 7.6624867, 45.1073647 ], [ 7.6626151, 45.107394 ], [ 7.6626198, 45.1073848 ], [ 7.6626479, 45.1073307 ], [ 7.6626556, 45.1073324 ], [ 7.6626784, 45.1072887 ], [ 7.6626039, 45.1072696 ], [ 7.6626004, 45.1072755 ], [ 7.6625504, 45.1072626 ], [ 7.6625401, 45.10726 ], [ 7.6625218, 45.1072973 ], [ 7.662516, 45.107301 ], [ 7.662512, 45.107305 ], [ 7.66251, 45.1073091 ], [ 7.6625092, 45.1073137 ], [ 7.6625103, 45.1073199 ], [ 7.6624867, 45.1073647 ] ] ] } },
{ "type": "Feature", "properties": { "osm_id": 1091641608, "height": 9.0, "has_osm_height": false, "code": "N051", "name": "TORINO-CERES", "july_2020": "under construction", "october_2021": "under construction", "july_2022": "under construction", "december_2022": "under construction", "april_2024": "completed", "february_2025": "completed", "december_2025": "completed" }, "geometry": { "type": "Polygon", "coordinates": [ [ [ 7.663037, 45.1073883 ], [ 7.6628852, 45.1073528 ], [ 7.6628726, 45.1073794 ], [ 7.6628421, 45.1074435 ], [ 7.6629955, 45.1074794 ], [ 7.663037, 45.1073883 ] ] ] } },
{ "type": "Feature", "properties": { "osm_id": 1091641609, "height": 9.0, "has_osm_height": false, "code": "N051", "name": "TORINO-CERES", "july_2020": "under construction", "october_2021": "under construction", "july_2022": "under construction", "december_2022": "under construction", "april_2024": "completed", "february_2025": "completed", "december_2025": "completed" }, "geometry": { "type": "Polygon", "coordinates": [ [ [ 7.6628421, 45.1074435 ], [ 7.6627362, 45.107419 ], [ 7.6627388, 45.1074138 ], [ 7.6627675, 45.1073545 ], [ 7.6628726, 45.1073794 ], [ 7.6628421, 45.1074435 ] ] ] } },
{ "type": "Feature", "properties": { "osm_id": 1158454598, "height": 9.0, "has_osm_height": false, "code": "N060", "name": "PASTORE-FAUTERO", "july_2020": "under construction", "october_2021": "completed", "july_2022": "completed", "december_2022": "completed", "april_2024": "completed", "february_2025": "completed", "december_2025": "completed" }, "geometry": { "type": "Polygon", "coordinates": [ [ [ 7.6965479, 45.0812105 ], [ 7.6967066, 45.0812823 ], [ 7.6968314, 45.0813414 ], [ 7.6968824, 45.0812886 ], [ 7.6970871, 45.081065 ], [ 7.697459, 45.0812342 ], [ 7.6975711, 45.0812856 ], [ 7.6977229, 45.0811154 ], [ 7.696949, 45.0807747 ], [ 7.6965479, 45.0812105 ] ] ] } },
{ "type": "Feature", "properties": { "osm_id": 1158454599, "height": 9.0, "has_osm_height": false, "code": "N060", "name": "PASTORE-FAUTERO", "july_2020": "under construction", "october_2021": "completed", "july_2022": "completed", "december_2022": "completed", "april_2024": "completed", "february_2025": "completed", "december_2025": "completed" }, "geometry": { "type": "Polygon", "coordinates": [ [ [ 7.6979827, 45.0817739 ], [ 7.6981783, 45.0815557 ], [ 7.6975711, 45.0812856 ], [ 7.697459, 45.0812342 ], [ 7.6972634, 45.0814524 ], [ 7.6979827, 45.0817739 ] ] ] } },
{ "type": "Feature", "properties": { "osm_id": 1158454600, "height": 9.0, "has_osm_height": false, "code": "N060", "name": "PASTORE-FAUTERO", "july_2020": "under construction", "october_2021": "completed", "july_2022": "completed", "december_2022": "completed", "april_2024": "completed", "february_2025": "completed", "december_2025": "completed" }, "geometry": { "type": "Polygon", "coordinates": [ [ [ 7.69843, 45.0817645 ], [ 7.6984898, 45.0816949 ], [ 7.6981783, 45.0815557 ], [ 7.6979827, 45.0817739 ], [ 7.698102, 45.0817752 ], [ 7.6980981, 45.0817212 ], [ 7.6981692, 45.0816438 ], [ 7.6981817, 45.0816302 ], [ 7.6982206, 45.081618 ], [ 7.6983692, 45.0816811 ], [ 7.69843, 45.0817645 ] ] ] } },
{ "type": "Feature", "properties": { "osm_id": 1158454601, "height": 9.0, "has_osm_height": false, "code": "N060", "name": "PASTORE-FAUTERO", "july_2020": "under construction", "october_2021": "completed", "july_2022": "completed", "december_2022": "completed", "april_2024": "completed", "february_2025": "completed", "december_2025": "completed" }, "geometry": { "type": "Polygon", "coordinates": [ [ [ 7.6981677, 45.0820495 ], [ 7.698327, 45.0818773 ], [ 7.698102, 45.0817752 ], [ 7.6979827, 45.0817739 ], [ 7.6972634, 45.0814524 ], [ 7.6968824, 45.0812886 ], [ 7.6968314, 45.0813414 ], [ 7.6967512, 45.0814257 ], [ 7.6972249, 45.0816328 ], [ 7.6977334, 45.0818578 ], [ 7.6980519, 45.0819947 ], [ 7.6981677, 45.0820495 ] ] ] } },
{ "type": "Feature", "properties": { "osm_id": 1158454602, "height": 9.0, "has_osm_height": false, "code": "N060", "name": "PASTORE-FAUTERO", "july_2020": "under construction", "october_2021": "completed", "july_2022": "completed", "december_2022": "completed", "april_2024": "completed", "february_2025": "completed", "december_2025": "completed" }, "geometry": { "type": "Polygon", "coordinates": [ [ [ 7.6977229, 45.0811154 ], [ 7.6986379, 45.0815224 ], [ 7.6984898, 45.0816949 ], [ 7.6981783, 45.0815557 ], [ 7.6975711, 45.0812856 ], [ 7.6977229, 45.0811154 ] ] ] } },
{ "type": "Feature", "properties": { "osm_id": 1243695857, "height": 9.0, "has_osm_height": false, "code": "N059", "name": "CSEA", "july_2020": "procedure in progress", "october_2021": "procedure in progress", "july_2022": "procedure in progress", "december_2022": "procedure in progress", "april_2024": "under construction", "february_2025": "under construction", "december_2025": "completed" }, "geometry": { "type": "Polygon", "coordinates": [ [ [ 7.6296029, 45.0720675 ], [ 7.6293047, 45.0720611 ], [ 7.6293076, 45.0719942 ], [ 7.6293343, 45.0719948 ], [ 7.6293358, 45.07196 ], [ 7.629387, 45.0719611 ], [ 7.6293882, 45.0719344 ], [ 7.6296084, 45.0719392 ], [ 7.6296075, 45.0719616 ], [ 7.6296029, 45.0720675 ] ] ] } },
{ "type": "Feature", "properties": { "osm_id": 1243695858, "height": 35.2, "has_osm_height": true, "code": "N059", "name": "CSEA", "july_2020": "procedure in progress", "october_2021": "procedure in progress", "july_2022": "procedure in progress", "december_2022": "procedure in progress", "april_2024": "under construction", "february_2025": "under construction", "december_2025": "completed" }, "geometry": { "type": "Polygon", "coordinates": [ [ [ 7.6286082, 45.0719114 ], [ 7.6288168, 45.0718896 ], [ 7.6288124, 45.0718683 ], [ 7.6288502, 45.0718643 ], [ 7.6287124, 45.0712098 ], [ 7.6286823, 45.071213 ], [ 7.6286746, 45.0711766 ], [ 7.6284707, 45.0712542 ], [ 7.6286082, 45.0719114 ] ] ] } },
{ "type": "Feature", "properties": { "osm_id": 1384766460, "height": 9.0, "has_osm_height": false, "code": "N049", "name": "PARCO DELLA SALUTE", "july_2020": "procedure in progress", "october_2021": "under construction", "july_2022": "under construction", "december_2022": "under construction", "april_2024": "under construction", "february_2025": "under construction", "december_2025": "under construction" }, "geometry": { "type": "Polygon", "coordinates": [ [ [ 7.6642713, 45.0250422 ], [ 7.6642849, 45.0250393 ], [ 7.6642866, 45.025039 ], [ 7.6643019, 45.0250358 ], [ 7.6642926, 45.0250134 ], [ 7.6642619, 45.0250198 ], [ 7.6642713, 45.0250422 ] ] ] } },
{ "type": "Feature", "properties": { "osm_id": 1411867353, "height": 9.0, "has_osm_height": false, "code": "N078", "name": "PALAZZO REGIONE", "july_2020": "under construction", "october_2021": "under construction", "july_2022": "under construction", "december_2022": "completed", "april_2024": "completed", "february_2025": "completed", "december_2025": "completed" }, "geometry": { "type": "Polygon", "coordinates": [ [ [ 7.6634929, 45.024709 ], [ 7.663617, 45.0246854 ], [ 7.6635882, 45.0246091 ], [ 7.663557, 45.0245283 ], [ 7.6634329, 45.024552 ], [ 7.6634929, 45.024709 ] ] ] } },
{ "type": "Feature", "properties": { "osm_id": 1456216098, "height": 9.0, "has_osm_height": false, "code": "N078", "name": "PALAZZO REGIONE", "july_2020": "under construction", "october_2021": "under construction", "july_2022": "under construction", "december_2022": "completed", "april_2024": "completed", "february_2025": "completed", "december_2025": "completed" }, "geometry": { "type": "Polygon", "coordinates": [ [ [ 7.6631059, 45.0243856 ], [ 7.66319, 45.0243714 ], [ 7.6631545, 45.0242667 ], [ 7.6630704, 45.024281 ], [ 7.6631059, 45.0243856 ] ] ] } },
{ "type": "Feature", "properties": { "osm_id": 1456216099, "height": 9.0, "has_osm_height": false, "code": "N078", "name": "PALAZZO REGIONE", "july_2020": "under construction", "october_2021": "under construction", "july_2022": "under construction", "december_2022": "completed", "april_2024": "completed", "february_2025": "completed", "december_2025": "completed" }, "geometry": { "type": "Polygon", "coordinates": [ [ [ 7.6629596, 45.0244148 ], [ 7.6630436, 45.0244005 ], [ 7.6630081, 45.0242959 ], [ 7.662924, 45.0243101 ], [ 7.6629596, 45.0244148 ] ] ] } },
{ "type": "Feature", "properties": { "osm_id": 1456216100, "height": 9.0, "has_osm_height": false, "code": "N078", "name": "PALAZZO REGIONE", "july_2020": "under construction", "october_2021": "under construction", "july_2022": "under construction", "december_2022": "completed", "april_2024": "completed", "february_2025": "completed", "december_2025": "completed" }, "geometry": { "type": "Polygon", "coordinates": [ [ [ 7.6633751, 45.0250914 ], [ 7.6634585, 45.0250757 ], [ 7.6634194, 45.024972 ], [ 7.663336, 45.0249877 ], [ 7.6633751, 45.0250914 ] ] ] } },
{ "type": "Feature", "properties": { "osm_id": 1456216101, "height": 9.0, "has_osm_height": false, "code": "N078", "name": "PALAZZO REGIONE", "july_2020": "under construction", "october_2021": "under construction", "july_2022": "under construction", "december_2022": "completed", "april_2024": "completed", "february_2025": "completed", "december_2025": "completed" }, "geometry": { "type": "Polygon", "coordinates": [ [ [ 7.6632373, 45.025117 ], [ 7.6633208, 45.0251013 ], [ 7.6632817, 45.0249975 ], [ 7.6631982, 45.0250132 ], [ 7.6632373, 45.025117 ] ] ] } },
{ "type": "Feature", "properties": { "osm_id": 28105401, "height": 9.0, "has_osm_height": false, "code": "N067", "name": "MONTEVERDI", "july_2020": "on hold", "october_2021": "on hold", "july_2022": "procedure in progress", "december_2022": "on hold", "april_2024": "procedure in progress", "february_2025": "procedure in progress", "december_2025": "on hold" }, "geometry": { "type": "Polygon", "coordinates": [ [ [ 7.7098262, 45.0850047 ], [ 7.7100322, 45.0851199 ], [ 7.7101352, 45.085029 ], [ 7.7114399, 45.0858289 ], [ 7.7115429, 45.0857562 ], [ 7.7112682, 45.085532 ], [ 7.7113626, 45.0854532 ], [ 7.7101953, 45.0847017 ], [ 7.7098262, 45.0850047 ] ] ] } },
{ "type": "Feature", "properties": { "osm_id": 296013864, "height": 9.0, "has_osm_height": false, "code": "N064", "name": "MAR.DI.CHI.", "july_2020": "procedure in progress", "october_2021": "procedure in progress", "july_2022": "procedure in progress", "december_2022": "on hold", "april_2024": "on hold", "february_2025": "on hold", "december_2025": "on hold" }, "geometry": { "type": "Polygon", "coordinates": [ [ [ 7.7084101, 45.0881201 ], [ 7.7083321, 45.0881196 ], [ 7.7083075, 45.0881195 ], [ 7.7081568, 45.0880496 ], [ 7.7081531, 45.0880533 ], [ 7.7080594, 45.0880105 ], [ 7.7080423, 45.0879564 ], [ 7.7080259, 45.0879047 ], [ 7.7080859, 45.0878376 ], [ 7.7080925, 45.0878365 ], [ 7.7081998, 45.0877139 ], [ 7.7083953, 45.0877129 ], [ 7.7084041, 45.0877128 ], [ 7.7084043, 45.0878352 ], [ 7.7084043, 45.0878433 ], [ 7.7083096, 45.0878436 ], [ 7.7083093, 45.0878484 ], [ 7.7082744, 45.0878487 ], [ 7.7082477, 45.0878544 ], [ 7.7082221, 45.0878687 ], [ 7.708205, 45.087887 ], [ 7.7081965, 45.0879059 ], [ 7.7081954, 45.0879289 ], [ 7.7082027, 45.0879463 ], [ 7.7082167, 45.0879617 ], [ 7.708238, 45.0879741 ], [ 7.7082612, 45.0879812 ], [ 7.7082838, 45.0879851 ], [ 7.7083109, 45.0879853 ], [ 7.7083111, 45.0879892 ], [ 7.7084103, 45.0879894 ], [ 7.7084103, 45.0879962 ], [ 7.7084101, 45.0881201 ] ] ] } },
{ "type": "Feature", "properties": { "osm_id": 299893147, "height": 9.0, "has_osm_height": false, "code": "N073", "name": "MOLINETTE", "july_2020": "procedure in progress", "october_2021": "procedure in progress", "july_2022": "procedure in progress", "december_2022": "procedure in progress", "april_2024": "procedure in progress", "february_2025": "removed", "december_2025": "" }, "geometry": { "type": "Polygon", "coordinates": [ [ [ 7.6746158, 45.0405945 ], [ 7.6743444, 45.0406476 ], [ 7.6741922, 45.040679 ], [ 7.673913, 45.0407341 ], [ 7.6737789, 45.0403968 ], [ 7.6739457, 45.0403637 ], [ 7.6740032, 45.0405081 ], [ 7.6740714, 45.0404946 ], [ 7.6741024, 45.0405725 ], [ 7.6742105, 45.0405511 ], [ 7.6742594, 45.0405414 ], [ 7.6743428, 45.0405248 ], [ 7.6743161, 45.0404577 ], [ 7.6743876, 45.0404435 ], [ 7.6743266, 45.0402902 ], [ 7.6744824, 45.0402593 ], [ 7.6746158, 45.0405945 ] ] ] } },
{ "type": "Feature", "properties": { "osm_id": 299893148, "height": 9.0, "has_osm_height": false, "code": "N073", "name": "MOLINETTE", "july_2020": "procedure in progress", "october_2021": "procedure in progress", "july_2022": "procedure in progress", "december_2022": "procedure in progress", "april_2024": "procedure in progress", "february_2025": "removed", "december_2025": "" }, "geometry": { "type": "Polygon", "coordinates": [ [ [ 7.6746518, 45.0409554 ], [ 7.6746457, 45.0409373 ], [ 7.6746964, 45.0409283 ], [ 7.6746764, 45.0408816 ], [ 7.6746492, 45.0408866 ], [ 7.6746397, 45.0408606 ], [ 7.6747364, 45.0408429 ], [ 7.6749762, 45.0407993 ], [ 7.6749947, 45.0407959 ], [ 7.6749808, 45.0407578 ], [ 7.674822, 45.0407867 ], [ 7.6746135, 45.0408247 ], [ 7.674583, 45.0408303 ], [ 7.6745609, 45.0407752 ], [ 7.6744638, 45.0407913 ], [ 7.6743538, 45.0406721 ], [ 7.6743444, 45.0406476 ], [ 7.6741922, 45.040679 ], [ 7.6742019, 45.0407016 ], [ 7.6741944, 45.0408359 ], [ 7.6740689, 45.0408568 ], [ 7.6740879, 45.0409082 ], [ 7.6737633, 45.0409712 ], [ 7.673777, 45.04101 ], [ 7.6741024, 45.0409473 ], [ 7.6741297, 45.0410209 ], [ 7.6742683, 45.0409954 ], [ 7.6742624, 45.0409795 ], [ 7.6743164, 45.0409687 ], [ 7.6743994, 45.0409521 ], [ 7.6744953, 45.0409342 ], [ 7.6745495, 45.0409241 ], [ 7.6745668, 45.0409697 ], [ 7.6746518, 45.0409554 ] ] ] } },
{ "type": "Feature", "properties": { "osm_id": 299893151, "height": 16.0, "has_osm_height": true, "code": "N073", "name": "MOLINETTE", "july_2020": "procedure in progress", "october_2021": "procedure in progress", "july_2022": "procedure in progress", "december_2022": "procedure in progress", "april_2024": "procedure in progress", "february_2025": "removed", "december_2025": "" }, "geometry": { "type": "Polygon", "coordinates": [ [ [ 7.6739783, 45.0373511 ], [ 7.6744844, 45.037306 ], [ 7.6744596, 45.0371665 ], [ 7.6739534, 45.0372116 ], [ 7.6739783, 45.0373511 ] ] ] } },
{ "type": "Feature", "properties": { "osm_id": 299893617, "height": 9.0, "has_osm_height": false, "code": "N073", "name": "MOLINETTE", "july_2020": "procedure in progress", "october_2021": "procedure in progress", "july_2022": "procedure in progress", "december_2022": "procedure in progress", "april_2024": "procedure in progress", "february_2025": "removed", "december_2025": "" }, "geometry": { "type": "Polygon", "coordinates": [ [ [ 7.6753734, 45.0375556 ], [ 7.6755332, 45.0375403 ], [ 7.6755228, 45.037486 ], [ 7.6756099, 45.0374777 ], [ 7.6755922, 45.0373849 ], [ 7.6755201, 45.0373918 ], [ 7.6754944, 45.0372573 ], [ 7.6753195, 45.0372741 ], [ 7.6753734, 45.0375556 ] ] ] } },
{ "type": "Feature", "properties": { "osm_id": 299894681, "height": 9.0, "has_osm_height": false, "code": "N073", "name": "MOLINETTE", "july_2020": "procedure in progress", "october_2021": "procedure in progress", "july_2022": "procedure in progress", "december_2022": "procedure in progress", "april_2024": "procedure in progress", "february_2025": "removed", "december_2025": "" }, "geometry": { "type": "Polygon", "coordinates": [ [ [ 7.6738823, 45.0415169 ], [ 7.6739745, 45.0415016 ], [ 7.6741093, 45.0414766 ], [ 7.6741829, 45.0414635 ], [ 7.6740559, 45.0411489 ], [ 7.6740056, 45.0411428 ], [ 7.6739836, 45.0410835 ], [ 7.6740135, 45.0410779 ], [ 7.6740011, 45.0410446 ], [ 7.6741297, 45.0410209 ], [ 7.6741024, 45.0409473 ], [ 7.673777, 45.04101 ], [ 7.6737225, 45.0410197 ], [ 7.6737501, 45.0410975 ], [ 7.6737144, 45.0411038 ], [ 7.6737456, 45.0411919 ], [ 7.6737696, 45.0412003 ], [ 7.6738126, 45.0413205 ], [ 7.6738322, 45.041317 ], [ 7.6738598, 45.0413943 ], [ 7.67384, 45.0413978 ], [ 7.6738823, 45.0415169 ] ] ] } },
{ "type": "Feature", "properties": { "osm_id": 305680030, "height": 9.0, "has_osm_height": false, "code": "N073", "name": "MOLINETTE", "july_2020": "procedure in progress", "october_2021": "procedure in progress", "july_2022": "procedure in progress", "december_2022": "procedure in progress", "april_2024": "procedure in progress", "february_2025": "removed", "december_2025": "" }, "geometry": { "type": "Polygon", "coordinates": [ [ [ 7.6741682, 45.0416726 ], [ 7.6744863, 45.0416116 ], [ 7.6745153, 45.0416061 ], [ 7.6745136, 45.041602 ], [ 7.6744886, 45.0415409 ], [ 7.6743834, 45.0412845 ], [ 7.6743378, 45.0412938 ], [ 7.6742919, 45.0411732 ], [ 7.6743315, 45.0411668 ], [ 7.6742683, 45.0409954 ], [ 7.6741297, 45.0410209 ], [ 7.6740011, 45.0410446 ], [ 7.6740135, 45.0410779 ], [ 7.6739836, 45.0410835 ], [ 7.6740056, 45.0411428 ], [ 7.6740559, 45.0411489 ], [ 7.6741829, 45.0414635 ], [ 7.6742194, 45.0415524 ], [ 7.6741324, 45.0415704 ], [ 7.6741682, 45.0416726 ] ] ] } },
{ "type": "Feature", "properties": { "osm_id": 305680130, "height": 3.2, "has_osm_height": true, "code": "N073", "name": "MOLINETTE", "july_2020": "procedure in progress", "october_2021": "procedure in progress", "july_2022": "procedure in progress", "december_2022": "procedure in progress", "april_2024": "procedure in progress", "february_2025": "removed", "december_2025": "" }, "geometry": { "type": "Polygon", "coordinates": [ [ [ 7.6721419, 45.0371956 ], [ 7.6721557, 45.0372021 ], [ 7.6722008, 45.0372233 ], [ 7.6723856, 45.0371351 ], [ 7.6723577, 45.0370331 ], [ 7.6723497, 45.0370039 ], [ 7.6722784, 45.037039 ], [ 7.6721419, 45.0371956 ] ] ] } },
{ "type": "Feature", "properties": { "osm_id": 305684855, "height": 9.0, "has_osm_height": false, "code": "N073", "name": "MOLINETTE", "july_2020": "procedure in progress", "october_2021": "procedure in progress", "july_2022": "procedure in progress", "december_2022": "procedure in progress", "april_2024": "procedure in progress", "february_2025": "removed", "december_2025": "" }, "geometry": { "type": "Polygon", "coordinates": [ [ [ 7.6741288, 45.0375772 ], [ 7.674133, 45.0376161 ], [ 7.6743297, 45.0376021 ], [ 7.6743276, 45.0375559 ], [ 7.6750346, 45.037511 ], [ 7.6750063, 45.0373208 ], [ 7.6747917, 45.0373367 ], [ 7.6747862, 45.0372999 ], [ 7.6747298, 45.0372744 ], [ 7.6746338, 45.0372821 ], [ 7.6745935, 45.0373147 ], [ 7.6745998, 45.0373541 ], [ 7.6744239, 45.0373682 ], [ 7.6744309, 45.0374255 ], [ 7.6743057, 45.0374341 ], [ 7.6743008, 45.0373808 ], [ 7.6740965, 45.037397 ], [ 7.6741026, 45.0374354 ], [ 7.6741288, 45.0375772 ] ] ] } },
{ "type": "Feature", "properties": { "osm_id": 305732948, "height": 9.0, "has_osm_height": false, "code": "N073", "name": "MOLINETTE", "july_2020": "procedure in progress", "october_2021": "procedure in progress", "july_2022": "procedure in progress", "december_2022": "procedure in progress", "april_2024": "procedure in progress", "february_2025": "removed", "december_2025": "" }, "geometry": { "type": "Polygon", "coordinates": [ [ [ 7.6750515, 45.0414186 ], [ 7.6750908, 45.0415187 ], [ 7.675042, 45.0415283 ], [ 7.674743, 45.0415869 ], [ 7.6747341, 45.0415642 ], [ 7.6747321, 45.0415592 ], [ 7.6747196, 45.0415274 ], [ 7.674708, 45.0414979 ], [ 7.6747069, 45.0414949 ], [ 7.6747265, 45.0414911 ], [ 7.6746963, 45.0413986 ], [ 7.6747092, 45.0413952 ], [ 7.6746612, 45.0412626 ], [ 7.674695, 45.0412559 ], [ 7.6746611, 45.0411694 ], [ 7.6746391, 45.0411136 ], [ 7.6746228, 45.0411167 ], [ 7.6745668, 45.0409697 ], [ 7.6746518, 45.0409554 ], [ 7.6746457, 45.0409373 ], [ 7.6746964, 45.0409283 ], [ 7.6747644, 45.0409159 ], [ 7.6747852, 45.0409125 ], [ 7.6747879, 45.0409201 ], [ 7.6747989, 45.0409495 ], [ 7.6748102, 45.0409476 ], [ 7.6748346, 45.0410097 ], [ 7.6748215, 45.0410123 ], [ 7.6748948, 45.0412296 ], [ 7.6749214, 45.0412385 ], [ 7.6749334, 45.0412837 ], [ 7.6749165, 45.0413019 ], [ 7.6749687, 45.0414348 ], [ 7.6750051, 45.0414277 ], [ 7.6750515, 45.0414186 ] ] ] } },
{ "type": "Feature", "properties": { "osm_id": 305732949, "height": 9.0, "has_osm_height": false, "code": "N073", "name": "MOLINETTE", "july_2020": "procedure in progress", "october_2021": "procedure in progress", "july_2022": "procedure in progress", "december_2022": "procedure in progress", "april_2024": "procedure in progress", "february_2025": "removed", "december_2025": "" }, "geometry": { "type": "Polygon", "coordinates": [ [ [ 7.6736121, 45.038966 ], [ 7.6735205, 45.038716 ], [ 7.6734361, 45.0385054 ], [ 7.6734274, 45.0384838 ], [ 7.6733696, 45.0384948 ], [ 7.6731237, 45.0385414 ], [ 7.6731033, 45.0385453 ], [ 7.673077, 45.0385503 ], [ 7.6730261, 45.03856 ], [ 7.6730412, 45.0386037 ], [ 7.6733864, 45.0385381 ], [ 7.6734751, 45.0387623 ], [ 7.6736048, 45.0390903 ], [ 7.6735692, 45.039098 ], [ 7.673584, 45.0391325 ], [ 7.6735913, 45.0391497 ], [ 7.6736242, 45.039143 ], [ 7.6738112, 45.0396141 ], [ 7.6738193, 45.0396346 ], [ 7.6738268, 45.0396536 ], [ 7.6740064, 45.0400737 ], [ 7.6740252, 45.0401176 ], [ 7.6740942, 45.040279 ], [ 7.6741, 45.0402926 ], [ 7.6741049, 45.040304 ], [ 7.6742105, 45.0405511 ], [ 7.6742594, 45.0405414 ], [ 7.6740672, 45.040092 ], [ 7.67414, 45.0400766 ], [ 7.6741301, 45.0400532 ], [ 7.6741184, 45.0400255 ], [ 7.6740453, 45.0400409 ], [ 7.6739908, 45.0399135 ], [ 7.6740501, 45.0399009 ], [ 7.6740596, 45.0398885 ], [ 7.6740416, 45.0398465 ], [ 7.6740302, 45.0398422 ], [ 7.6739662, 45.0398559 ], [ 7.6739194, 45.0397465 ], [ 7.6738531, 45.0395784 ], [ 7.6738433, 45.0395542 ], [ 7.6737126, 45.0392251 ], [ 7.673701, 45.0391956 ], [ 7.6736324, 45.0390213 ], [ 7.6736271, 45.0390069 ], [ 7.6738131, 45.0389739 ], [ 7.6738182, 45.0389883 ], [ 7.673907, 45.0389725 ], [ 7.6738929, 45.0389311 ], [ 7.6738216, 45.0389433 ], [ 7.6738174, 45.0389311 ], [ 7.6736121, 45.038966 ] ] ] } },
{ "type": "Feature", "properties": { "osm_id": 305732950, "height": 9.0, "has_osm_height": false, "code": "N073", "name": "MOLINETTE", "july_2020": "procedure in progress", "october_2021": "procedure in progress", "july_2022": "procedure in progress", "december_2022": "procedure in progress", "april_2024": "procedure in progress", "february_2025": "removed", "december_2025": "" }, "geometry": { "type": "Polygon", "coordinates": [ [ [ 7.6741288, 45.0375772 ], [ 7.6736257, 45.0376197 ], [ 7.6736232, 45.0376037 ], [ 7.6736193, 45.0375783 ], [ 7.6736117, 45.0375312 ], [ 7.6735981, 45.037447 ], [ 7.6737176, 45.037434 ], [ 7.6737117, 45.0373948 ], [ 7.6738575, 45.0373825 ], [ 7.6738619, 45.0374185 ], [ 7.6740114, 45.0374052 ], [ 7.6740154, 45.0374427 ], [ 7.6741026, 45.0374354 ], [ 7.6741288, 45.0375772 ] ] ] } },
{ "type": "Feature", "properties": { "osm_id": 305733174, "height": 9.0, "has_osm_height": false, "code": "N073", "name": "MOLINETTE", "july_2020": "procedure in progress", "october_2021": "procedure in progress", "july_2022": "procedure in progress", "december_2022": "procedure in progress", "april_2024": "procedure in progress", "february_2025": "removed", "december_2025": "" }, "geometry": { "type": "Polygon", "coordinates": [ [ [ 7.6736535, 45.0379693 ], [ 7.6741, 45.0378879 ], [ 7.6740424, 45.0377081 ], [ 7.6735959, 45.0377912 ], [ 7.6736535, 45.0379693 ] ] ] } },
{ "type": "Feature", "properties": { "osm_id": 305733176, "height": 9.0, "has_osm_height": false, "code": "N073", "name": "MOLINETTE", "july_2020": "procedure in progress", "october_2021": "procedure in progress", "july_2022": "procedure in progress", "december_2022": "procedure in progress", "april_2024": "procedure in progress", "february_2025": "removed", "december_2025": "" }, "geometry": { "type": "Polygon", "coordinates": [ [ [ 7.6731571, 45.0411367 ], [ 7.6732113, 45.0411261 ], [ 7.6732071, 45.0411152 ], [ 7.6734376, 45.0410706 ], [ 7.6734248, 45.041035 ], [ 7.6731891, 45.0410798 ], [ 7.6731849, 45.041069 ], [ 7.6731346, 45.0410788 ], [ 7.6731571, 45.0411367 ] ] ] } },
{ "type": "Feature", "properties": { "osm_id": 305733801, "height": 9.0, "has_osm_height": false, "code": "N073", "name": "MOLINETTE", "july_2020": "procedure in progress", "october_2021": "procedure in progress", "july_2022": "procedure in progress", "december_2022": "procedure in progress", "april_2024": "procedure in progress", "february_2025": "removed", "december_2025": "" }, "geometry": { "type": "Polygon", "coordinates": [ [ [ 7.6741717, 45.040152 ], [ 7.6742358, 45.0401407 ], [ 7.6742241, 45.0401067 ], [ 7.6744937, 45.0400542 ], [ 7.6745273, 45.0400171 ], [ 7.674501, 45.0399378 ], [ 7.6744442, 45.0399121 ], [ 7.6741658, 45.0399625 ], [ 7.6741585, 45.0399368 ], [ 7.6740871, 45.0399512 ], [ 7.6741184, 45.0400255 ], [ 7.6741301, 45.0400532 ], [ 7.67414, 45.0400766 ], [ 7.6741717, 45.040152 ] ] ] } },
{ "type": "Feature", "properties": { "osm_id": 305733802, "height": 9.0, "has_osm_height": false, "code": "N073", "name": "MOLINETTE", "july_2020": "procedure in progress", "october_2021": "procedure in progress", "july_2022": "procedure in progress", "december_2022": "procedure in progress", "april_2024": "procedure in progress", "february_2025": "removed", "december_2025": "" }, "geometry": { "type": "Polygon", "coordinates": [ [ [ 7.6735538, 45.0401896 ], [ 7.673749, 45.0401521 ], [ 7.6735704, 45.0397047 ], [ 7.6733687, 45.0397402 ], [ 7.6735538, 45.0401896 ] ] ] } },
{ "type": "Feature", "properties": { "osm_id": 305733803, "height": 9.0, "has_osm_height": false, "code": "N073", "name": "MOLINETTE", "july_2020": "procedure in progress", "october_2021": "procedure in progress", "july_2022": "procedure in progress", "december_2022": "procedure in progress", "april_2024": "procedure in progress", "february_2025": "removed", "december_2025": "" }, "geometry": { "type": "Polygon", "coordinates": [ [ [ 7.6732112, 45.0398235 ], [ 7.6731643, 45.0396955 ], [ 7.6731447, 45.0396345 ], [ 7.6730035, 45.0396621 ], [ 7.6730882, 45.0398882 ], [ 7.6732129, 45.040221 ], [ 7.6733267, 45.0402017 ], [ 7.6733073, 45.0401532 ], [ 7.6732855, 45.0401576 ], [ 7.673171, 45.0398747 ], [ 7.6731549, 45.039833 ], [ 7.6732112, 45.0398235 ] ] ] } },
{ "type": "Feature", "properties": { "osm_id": 305733804, "height": 9.0, "has_osm_height": false, "code": "N073", "name": "MOLINETTE", "july_2020": "procedure in progress", "october_2021": "procedure in progress", "july_2022": "procedure in progress", "december_2022": "procedure in progress", "april_2024": "procedure in progress", "february_2025": "removed", "december_2025": "" }, "geometry": { "type": "Polygon", "coordinates": [ [ [ 7.673701, 45.0391956 ], [ 7.6740232, 45.0391379 ], [ 7.674045, 45.0391956 ], [ 7.6739882, 45.0392048 ], [ 7.6740363, 45.0393356 ], [ 7.6743161, 45.0392852 ], [ 7.6742797, 45.0391812 ], [ 7.6742316, 45.0391884 ], [ 7.6741922, 45.0390648 ], [ 7.6741704, 45.0390586 ], [ 7.6741654, 45.0390435 ], [ 7.6742846, 45.0390222 ], [ 7.6743042, 45.039077 ], [ 7.6744115, 45.0390571 ], [ 7.6744303, 45.0390656 ], [ 7.6745215, 45.0390495 ], [ 7.6745094, 45.0390003 ], [ 7.6745269, 45.0389794 ], [ 7.6745296, 45.0389604 ], [ 7.6745148, 45.0389434 ], [ 7.674484, 45.0389235 ], [ 7.6744665, 45.0388818 ], [ 7.6743726, 45.0388979 ], [ 7.6743646, 45.0389102 ], [ 7.6742519, 45.0389311 ], [ 7.6742673, 45.0389738 ], [ 7.6741484, 45.0389951 ], [ 7.6741412, 45.0389752 ], [ 7.6741325, 45.0389494 ], [ 7.6741441, 45.038933 ], [ 7.6741063, 45.0388228 ], [ 7.6741456, 45.0388166 ], [ 7.6741179, 45.0387249 ], [ 7.673841, 45.0387713 ], [ 7.6738876, 45.038899 ], [ 7.6739357, 45.0388918 ], [ 7.6739589, 45.0389633 ], [ 7.673907, 45.0389725 ], [ 7.6738182, 45.0389883 ], [ 7.6736324, 45.0390213 ], [ 7.673701, 45.0391956 ] ] ] } },
{ "type": "Feature", "properties": { "osm_id": 305733805, "height": 9.0, "has_osm_height": false, "code": "N073", "name": "MOLINETTE", "july_2020": "procedure in progress", "october_2021": "procedure in progress", "july_2022": "procedure in progress", "december_2022": "procedure in progress", "april_2024": "procedure in progress", "february_2025": "removed", "december_2025": "" }, "geometry": { "type": "Polygon", "coordinates": [ [ [ 7.6738433, 45.0395542 ], [ 7.6742337, 45.039475 ], [ 7.6742079, 45.0394157 ], [ 7.6746809, 45.0393207 ], [ 7.6745824, 45.0390628 ], [ 7.6742614, 45.0391259 ], [ 7.6742797, 45.0391812 ], [ 7.6743161, 45.0392852 ], [ 7.6740363, 45.0393356 ], [ 7.6739882, 45.0392048 ], [ 7.6739799, 45.0391748 ], [ 7.6737126, 45.0392251 ], [ 7.6738433, 45.0395542 ] ] ] } },
{ "type": "Feature", "properties": { "osm_id": 305733966, "height": 12.8, "has_osm_height": true, "code": "N073", "name": "MOLINETTE", "july_2020": "procedure in progress", "october_2021": "procedure in progress", "july_2022": "procedure in progress", "december_2022": "procedure in progress", "april_2024": "procedure in progress", "february_2025": "removed", "december_2025": "" }, "geometry": { "type": "Polygon", "coordinates": [ [ [ 7.6749213, 45.0371472 ], [ 7.6749289, 45.0372003 ], [ 7.6749384, 45.0372703 ], [ 7.6753719, 45.037241 ], [ 7.6753618, 45.0371665 ], [ 7.6753546, 45.0371163 ], [ 7.6752715, 45.0371222 ], [ 7.6749213, 45.0371472 ] ] ] } },
{ "type": "Feature", "properties": { "osm_id": 305940287, "height": 9.0, "has_osm_height": false, "code": "N073", "name": "MOLINETTE", "july_2020": "procedure in progress", "october_2021": "procedure in progress", "july_2022": "procedure in progress", "december_2022": "procedure in progress", "april_2024": "procedure in progress", "february_2025": "removed", "december_2025": "" }, "geometry": { "type": "Polygon", "coordinates": [ [ [ 7.6747644, 45.0409159 ], [ 7.6747852, 45.0409125 ], [ 7.6747879, 45.0409201 ], [ 7.6748387, 45.0409111 ], [ 7.6749258, 45.0408957 ], [ 7.6749701, 45.0408878 ], [ 7.6750086, 45.040881 ], [ 7.6749979, 45.0408538 ], [ 7.6749762, 45.0407993 ], [ 7.6747364, 45.0408429 ], [ 7.6746397, 45.0408606 ], [ 7.6746492, 45.0408866 ], [ 7.6746764, 45.0408816 ], [ 7.6746964, 45.0409283 ], [ 7.6747644, 45.0409159 ] ] ] } },
{ "type": "Feature", "properties": { "osm_id": 305940291, "height": 9.0, "has_osm_height": false, "code": "N073", "name": "MOLINETTE", "july_2020": "procedure in progress", "october_2021": "procedure in progress", "july_2022": "procedure in progress", "december_2022": "procedure in progress", "april_2024": "procedure in progress", "february_2025": "removed", "december_2025": "" }, "geometry": { "type": "Polygon", "coordinates": [ [ [ 7.6724992, 45.041276 ], [ 7.6725062, 45.0413148 ], [ 7.6725821, 45.0413086 ], [ 7.6725746, 45.0412689 ], [ 7.6725047, 45.0412753 ], [ 7.6724992, 45.041276 ] ] ] } },
{ "type": "Feature", "properties": { "osm_id": 305940327, "height": 9.0, "has_osm_height": false, "code": "N073", "name": "MOLINETTE", "july_2020": "procedure in progress", "october_2021": "procedure in progress", "july_2022": "procedure in progress", "december_2022": "procedure in progress", "april_2024": "procedure in progress", "february_2025": "removed", "december_2025": "" }, "geometry": { "type": "Polygon", "coordinates": [ [ [ 7.6756425, 45.0384992 ], [ 7.6750431, 45.0384893 ], [ 7.6750448, 45.0384468 ], [ 7.6750738, 45.0377325 ], [ 7.6750753, 45.037696 ], [ 7.6756672, 45.0377028 ], [ 7.6756494, 45.0382762 ], [ 7.6756487, 45.0382997 ], [ 7.6756472, 45.0383485 ], [ 7.6756425, 45.0384992 ] ] ] } },
{ "type": "Feature", "properties": { "osm_id": 457391627, "height": 9.0, "has_osm_height": false, "code": "N063", "name": "IFAS", "july_2020": "procedure in progress", "october_2021": "procedure in progress", "july_2022": "under construction", "december_2022": "under construction", "april_2024": "under construction", "february_2025": "completed", "december_2025": "completed" }, "geometry": { "type": "Polygon", "coordinates": [ [ [ 7.6588819, 45.0418917 ], [ 7.6590274, 45.0418453 ], [ 7.6591734, 45.0420884 ], [ 7.6590257, 45.0421323 ], [ 7.6588819, 45.0418917 ] ] ] } },
{ "type": "Feature", "properties": { "osm_id": 467446536, "height": 9.0, "has_osm_height": false, "code": "N070", "name": "LANCIA", "july_2020": "procedure in progress", "october_2021": "procedure in progress", "july_2022": "under construction", "december_2022": "under construction", "april_2024": "partially under construction", "february_2025": "", "december_2025": "" }, "geometry": { "type": "Polygon", "coordinates": [ [ [ 7.6412032, 45.0618246 ], [ 7.6412044, 45.0618846 ], [ 7.6412052, 45.061921 ], [ 7.6412223, 45.0627686 ], [ 7.6418009, 45.0627628 ], [ 7.6417817, 45.0618188 ], [ 7.6417785, 45.0617029 ], [ 7.6417596, 45.0616792 ], [ 7.6417128, 45.0616563 ], [ 7.6413114, 45.0616579 ], [ 7.6411067, 45.0616587 ], [ 7.641104, 45.0618255 ], [ 7.6412032, 45.0618246 ] ] ] } },
{ "type": "Feature", "properties": { "osm_id": 467446538, "height": 9.0, "has_osm_height": false, "code": "N070", "name": "LANCIA", "july_2020": "procedure in progress", "october_2021": "procedure in progress", "july_2022": "under construction", "december_2022": "under construction", "april_2024": "partially under construction", "february_2025": "", "december_2025": "" }, "geometry": { "type": "Polygon", "coordinates": [ [ [ 7.6412851, 45.0630585 ], [ 7.6412816, 45.0628935 ], [ 7.641667, 45.0628894 ], [ 7.6416655, 45.062819 ], [ 7.6418068, 45.0628175 ], [ 7.6418118, 45.0630529 ], [ 7.6412851, 45.0630585 ] ] ] } },
{ "type": "Feature", "properties": { "osm_id": 467446540, "height": 9.0, "has_osm_height": false, "code": "N070", "name": "LANCIA", "july_2020": "procedure in progress", "october_2021": "procedure in progress", "july_2022": "under construction", "december_2022": "under construction", "april_2024": "partially under construction", "february_2025": "", "december_2025": "" }, "geometry": { "type": "Polygon", "coordinates": [ [ [ 7.6415679, 45.0634181 ], [ 7.6415667, 45.0632524 ], [ 7.6418115, 45.0632508 ], [ 7.6418136, 45.0634162 ], [ 7.6415679, 45.0634181 ] ] ] } },
{ "type": "Feature", "properties": { "osm_id": 467446542, "height": 9.0, "has_osm_height": false, "code": "N070", "name": "LANCIA", "july_2020": "procedure in progress", "october_2021": "procedure in progress", "july_2022": "under construction", "december_2022": "under construction", "april_2024": "partially under construction", "february_2025": "", "december_2025": "" }, "geometry": { "type": "Polygon", "coordinates": [ [ [ 7.6406247, 45.0616738 ], [ 7.6404523, 45.0616775 ], [ 7.6402424, 45.0616819 ], [ 7.640207, 45.0616951 ], [ 7.6401823, 45.0617169 ], [ 7.6401699, 45.0617444 ], [ 7.6401706, 45.0617773 ], [ 7.6401716, 45.0618234 ], [ 7.6401932, 45.062852 ], [ 7.6401963, 45.0629975 ], [ 7.6401982, 45.0630856 ], [ 7.6406542, 45.0630808 ], [ 7.6406247, 45.0616738 ] ] ] } },
{ "type": "Feature", "properties": { "osm_id": 467446543, "height": 9.0, "has_osm_height": false, "code": "N070", "name": "LANCIA", "july_2020": "procedure in progress", "october_2021": "procedure in progress", "july_2022": "under construction", "december_2022": "under construction", "april_2024": "partially under construction", "february_2025": "", "december_2025": "" }, "geometry": { "type": "Polygon", "coordinates": [ [ [ 7.6401712, 45.0634343 ], [ 7.6401689, 45.0632694 ], [ 7.6404088, 45.0632677 ], [ 7.6404088, 45.063312 ], [ 7.6404089, 45.0634321 ], [ 7.6401712, 45.0634343 ] ] ] } },
{ "type": "Feature", "properties": { "osm_id": 501654923, "height": 9.0, "has_osm_height": false, "code": "N063", "name": "IFAS", "july_2020": "procedure in progress", "october_2021": "procedure in progress", "july_2022": "under construction", "december_2022": "under construction", "april_2024": "under construction", "february_2025": "completed", "december_2025": "completed" }, "geometry": { "type": "Polygon", "coordinates": [ [ [ 7.6574932, 45.04193 ], [ 7.6572324, 45.0420646 ], [ 7.6574571, 45.0422626 ], [ 7.6574847, 45.0422444 ], [ 7.6577104, 45.042452 ], [ 7.6576887, 45.0424701 ], [ 7.6579187, 45.042661 ], [ 7.6580149, 45.0426372 ], [ 7.6579993, 45.0426083 ], [ 7.6579002, 45.0424552 ], [ 7.6578031, 45.0423102 ], [ 7.6576046, 45.0420476 ], [ 7.6574932, 45.04193 ] ] ] } },
{ "type": "Feature", "properties": { "osm_id": 501654926, "height": 9.0, "has_osm_height": false, "code": "N063", "name": "IFAS", "july_2020": "procedure in progress", "october_2021": "procedure in progress", "july_2022": "under construction", "december_2022": "under construction", "april_2024": "under construction", "february_2025": "completed", "december_2025": "completed" }, "geometry": { "type": "Polygon", "coordinates": [ [ [ 7.6587575, 45.0421519 ], [ 7.6586606, 45.0421858 ], [ 7.6579002, 45.0424552 ], [ 7.6579993, 45.0426083 ], [ 7.6581154, 45.0425726 ], [ 7.6581328, 45.0425945 ], [ 7.6588875, 45.042335 ], [ 7.6587575, 45.0421519 ] ] ] } },
{ "type": "Feature", "properties": { "osm_id": 577460560, "height": 9.0, "has_osm_height": false, "code": "N063", "name": "IFAS", "july_2020": "procedure in progress", "october_2021": "procedure in progress", "july_2022": "under construction", "december_2022": "under construction", "april_2024": "under construction", "february_2025": "completed", "december_2025": "completed" }, "geometry": { "type": "Polygon", "coordinates": [ [ [ 7.6590105, 45.0418127 ], [ 7.6589146, 45.0416685 ], [ 7.658768, 45.0417173 ], [ 7.6588599, 45.0418608 ], [ 7.6590105, 45.0418127 ] ] ] } },
{ "type": "Feature", "properties": { "osm_id": 577460561, "height": 9.0, "has_osm_height": false, "code": "N063", "name": "IFAS", "july_2020": "procedure in progress", "october_2021": "procedure in progress", "july_2022": "under construction", "december_2022": "under construction", "april_2024": "under construction", "february_2025": "completed", "december_2025": "completed" }, "geometry": { "type": "Polygon", "coordinates": [ [ [ 7.6589335, 45.0416622 ], [ 7.6589146, 45.0416685 ], [ 7.658768, 45.0417173 ], [ 7.6586269, 45.0414971 ], [ 7.6587887, 45.0414454 ], [ 7.6588481, 45.0415346 ], [ 7.6589335, 45.0416622 ] ] ] } },
{ "type": "Feature", "properties": { "osm_id": 577460563, "height": 9.0, "has_osm_height": false, "code": "N063", "name": "IFAS", "july_2020": "procedure in progress", "october_2021": "procedure in progress", "july_2022": "under construction", "december_2022": "under construction", "april_2024": "under construction", "february_2025": "completed", "december_2025": "completed" }, "geometry": { "type": "Polygon", "coordinates": [ [ [ 7.6593338, 45.0414027 ], [ 7.6595559, 45.0413283 ], [ 7.6594795, 45.0412145 ], [ 7.6592574, 45.0412889 ], [ 7.6593185, 45.04138 ], [ 7.6593338, 45.0414027 ] ] ] } },
{ "type": "Feature", "properties": { "osm_id": 577460564, "height": 9.0, "has_osm_height": false, "code": "N063", "name": "IFAS", "july_2020": "procedure in progress", "october_2021": "procedure in progress", "july_2022": "under construction", "december_2022": "under construction", "april_2024": "under construction", "february_2025": "completed", "december_2025": "completed" }, "geometry": { "type": "Polygon", "coordinates": [ [ [ 7.6593185, 45.04138 ], [ 7.6591661, 45.0414308 ], [ 7.6591054, 45.0413398 ], [ 7.6592574, 45.0412889 ], [ 7.6593185, 45.04138 ] ] ] } },
{ "type": "Feature", "properties": { "osm_id": 577460565, "height": 9.0, "has_osm_height": false, "code": "N063", "name": "IFAS", "july_2020": "procedure in progress", "october_2021": "procedure in progress", "july_2022": "under construction", "december_2022": "under construction", "april_2024": "under construction", "february_2025": "completed", "december_2025": "completed" }, "geometry": { "type": "Polygon", "coordinates": [ [ [ 7.6591661, 45.0414308 ], [ 7.6590194, 45.0414782 ], [ 7.6589605, 45.0413884 ], [ 7.6591054, 45.0413398 ], [ 7.6591661, 45.0414308 ] ] ] } },
{ "type": "Feature", "properties": { "osm_id": 577460566, "height": 9.0, "has_osm_height": false, "code": "N063", "name": "IFAS", "july_2020": "procedure in progress", "october_2021": "procedure in progress", "july_2022": "under construction", "december_2022": "under construction", "april_2024": "under construction", "february_2025": "completed", "december_2025": "completed" }, "geometry": { "type": "Polygon", "coordinates": [ [ [ 7.6590194, 45.0414782 ], [ 7.6588481, 45.0415346 ], [ 7.6587887, 45.0414454 ], [ 7.6589605, 45.0413884 ], [ 7.6590194, 45.0414782 ] ] ] } },
{ "type": "Feature", "properties": { "osm_id": 577460567, "height": 9.0, "has_osm_height": false, "code": "N063", "name": "IFAS", "july_2020": "procedure in progress", "october_2021": "procedure in progress", "july_2022": "under construction", "december_2022": "under construction", "april_2024": "under construction", "february_2025": "completed", "december_2025": "completed" }, "geometry": { "type": "Polygon", "coordinates": [ [ [ 7.6599659, 45.041932 ], [ 7.659765, 45.0420004 ], [ 7.6596928, 45.0418938 ], [ 7.6598936, 45.0418257 ], [ 7.6599659, 45.041932 ] ] ] } },
{ "type": "Feature", "properties": { "osm_id": 577460568, "height": 9.0, "has_osm_height": false, "code": "N063", "name": "IFAS", "july_2020": "procedure in progress", "october_2021": "procedure in progress", "july_2022": "under construction", "december_2022": "under construction", "april_2024": "under construction", "february_2025": "completed", "december_2025": "completed" }, "geometry": { "type": "Polygon", "coordinates": [ [ [ 7.6595684, 45.0420729 ], [ 7.6594917, 45.0419658 ], [ 7.6596928, 45.0418938 ], [ 7.659765, 45.0420004 ], [ 7.6595684, 45.0420729 ] ] ] } },
{ "type": "Feature", "properties": { "osm_id": 577460569, "height": 9.0, "has_osm_height": false, "code": "N063", "name": "IFAS", "july_2020": "procedure in progress", "october_2021": "procedure in progress", "july_2022": "under construction", "december_2022": "under construction", "april_2024": "under construction", "february_2025": "completed", "december_2025": "completed" }, "geometry": { "type": "Polygon", "coordinates": [ [ [ 7.6595684, 45.0420729 ], [ 7.6591918, 45.0422078 ], [ 7.6591634, 45.0421593 ], [ 7.6592404, 45.0421369 ], [ 7.6591968, 45.0420659 ], [ 7.6594917, 45.0419658 ], [ 7.6595684, 45.0420729 ] ] ] } },
{ "type": "Feature", "properties": { "osm_id": 577460571, "height": 9.0, "has_osm_height": false, "code": "N063", "name": "IFAS", "july_2020": "procedure in progress", "october_2021": "procedure in progress", "july_2022": "under construction", "december_2022": "under construction", "april_2024": "under construction", "february_2025": "completed", "december_2025": "completed" }, "geometry": { "type": "Polygon", "coordinates": [ [ [ 7.6592676, 45.0419038 ], [ 7.6593935, 45.0418627 ], [ 7.6593832, 45.041848 ], [ 7.6593381, 45.0417779 ], [ 7.6592121, 45.0418191 ], [ 7.6592676, 45.0419038 ] ] ] } },
{ "type": "Feature", "properties": { "osm_id": 577460572, "height": 9.0, "has_osm_height": false, "code": "N063", "name": "IFAS", "july_2020": "procedure in progress", "october_2021": "procedure in progress", "july_2022": "under construction", "december_2022": "under construction", "april_2024": "under construction", "february_2025": "completed", "december_2025": "completed" }, "geometry": { "type": "Polygon", "coordinates": [ [ [ 7.6593832, 45.041848 ], [ 7.6595776, 45.0417857 ], [ 7.6595233, 45.0416982 ], [ 7.6593266, 45.04176 ], [ 7.6593381, 45.0417779 ], [ 7.6593832, 45.041848 ] ] ] } },
{ "type": "Feature", "properties": { "osm_id": 577460573, "height": 9.0, "has_osm_height": false, "code": "N063", "name": "IFAS", "july_2020": "procedure in progress", "october_2021": "procedure in progress", "july_2022": "under construction", "december_2022": "under construction", "april_2024": "under construction", "february_2025": "completed", "december_2025": "completed" }, "geometry": { "type": "Polygon", "coordinates": [ [ [ 7.6595894, 45.0418046 ], [ 7.6596734, 45.0417785 ], [ 7.6596073, 45.0416722 ], [ 7.6595233, 45.0416982 ], [ 7.6595776, 45.0417857 ], [ 7.6595894, 45.0418046 ] ] ] } },
{ "type": "Feature", "properties": { "osm_id": 577460574, "height": 9.0, "has_osm_height": false, "code": "N063", "name": "IFAS", "july_2020": "procedure in progress", "october_2021": "procedure in progress", "july_2022": "under construction", "december_2022": "under construction", "april_2024": "under construction", "february_2025": "completed", "december_2025": "completed" }, "geometry": { "type": "Polygon", "coordinates": [ [ [ 7.6593467, 45.0415902 ], [ 7.6594564, 45.0415552 ], [ 7.6595118, 45.041642 ], [ 7.6593628, 45.0416896 ], [ 7.6593274, 45.0416342 ], [ 7.6593667, 45.0416216 ], [ 7.6593467, 45.0415902 ] ] ] } },
{ "type": "Feature", "properties": { "osm_id": 588679150, "height": 9.0, "has_osm_height": false, "code": "N073", "name": "MOLINETTE", "july_2020": "procedure in progress", "october_2021": "procedure in progress", "july_2022": "procedure in progress", "december_2022": "procedure in progress", "april_2024": "procedure in progress", "february_2025": "removed", "december_2025": "" }, "geometry": { "type": "Polygon", "coordinates": [ [ [ 7.6724608, 45.0380747 ], [ 7.6726445, 45.0380447 ], [ 7.6725813, 45.0378491 ], [ 7.6725178, 45.0378611 ], [ 7.6724857, 45.0377767 ], [ 7.6725486, 45.0377647 ], [ 7.6724645, 45.0375448 ], [ 7.6725282, 45.0375326 ], [ 7.6725242, 45.0375225 ], [ 7.6726183, 45.0375041 ], [ 7.6727837, 45.0379252 ], [ 7.6731044, 45.0378619 ], [ 7.6730805, 45.0378014 ], [ 7.6729697, 45.0378232 ], [ 7.6728224, 45.0374507 ], [ 7.6728938, 45.0374367 ], [ 7.6729046, 45.037464 ], [ 7.6729498, 45.0374841 ], [ 7.6731329, 45.0374495 ], [ 7.6730821, 45.0373152 ], [ 7.6729079, 45.037348 ], [ 7.6728845, 45.0373741 ], [ 7.672894, 45.0373998 ], [ 7.6728131, 45.0374148 ], [ 7.6727059, 45.0371273 ], [ 7.6724899, 45.0371675 ], [ 7.6725991, 45.0374605 ], [ 7.6724541, 45.0374875 ], [ 7.6723637, 45.037245 ], [ 7.672135, 45.0372875 ], [ 7.672199, 45.0374593 ], [ 7.6722177, 45.0375094 ], [ 7.6721935, 45.037514 ], [ 7.6722084, 45.0375539 ], [ 7.672222, 45.0375903 ], [ 7.6722499, 45.0375851 ], [ 7.6722706, 45.0376403 ], [ 7.6723343, 45.0378097 ], [ 7.6723688, 45.0378026 ], [ 7.6724213, 45.0377918 ], [ 7.6724439, 45.0378552 ], [ 7.6723893, 45.0378664 ], [ 7.6724608, 45.0380747 ] ] ] } },
{ "type": "Feature", "properties": { "osm_id": 588687966, "height": 9.0, "has_osm_height": false, "code": "N073", "name": "MOLINETTE", "july_2020": "procedure in progress", "october_2021": "procedure in progress", "july_2022": "procedure in progress", "december_2022": "procedure in progress", "april_2024": "procedure in progress", "february_2025": "removed", "december_2025": "" }, "geometry": { "type": "Polygon", "coordinates": [ [ [ 7.6727109, 45.042055 ], [ 7.6734072, 45.0419195 ], [ 7.6733249, 45.0417149 ], [ 7.6733664, 45.0417068 ], [ 7.6733456, 45.0416535 ], [ 7.673289, 45.0416645 ], [ 7.6732577, 45.0415844 ], [ 7.6732892, 45.0415782 ], [ 7.6733272, 45.041527 ], [ 7.6733095, 45.0414788 ], [ 7.673252, 45.0414513 ], [ 7.6732039, 45.0414607 ], [ 7.6731668, 45.041366 ], [ 7.6732239, 45.0413549 ], [ 7.6732083, 45.041315 ], [ 7.6731838, 45.0413198 ], [ 7.6731174, 45.0411503 ], [ 7.6731571, 45.0411367 ], [ 7.6731346, 45.0410788 ], [ 7.6731327, 45.0410718 ], [ 7.6730903, 45.0410801 ], [ 7.6730007, 45.040851 ], [ 7.6729653, 45.040858 ], [ 7.6729306, 45.0407695 ], [ 7.6729915, 45.0407576 ], [ 7.6730294, 45.0407133 ], [ 7.6730046, 45.0406474 ], [ 7.6729522, 45.0406248 ], [ 7.6728874, 45.0406371 ], [ 7.6728818, 45.0406224 ], [ 7.6729482, 45.0406097 ], [ 7.6730059, 45.0406332 ], [ 7.6731784, 45.0406004 ], [ 7.6730444, 45.0402477 ], [ 7.6728241, 45.0402819 ], [ 7.672915, 45.040522 ], [ 7.6728889, 45.040527 ], [ 7.6728083, 45.0403159 ], [ 7.67257, 45.0403613 ], [ 7.6726262, 45.0405082 ], [ 7.6726703, 45.0404998 ], [ 7.6727045, 45.0405889 ], [ 7.6726663, 45.0405962 ], [ 7.6726993, 45.040682 ], [ 7.6725987, 45.0407014 ], [ 7.6725808, 45.0406504 ], [ 7.6724966, 45.0406673 ], [ 7.6725686, 45.0408968 ], [ 7.6726347, 45.0408886 ], [ 7.6726304, 45.0408601 ], [ 7.6727576, 45.0408387 ], [ 7.6727812, 45.0409023 ], [ 7.6728175, 45.0408952 ], [ 7.6728622, 45.0410097 ], [ 7.6728216, 45.0410176 ], [ 7.6728754, 45.041155 ], [ 7.6728212, 45.0411656 ], [ 7.672825, 45.0411763 ], [ 7.6728413, 45.0412169 ], [ 7.6728894, 45.0412075 ], [ 7.6729272, 45.0413036 ], [ 7.672973, 45.0412947 ], [ 7.6730129, 45.041396 ], [ 7.6729764, 45.0414032 ], [ 7.6730078, 45.0414831 ], [ 7.6728731, 45.0415096 ], [ 7.6728499, 45.0414506 ], [ 7.6727496, 45.0414703 ], [ 7.6727915, 45.041577 ], [ 7.6727522, 45.0415847 ], [ 7.6728143, 45.0417432 ], [ 7.6729329, 45.04172 ], [ 7.6729155, 45.0416757 ], [ 7.6730558, 45.0416482 ], [ 7.6731125, 45.0417933 ], [ 7.6726519, 45.0418833 ], [ 7.6727109, 45.042055 ] ] ] } },
{ "type": "Feature", "properties": { "osm_id": 588687967, "height": 9.0, "has_osm_height": false, "code": "N073", "name": "MOLINETTE", "july_2020": "procedure in progress", "october_2021": "procedure in progress", "july_2022": "procedure in progress", "december_2022": "procedure in progress", "april_2024": "procedure in progress", "february_2025": "removed", "december_2025": "" }, "geometry": { "type": "Polygon", "coordinates": [ [ [ 7.6724966, 45.0406673 ], [ 7.6725808, 45.0406504 ], [ 7.6726393, 45.0406387 ], [ 7.6725599, 45.0404431 ], [ 7.6724193, 45.0404716 ], [ 7.6724966, 45.0406673 ] ] ] } },
{ "type": "Feature", "properties": { "osm_id": 588693198, "height": 9.0, "has_osm_height": false, "code": "N073", "name": "MOLINETTE", "july_2020": "procedure in progress", "october_2021": "procedure in progress", "july_2022": "procedure in progress", "december_2022": "procedure in progress", "april_2024": "procedure in progress", "february_2025": "removed", "december_2025": "" }, "geometry": { "type": "Polygon", "coordinates": [ [ [ 7.6737935, 45.0418623 ], [ 7.6738819, 45.0418468 ], [ 7.673954, 45.0418342 ], [ 7.6739199, 45.041737 ], [ 7.6739679, 45.0417285 ], [ 7.6739237, 45.0416027 ], [ 7.6738966, 45.0416075 ], [ 7.6738693, 45.0415303 ], [ 7.673886, 45.0415274 ], [ 7.6738823, 45.0415169 ], [ 7.67384, 45.0413978 ], [ 7.6738598, 45.0413943 ], [ 7.6738322, 45.041317 ], [ 7.6738126, 45.0413205 ], [ 7.6737696, 45.0412003 ], [ 7.6737456, 45.0411919 ], [ 7.6737144, 45.0411038 ], [ 7.6737501, 45.0410975 ], [ 7.6737225, 45.0410197 ], [ 7.673777, 45.04101 ], [ 7.6737633, 45.0409712 ], [ 7.6737538, 45.0409444 ], [ 7.6736936, 45.040955 ], [ 7.6736823, 45.040923 ], [ 7.6736453, 45.0409295 ], [ 7.6736034, 45.040811 ], [ 7.6736189, 45.0408082 ], [ 7.6735757, 45.040685 ], [ 7.673597, 45.0406813 ], [ 7.6735668, 45.0405948 ], [ 7.6735415, 45.0405992 ], [ 7.6734949, 45.0404656 ], [ 7.6734789, 45.0404684 ], [ 7.6734619, 45.0404196 ], [ 7.6734767, 45.0404052 ], [ 7.6734631, 45.0403611 ], [ 7.6734396, 45.0403559 ], [ 7.673416, 45.0402864 ], [ 7.6733588, 45.0402961 ], [ 7.6733267, 45.0402017 ], [ 7.6732129, 45.040221 ], [ 7.6731799, 45.0402266 ], [ 7.6732327, 45.0403817 ], [ 7.6732126, 45.0403851 ], [ 7.6732052, 45.0403965 ], [ 7.6732305, 45.0404636 ], [ 7.6732465, 45.0404701 ], [ 7.6732978, 45.0404629 ], [ 7.6733085, 45.0405009 ], [ 7.6732669, 45.0405068 ], [ 7.6732515, 45.0405238 ], [ 7.6732872, 45.0406258 ], [ 7.6733101, 45.0406384 ], [ 7.6733471, 45.0406346 ], [ 7.6733789, 45.0407254 ], [ 7.6732223, 45.0407545 ], [ 7.6732299, 45.0408612 ], [ 7.6732595, 45.0408761 ], [ 7.6732716, 45.0409101 ], [ 7.6732366, 45.0409163 ], [ 7.6732659, 45.0409987 ], [ 7.6734032, 45.0409742 ], [ 7.6734248, 45.041035 ], [ 7.6734376, 45.0410706 ], [ 7.6734648, 45.041147 ], [ 7.6735497, 45.0411319 ], [ 7.6735726, 45.0411962 ], [ 7.6735048, 45.0412083 ], [ 7.673502, 45.0412004 ], [ 7.6734063, 45.0412174 ], [ 7.6733946, 45.0412283 ], [ 7.6734069, 45.0412654 ], [ 7.6733878, 45.0412833 ], [ 7.6734063, 45.0413304 ], [ 7.6734489, 45.0413478 ], [ 7.6734575, 45.0413748 ], [ 7.6734724, 45.0413831 ], [ 7.6735531, 45.0413689 ], [ 7.6735492, 45.0413579 ], [ 7.6736247, 45.0413445 ], [ 7.6736597, 45.0414435 ], [ 7.6736241, 45.0414498 ], [ 7.6736093, 45.0414668 ], [ 7.6736464, 45.0415702 ], [ 7.6736636, 45.0415784 ], [ 7.6737149, 45.0415699 ], [ 7.6737285, 45.0416109 ], [ 7.6736902, 45.0416172 ], [ 7.6736784, 45.0416316 ], [ 7.6737007, 45.0416988 ], [ 7.6737148, 45.0417058 ], [ 7.6737372, 45.0417018 ], [ 7.6737935, 45.0418623 ] ] ] } },
{ "type": "Feature", "properties": { "osm_id": 588693203, "height": 9.0, "has_osm_height": false, "code": "N073", "name": "MOLINETTE", "july_2020": "procedure in progress", "october_2021": "procedure in progress", "july_2022": "procedure in progress", "december_2022": "procedure in progress", "april_2024": "procedure in progress", "february_2025": "removed", "december_2025": "" }, "geometry": { "type": "Polygon", "coordinates": [ [ [ 7.6753794, 45.0415593 ], [ 7.6755465, 45.0415275 ], [ 7.6755112, 45.0414351 ], [ 7.6755659, 45.0414246 ], [ 7.6755186, 45.0413007 ], [ 7.6754982, 45.041292 ], [ 7.6754817, 45.0412947 ], [ 7.6754565, 45.0412197 ], [ 7.6754711, 45.0412173 ], [ 7.6754294, 45.0410936 ], [ 7.6754494, 45.0410903 ], [ 7.6754217, 45.0410081 ], [ 7.6753981, 45.0410121 ], [ 7.6753583, 45.0408939 ], [ 7.6753131, 45.0408661 ], [ 7.6752621, 45.0408763 ], [ 7.6752354, 45.0408095 ], [ 7.6752818, 45.0408002 ], [ 7.6752913, 45.0407827 ], [ 7.6752765, 45.0407446 ], [ 7.6752617, 45.0407066 ], [ 7.675233, 45.0406329 ], [ 7.6752147, 45.0406267 ], [ 7.6751483, 45.0406385 ], [ 7.675119, 45.0405558 ], [ 7.6751914, 45.040543 ], [ 7.6751765, 45.0405011 ], [ 7.6751954, 45.0404977 ], [ 7.675151, 45.0403726 ], [ 7.675174, 45.0403686 ], [ 7.6751486, 45.0402971 ], [ 7.6751253, 45.0403013 ], [ 7.6750792, 45.0401715 ], [ 7.6750537, 45.0401612 ], [ 7.6750368, 45.0401141 ], [ 7.6750709, 45.040108 ], [ 7.6750434, 45.0400314 ], [ 7.6750282, 45.0400341 ], [ 7.6750055, 45.0399709 ], [ 7.6749446, 45.0399818 ], [ 7.6749129, 45.0398934 ], [ 7.6747623, 45.0399204 ], [ 7.6748188, 45.0400778 ], [ 7.6747957, 45.0400819 ], [ 7.6747863, 45.0400953 ], [ 7.6748088, 45.0401628 ], [ 7.6748249, 45.0401674 ], [ 7.6748903, 45.0401563 ], [ 7.674905, 45.0401996 ], [ 7.674846, 45.0402096 ], [ 7.6748387, 45.0402194 ], [ 7.6748766, 45.040327 ], [ 7.674889, 45.0403327 ], [ 7.6749567, 45.0403194 ], [ 7.6749982, 45.0404251 ], [ 7.6749208, 45.0404403 ], [ 7.6749762, 45.0405814 ], [ 7.6749552, 45.0405856 ], [ 7.6749882, 45.0406695 ], [ 7.6749648, 45.0406741 ], [ 7.6749517, 45.0406859 ], [ 7.6749808, 45.0407578 ], [ 7.6749947, 45.0407959 ], [ 7.6749762, 45.0407993 ], [ 7.6749979, 45.0408538 ], [ 7.6750489, 45.0408441 ], [ 7.6750847, 45.0409324 ], [ 7.6750992, 45.0409294 ], [ 7.6751484, 45.0410509 ], [ 7.6752123, 45.041038 ], [ 7.6752549, 45.0411431 ], [ 7.6752011, 45.041154 ], [ 7.6752474, 45.0412683 ], [ 7.6752992, 45.0412578 ], [ 7.6753182, 45.0413048 ], [ 7.6752672, 45.0413151 ], [ 7.6752586, 45.0413278 ], [ 7.6752851, 45.0413929 ], [ 7.6753, 45.0413986 ], [ 7.6753182, 45.0413991 ], [ 7.6753794, 45.0415593 ] ] ] } },
{ "type": "Feature", "properties": { "osm_id": 588726770, "height": 9.0, "has_osm_height": false, "code": "N073", "name": "MOLINETTE", "july_2020": "procedure in progress", "october_2021": "procedure in progress", "july_2022": "procedure in progress", "december_2022": "procedure in progress", "april_2024": "procedure in progress", "february_2025": "removed", "december_2025": "" }, "geometry": { "type": "Polygon", "coordinates": [ [ [ 7.672919, 45.0380678 ], [ 7.6729555, 45.0381648 ], [ 7.6728692, 45.038181 ], [ 7.6729563, 45.0384125 ], [ 7.673003, 45.0384274 ], [ 7.673024, 45.0384752 ], [ 7.673003, 45.0384934 ], [ 7.6730261, 45.03856 ], [ 7.6730412, 45.0386037 ], [ 7.673059, 45.0386551 ], [ 7.6731057, 45.0386815 ], [ 7.6731244, 45.0387277 ], [ 7.6730941, 45.0387508 ], [ 7.6731582, 45.0389257 ], [ 7.6729196, 45.0389721 ], [ 7.6728094, 45.0386948 ], [ 7.6727327, 45.0387094 ], [ 7.6727426, 45.0387354 ], [ 7.672693, 45.0387449 ], [ 7.6726551, 45.0387521 ], [ 7.6726202, 45.0386603 ], [ 7.6725855, 45.038569 ], [ 7.6726676, 45.0385535 ], [ 7.6726785, 45.0385823 ], [ 7.672756, 45.0385676 ], [ 7.672632, 45.038239 ], [ 7.6727033, 45.0382256 ], [ 7.6726621, 45.0381161 ], [ 7.672919, 45.0380678 ] ] ] } },
{ "type": "Feature", "properties": { "osm_id": 588726771, "height": 9.0, "has_osm_height": false, "code": "N073", "name": "MOLINETTE", "july_2020": "procedure in progress", "october_2021": "procedure in progress", "july_2022": "procedure in progress", "december_2022": "procedure in progress", "april_2024": "procedure in progress", "february_2025": "removed", "december_2025": "" }, "geometry": { "type": "Polygon", "coordinates": [ [ [ 7.6728147, 45.0391555 ], [ 7.6729585, 45.0391275 ], [ 7.6729503, 45.0391066 ], [ 7.6730504, 45.039087 ], [ 7.6730574, 45.039105 ], [ 7.6732761, 45.0390623 ], [ 7.6732716, 45.0390507 ], [ 7.6733256, 45.0390402 ], [ 7.6733314, 45.0390549 ], [ 7.6734752, 45.0390267 ], [ 7.6735007, 45.0390047 ], [ 7.6734225, 45.0388039 ], [ 7.6732336, 45.0388406 ], [ 7.6732663, 45.0389246 ], [ 7.6731654, 45.0389442 ], [ 7.6731582, 45.0389257 ], [ 7.6729196, 45.0389721 ], [ 7.6729328, 45.0390059 ], [ 7.6727688, 45.0390379 ], [ 7.6727826, 45.0390733 ], [ 7.6728147, 45.0391555 ] ] ] } },
{ "type": "Feature", "properties": { "osm_id": 588726772, "height": 9.0, "has_osm_height": false, "code": "N073", "name": "MOLINETTE", "july_2020": "procedure in progress", "october_2021": "procedure in progress", "july_2022": "procedure in progress", "december_2022": "procedure in progress", "april_2024": "procedure in progress", "february_2025": "removed", "december_2025": "" }, "geometry": { "type": "Polygon", "coordinates": [ [ [ 7.6732112, 45.0398235 ], [ 7.6733102, 45.0398055 ], [ 7.6732909, 45.0397551 ], [ 7.6733687, 45.0397402 ], [ 7.6735704, 45.0397047 ], [ 7.6738268, 45.0396536 ], [ 7.6738193, 45.0396346 ], [ 7.6738112, 45.0396141 ], [ 7.6735571, 45.0396624 ], [ 7.673533, 45.0396544 ], [ 7.6735175, 45.0396156 ], [ 7.6731869, 45.0396817 ], [ 7.6731643, 45.0396955 ], [ 7.6732112, 45.0398235 ] ] ] } },
{ "type": "Feature", "properties": { "osm_id": 588726774, "height": 9.0, "has_osm_height": false, "code": "N073", "name": "MOLINETTE", "july_2020": "procedure in progress", "october_2021": "procedure in progress", "july_2022": "procedure in progress", "december_2022": "procedure in progress", "april_2024": "procedure in progress", "february_2025": "removed", "december_2025": "" }, "geometry": { "type": "Polygon", "coordinates": [ [ [ 7.6739194, 45.0397465 ], [ 7.6740505, 45.0397212 ], [ 7.6740392, 45.0396919 ], [ 7.6740708, 45.0396858 ], [ 7.6740906, 45.0397369 ], [ 7.6743519, 45.0396865 ], [ 7.6743812, 45.0396999 ], [ 7.6744552, 45.0396859 ], [ 7.6744707, 45.0396689 ], [ 7.6745654, 45.0396488 ], [ 7.6745852, 45.0396585 ], [ 7.6746635, 45.0396445 ], [ 7.6746876, 45.0396196 ], [ 7.674932, 45.0395712 ], [ 7.6748498, 45.0393639 ], [ 7.6746024, 45.0394128 ], [ 7.6745705, 45.0393976 ], [ 7.6744939, 45.0394116 ], [ 7.6744785, 45.0394311 ], [ 7.6743915, 45.0394493 ], [ 7.6743674, 45.0394384 ], [ 7.6742865, 45.0394524 ], [ 7.6742693, 45.0394773 ], [ 7.674016, 45.0395262 ], [ 7.6740235, 45.0395455 ], [ 7.6738531, 45.0395784 ], [ 7.6739194, 45.0397465 ] ] ] } },
{ "type": "Feature", "properties": { "osm_id": 588726776, "height": 9.0, "has_osm_height": false, "code": "N073", "name": "MOLINETTE", "july_2020": "procedure in progress", "october_2021": "procedure in progress", "july_2022": "procedure in progress", "december_2022": "procedure in progress", "april_2024": "procedure in progress", "february_2025": "removed", "december_2025": "" }, "geometry": { "type": "Polygon", "coordinates": [ [ [ 7.6747688, 45.0389626 ], [ 7.6750316, 45.0389117 ], [ 7.6750316, 45.0388963 ], [ 7.6754351, 45.0388206 ], [ 7.6754351, 45.0388336 ], [ 7.6755305, 45.0387804 ], [ 7.6755372, 45.0386136 ], [ 7.6755272, 45.0386017 ], [ 7.6755121, 45.0385935 ], [ 7.6751538, 45.0385698 ], [ 7.6751237, 45.0385805 ], [ 7.6750986, 45.0385958 ], [ 7.6750751, 45.03861 ], [ 7.6750467, 45.0386242 ], [ 7.6750115, 45.0386313 ], [ 7.6749663, 45.0386384 ], [ 7.6749328, 45.0386384 ], [ 7.6748977, 45.0386349 ], [ 7.6748625, 45.0386266 ], [ 7.6748257, 45.0386124 ], [ 7.6747872, 45.0385947 ], [ 7.6747576, 45.0385758 ], [ 7.6747336, 45.0385561 ], [ 7.6747146, 45.0385389 ], [ 7.6747026, 45.038526 ], [ 7.6746901, 45.0385118 ], [ 7.674677, 45.0385059 ], [ 7.6746614, 45.0385025 ], [ 7.6746439, 45.0385013 ], [ 7.6746265, 45.0385071 ], [ 7.6746081, 45.0385261 ], [ 7.6746047, 45.0385485 ], [ 7.6747688, 45.0389626 ] ] ] } },
{ "type": "Feature", "properties": { "osm_id": 588989686, "height": 9.0, "has_osm_height": false, "code": "N073", "name": "MOLINETTE", "july_2020": "procedure in progress", "october_2021": "procedure in progress", "july_2022": "procedure in progress", "december_2022": "procedure in progress", "april_2024": "procedure in progress", "february_2025": "removed", "december_2025": "" }, "geometry": { "type": "Polygon", "coordinates": [ [ [ 7.6755759, 45.0406108 ], [ 7.6755887, 45.0406471 ], [ 7.6756023, 45.0406852 ], [ 7.6755234, 45.0406996 ], [ 7.6755516, 45.0407791 ], [ 7.675596, 45.0407712 ], [ 7.6756036, 45.0407929 ], [ 7.675657, 45.0408196 ], [ 7.6757458, 45.040803 ], [ 7.6757912, 45.0409243 ], [ 7.6757296, 45.0409359 ], [ 7.6757781, 45.0410652 ], [ 7.6757288, 45.0410744 ], [ 7.6757665, 45.0411751 ], [ 7.6758299, 45.0411633 ], [ 7.6758617, 45.0412483 ], [ 7.6759124, 45.0412388 ], [ 7.675936, 45.0413017 ], [ 7.675764, 45.0413339 ], [ 7.6758195, 45.041482 ], [ 7.6759646, 45.0414548 ], [ 7.6759554, 45.0414302 ], [ 7.6761936, 45.0413857 ], [ 7.6761705, 45.041324 ], [ 7.6761398, 45.0413297 ], [ 7.6759323, 45.0407761 ], [ 7.6759591, 45.0407711 ], [ 7.6759345, 45.0407056 ], [ 7.6758919, 45.0407136 ], [ 7.6758568, 45.04062 ], [ 7.6758183, 45.0406272 ], [ 7.6758111, 45.040608 ], [ 7.6757893, 45.04055 ], [ 7.6758219, 45.0405439 ], [ 7.6757943, 45.0404704 ], [ 7.6758396, 45.0404619 ], [ 7.675813, 45.040391 ], [ 7.6757721, 45.0403987 ], [ 7.6755749, 45.0398728 ], [ 7.6755996, 45.0398682 ], [ 7.6755692, 45.0397865 ], [ 7.6754892, 45.0398014 ], [ 7.6754555, 45.0397108 ], [ 7.6755153, 45.0396998 ], [ 7.6754425, 45.0395023 ], [ 7.6754125, 45.0394215 ], [ 7.6752256, 45.0394558 ], [ 7.6752195, 45.0394393 ], [ 7.6751255, 45.0394564 ], [ 7.6752379, 45.039765 ], [ 7.6752892, 45.0397557 ], [ 7.6753517, 45.0399281 ], [ 7.6753862, 45.0399219 ], [ 7.6754111, 45.039991 ], [ 7.6753719, 45.039998 ], [ 7.6754217, 45.0401371 ], [ 7.6753874, 45.0401432 ], [ 7.6754122, 45.0402128 ], [ 7.6754583, 45.0402046 ], [ 7.6755016, 45.0403268 ], [ 7.6755543, 45.0403175 ], [ 7.6756007, 45.0404487 ], [ 7.6755234, 45.0404623 ], [ 7.6754979, 45.0404912 ], [ 7.6755341, 45.0405945 ], [ 7.6755759, 45.0406108 ] ] ] } },
{ "type": "Feature", "properties": { "osm_id": 588989687, "height": 9.0, "has_osm_height": false, "code": "N073", "name": "MOLINETTE", "july_2020": "procedure in progress", "october_2021": "procedure in progress", "july_2022": "procedure in progress", "december_2022": "procedure in progress", "april_2024": "procedure in progress", "february_2025": "removed", "december_2025": "" }, "geometry": { "type": "Polygon", "coordinates": [ [ [ 7.6756353, 45.0397842 ], [ 7.6758251, 45.039749 ], [ 7.675695, 45.0393988 ], [ 7.6755994, 45.0394166 ], [ 7.6755939, 45.0394019 ], [ 7.675589, 45.0393887 ], [ 7.6754873, 45.0394076 ], [ 7.6754125, 45.0394215 ], [ 7.6754425, 45.0395023 ], [ 7.6755249, 45.039487 ], [ 7.6756353, 45.0397842 ] ] ] } },
{ "type": "Feature", "properties": { "osm_id": 588989688, "height": 9.0, "has_osm_height": false, "code": "N073", "name": "MOLINETTE", "july_2020": "procedure in progress", "october_2021": "procedure in progress", "july_2022": "procedure in progress", "december_2022": "procedure in progress", "april_2024": "procedure in progress", "february_2025": "removed", "december_2025": "" }, "geometry": { "type": "Polygon", "coordinates": [ [ [ 7.6749212, 45.0392144 ], [ 7.6751569, 45.0391683 ], [ 7.6751586, 45.0391465 ], [ 7.6753411, 45.0391112 ], [ 7.6753634, 45.0391367 ], [ 7.6754134, 45.039127 ], [ 7.6753587, 45.0389871 ], [ 7.675515, 45.0389566 ], [ 7.6755908, 45.0391502 ], [ 7.6756614, 45.0393307 ], [ 7.6755206, 45.0393582 ], [ 7.675492, 45.0392851 ], [ 7.6749874, 45.0393837 ], [ 7.6749212, 45.0392144 ] ] ] } },
{ "type": "Feature", "properties": { "osm_id": 589948189, "height": 9.0, "has_osm_height": false, "code": "N073", "name": "MOLINETTE", "july_2020": "procedure in progress", "october_2021": "procedure in progress", "july_2022": "procedure in progress", "december_2022": "procedure in progress", "april_2024": "procedure in progress", "february_2025": "removed", "december_2025": "" }, "geometry": { "type": "Polygon", "coordinates": [ [ [ 7.6725733, 45.0401346 ], [ 7.67295, 45.0400626 ], [ 7.6728309, 45.0397515 ], [ 7.6726406, 45.0397879 ], [ 7.6726141, 45.039793 ], [ 7.672628, 45.0398293 ], [ 7.6726768, 45.03982 ], [ 7.6727355, 45.0399733 ], [ 7.6725269, 45.0400132 ], [ 7.6725389, 45.0400446 ], [ 7.6725733, 45.0401346 ] ] ] } },
{ "type": "Feature", "properties": { "osm_id": 589948190, "height": 9.0, "has_osm_height": false, "code": "N073", "name": "MOLINETTE", "july_2020": "procedure in progress", "october_2021": "procedure in progress", "july_2022": "procedure in progress", "december_2022": "procedure in progress", "april_2024": "procedure in progress", "february_2025": "removed", "december_2025": "" }, "geometry": { "type": "Polygon", "coordinates": [ [ [ 7.6726406, 45.0397879 ], [ 7.6728309, 45.0397515 ], [ 7.6727936, 45.03966 ], [ 7.6726885, 45.0396807 ], [ 7.6726068, 45.0396966 ], [ 7.6726406, 45.0397879 ] ] ] } },
{ "type": "Feature", "properties": { "osm_id": 589948191, "height": 9.0, "has_osm_height": false, "code": "N073", "name": "MOLINETTE", "july_2020": "procedure in progress", "october_2021": "procedure in progress", "july_2022": "procedure in progress", "december_2022": "procedure in progress", "april_2024": "procedure in progress", "february_2025": "removed", "december_2025": "" }, "geometry": { "type": "Polygon", "coordinates": [ [ [ 7.6726885, 45.0396807 ], [ 7.6727936, 45.03966 ], [ 7.6727214, 45.039475 ], [ 7.6726656, 45.0393319 ], [ 7.6725601, 45.0393446 ], [ 7.6726085, 45.0394712 ], [ 7.6725911, 45.0394746 ], [ 7.6726037, 45.039507 ], [ 7.6725844, 45.0395108 ], [ 7.6726072, 45.0395691 ], [ 7.6726283, 45.0395649 ], [ 7.6726403, 45.0395956 ], [ 7.6726549, 45.0395927 ], [ 7.6726885, 45.0396807 ] ] ] } },
{ "type": "Feature", "properties": { "osm_id": 589948192, "height": 9.0, "has_osm_height": false, "code": "N073", "name": "MOLINETTE", "july_2020": "procedure in progress", "october_2021": "procedure in progress", "july_2022": "procedure in progress", "december_2022": "procedure in progress", "april_2024": "procedure in progress", "february_2025": "removed", "december_2025": "" }, "geometry": { "type": "Polygon", "coordinates": [ [ [ 7.6721926, 45.0396205 ], [ 7.6723598, 45.0396062 ], [ 7.672366, 45.0396057 ], [ 7.6723362, 45.0394124 ], [ 7.6723292, 45.0393673 ], [ 7.6721527, 45.0393866 ], [ 7.6721926, 45.0396205 ] ] ] } },
{ "type": "Feature", "properties": { "osm_id": 589948193, "height": 9.0, "has_osm_height": false, "code": "N073", "name": "MOLINETTE", "july_2020": "procedure in progress", "october_2021": "procedure in progress", "july_2022": "procedure in progress", "december_2022": "procedure in progress", "april_2024": "procedure in progress", "february_2025": "removed", "december_2025": "" }, "geometry": { "type": "Polygon", "coordinates": [ [ [ 7.672231, 45.0398377 ], [ 7.6723975, 45.039822 ], [ 7.6723598, 45.0396062 ], [ 7.6721926, 45.0396205 ], [ 7.672231, 45.0398377 ] ] ] } },
{ "type": "Feature", "properties": { "osm_id": 589948194, "height": 9.0, "has_osm_height": false, "code": "N073", "name": "MOLINETTE", "july_2020": "procedure in progress", "october_2021": "procedure in progress", "july_2022": "procedure in progress", "december_2022": "procedure in progress", "april_2024": "procedure in progress", "february_2025": "removed", "december_2025": "" }, "geometry": { "type": "Polygon", "coordinates": [ [ [ 7.6722764, 45.0400705 ], [ 7.6724364, 45.0400552 ], [ 7.6724013, 45.0398711 ], [ 7.6724209, 45.0398693 ], [ 7.6724117, 45.0398206 ], [ 7.6723975, 45.039822 ], [ 7.672231, 45.0398377 ], [ 7.6722764, 45.0400705 ] ] ] } },
{ "type": "Feature", "properties": { "osm_id": 589948195, "height": 9.0, "has_osm_height": false, "code": "N073", "name": "MOLINETTE", "july_2020": "procedure in progress", "october_2021": "procedure in progress", "july_2022": "procedure in progress", "december_2022": "procedure in progress", "april_2024": "procedure in progress", "february_2025": "removed", "december_2025": "" }, "geometry": { "type": "Polygon", "coordinates": [ [ [ 7.6725733, 45.0401346 ], [ 7.6722934, 45.040189 ], [ 7.6722764, 45.0400705 ], [ 7.6724364, 45.0400552 ], [ 7.6725389, 45.0400446 ], [ 7.6725733, 45.0401346 ] ] ] } },
{ "type": "Feature", "properties": { "osm_id": 589948196, "height": 9.0, "has_osm_height": false, "code": "N073", "name": "MOLINETTE", "july_2020": "procedure in progress", "october_2021": "procedure in progress", "july_2022": "procedure in progress", "december_2022": "procedure in progress", "april_2024": "procedure in progress", "february_2025": "removed", "december_2025": "" }, "geometry": { "type": "Polygon", "coordinates": [ [ [ 7.6723362, 45.0394124 ], [ 7.6724132, 45.0394045 ], [ 7.6724898, 45.0397874 ], [ 7.6725653, 45.0397799 ], [ 7.6724796, 45.0393519 ], [ 7.6723292, 45.0393673 ], [ 7.6723362, 45.0394124 ] ] ] } },
{ "type": "Feature", "properties": { "osm_id": 589948198, "height": 9.0, "has_osm_height": false, "code": "N073", "name": "MOLINETTE", "july_2020": "procedure in progress", "october_2021": "procedure in progress", "july_2022": "procedure in progress", "december_2022": "procedure in progress", "april_2024": "procedure in progress", "february_2025": "removed", "december_2025": "" }, "geometry": { "type": "Polygon", "coordinates": [ [ [ 7.6729012, 45.0393799 ], [ 7.6728604, 45.0392708 ], [ 7.673434, 45.0391638 ], [ 7.673556, 45.0394904 ], [ 7.6731789, 45.0395607 ], [ 7.6730975, 45.0393433 ], [ 7.6729012, 45.0393799 ] ] ] } },
{ "type": "Feature", "properties": { "osm_id": 660545323, "height": 6.4, "has_osm_height": true, "code": "N073", "name": "MOLINETTE", "july_2020": "procedure in progress", "october_2021": "procedure in progress", "july_2022": "procedure in progress", "december_2022": "procedure in progress", "april_2024": "procedure in progress", "february_2025": "removed", "december_2025": "" }, "geometry": { "type": "Polygon", "coordinates": [ [ [ 7.673406, 45.0369877 ], [ 7.6735667, 45.0369593 ], [ 7.6735245, 45.0368398 ], [ 7.6733638, 45.0368682 ], [ 7.673406, 45.0369877 ] ] ] } },
{ "type": "Feature", "properties": { "osm_id": 660545324, "height": 9.0, "has_osm_height": false, "code": "N073", "name": "MOLINETTE", "july_2020": "procedure in progress", "october_2021": "procedure in progress", "july_2022": "procedure in progress", "december_2022": "procedure in progress", "april_2024": "procedure in progress", "february_2025": "removed", "december_2025": "" }, "geometry": { "type": "Polygon", "coordinates": [ [ [ 7.6735205, 45.038716 ], [ 7.6738165, 45.0386609 ], [ 7.6738286, 45.0387024 ], [ 7.6742891, 45.03862 ], [ 7.6742712, 45.0385769 ], [ 7.6744511, 45.0385429 ], [ 7.6742369, 45.0379798 ], [ 7.6740563, 45.0380184 ], [ 7.6740506, 45.0380045 ], [ 7.6734843, 45.0381105 ], [ 7.6734837, 45.0381268 ], [ 7.6732967, 45.0381577 ], [ 7.6734274, 45.0384838 ], [ 7.6734361, 45.0385054 ], [ 7.6735205, 45.038716 ] ] ] } },
{ "type": "Feature", "properties": { "osm_id": 875743329, "height": 9.0, "has_osm_height": false, "code": "N066", "name": "PARACCHI", "july_2020": "procedure in progress", "october_2021": "procedure in progress", "july_2022": "procedure in progress", "december_2022": "procedure in progress", "april_2024": "on hold", "february_2025": "on hold", "december_2025": "procedure in progress" }, "geometry": { "type": "Polygon", "coordinates": [ [ [ 7.6557823, 45.0891395 ], [ 7.6558184, 45.0891424 ], [ 7.6558782, 45.0891474 ], [ 7.6559321, 45.0891519 ], [ 7.6564113, 45.0891916 ], [ 7.6564693, 45.0888619 ], [ 7.6563224, 45.0888476 ], [ 7.6559805, 45.0888191 ], [ 7.6559428, 45.0888159 ], [ 7.6558634, 45.0888094 ], [ 7.6558375, 45.0888072 ], [ 7.6557823, 45.0891395 ] ] ] } },
{ "type": "Feature", "properties": { "osm_id": 875743332, "height": 9.0, "has_osm_height": false, "code": "N066", "name": "PARACCHI", "july_2020": "procedure in progress", "october_2021": "procedure in progress", "july_2022": "procedure in progress", "december_2022": "procedure in progress", "april_2024": "on hold", "february_2025": "on hold", "december_2025": "procedure in progress" }, "geometry": { "type": "Polygon", "coordinates": [ [ [ 7.6563224, 45.0888476 ], [ 7.6563816, 45.088542 ], [ 7.656266, 45.0885309 ], [ 7.6562833, 45.0884419 ], [ 7.6565459, 45.0884674 ], [ 7.6564693, 45.0888619 ], [ 7.6563224, 45.0888476 ] ] ] } },
{ "type": "Feature", "properties": { "osm_id": 878618364, "height": 9.0, "has_osm_height": false, "code": "N061", "name": "GALOPPATOIO", "july_2020": "under construction", "october_2021": "under construction", "july_2022": "completed", "december_2022": "completed", "april_2024": "completed", "february_2025": "completed", "december_2025": "completed" }, "geometry": { "type": "Polygon", "coordinates": [ [ [ 7.7214433, 45.0880567 ], [ 7.7216805, 45.0880131 ], [ 7.7216346, 45.0878884 ], [ 7.7214508, 45.0879221 ], [ 7.7214695, 45.0879732 ], [ 7.7214162, 45.0879829 ], [ 7.7214433, 45.0880567 ] ] ] } },
{ "type": "Feature", "properties": { "osm_id": 878618364, "height": 9.0, "has_osm_height": false, "code": "N175", "name": "MEISINO", "july_2020": "", "october_2021": "", "july_2022": "procedure in progress", "december_2022": "procedure in progress", "april_2024": "procedure in progress", "february_2025": "procedure in progress", "december_2025": "under construction" }, "geometry": { "type": "Polygon", "coordinates": [ [ [ 7.7214433, 45.0880567 ], [ 7.7216805, 45.0880131 ], [ 7.7216346, 45.0878884 ], [ 7.7214508, 45.0879221 ], [ 7.7214695, 45.0879732 ], [ 7.7214162, 45.0879829 ], [ 7.7214433, 45.0880567 ] ] ] } },
{ "type": "Feature", "properties": { "osm_id": 878618364, "height": 9.0, "has_osm_height": false, "code": "N061", "name": "GALOPPATOIO", "july_2020": "under construction", "october_2021": "under construction", "july_2022": "completed", "december_2022": "completed", "april_2024": "completed", "february_2025": "completed", "december_2025": "completed" }, "geometry": { "type": "Polygon", "coordinates": [ [ [ 7.7214433, 45.0880567 ], [ 7.7216805, 45.0880131 ], [ 7.7216346, 45.0878884 ], [ 7.7214508, 45.0879221 ], [ 7.7214695, 45.0879732 ], [ 7.7214162, 45.0879829 ], [ 7.7214433, 45.0880567 ] ] ] } },
{ "type": "Feature", "properties": { "osm_id": 878618364, "height": 9.0, "has_osm_height": false, "code": "N175", "name": "MEISINO", "july_2020": "", "october_2021": "", "july_2022": "procedure in progress", "december_2022": "procedure in progress", "april_2024": "procedure in progress", "february_2025": "procedure in progress", "december_2025": "under construction" }, "geometry": { "type": "Polygon", "coordinates": [ [ [ 7.7214433, 45.0880567 ], [ 7.7216805, 45.0880131 ], [ 7.7216346, 45.0878884 ], [ 7.7214508, 45.0879221 ], [ 7.7214695, 45.0879732 ], [ 7.7214162, 45.0879829 ], [ 7.7214433, 45.0880567 ] ] ] } },
{ "type": "Feature", "properties": { "osm_id": 878618365, "height": 9.0, "has_osm_height": false, "code": "N061", "name": "GALOPPATOIO", "july_2020": "under construction", "october_2021": "under construction", "july_2022": "completed", "december_2022": "completed", "april_2024": "completed", "february_2025": "completed", "december_2025": "completed" }, "geometry": { "type": "Polygon", "coordinates": [ [ [ 7.7215489, 45.0881479 ], [ 7.7222487, 45.0880179 ], [ 7.7222317, 45.0879723 ], [ 7.7215319, 45.0881023 ], [ 7.7215489, 45.0881479 ] ] ] } },
{ "type": "Feature", "properties": { "osm_id": 878618365, "height": 9.0, "has_osm_height": false, "code": "N175", "name": "MEISINO", "july_2020": "", "october_2021": "", "july_2022": "procedure in progress", "december_2022": "procedure in progress", "april_2024": "procedure in progress", "february_2025": "procedure in progress", "december_2025": "under construction" }, "geometry": { "type": "Polygon", "coordinates": [ [ [ 7.7215489, 45.0881479 ], [ 7.7222487, 45.0880179 ], [ 7.7222317, 45.0879723 ], [ 7.7215319, 45.0881023 ], [ 7.7215489, 45.0881479 ] ] ] } },
{ "type": "Feature", "properties": { "osm_id": 878618365, "height": 9.0, "has_osm_height": false, "code": "N061", "name": "GALOPPATOIO", "july_2020": "under construction", "october_2021": "under construction", "july_2022": "completed", "december_2022": "completed", "april_2024": "completed", "february_2025": "completed", "december_2025": "completed" }, "geometry": { "type": "Polygon", "coordinates": [ [ [ 7.7215489, 45.0881479 ], [ 7.7222487, 45.0880179 ], [ 7.7222317, 45.0879723 ], [ 7.7215319, 45.0881023 ], [ 7.7215489, 45.0881479 ] ] ] } },
{ "type": "Feature", "properties": { "osm_id": 878618365, "height": 9.0, "has_osm_height": false, "code": "N175", "name": "MEISINO", "july_2020": "", "october_2021": "", "july_2022": "procedure in progress", "december_2022": "procedure in progress", "april_2024": "procedure in progress", "february_2025": "procedure in progress", "december_2025": "under construction" }, "geometry": { "type": "Polygon", "coordinates": [ [ [ 7.7215489, 45.0881479 ], [ 7.7222487, 45.0880179 ], [ 7.7222317, 45.0879723 ], [ 7.7215319, 45.0881023 ], [ 7.7215489, 45.0881479 ] ] ] } },
{ "type": "Feature", "properties": { "osm_id": 878618366, "height": 9.0, "has_osm_height": false, "code": "N061", "name": "GALOPPATOIO", "july_2020": "under construction", "october_2021": "under construction", "july_2022": "completed", "december_2022": "completed", "april_2024": "completed", "february_2025": "completed", "december_2025": "completed" }, "geometry": { "type": "Polygon", "coordinates": [ [ [ 7.7222756, 45.0882895 ], [ 7.7223372, 45.0882772 ], [ 7.7222756, 45.0881143 ], [ 7.7222152, 45.0881257 ], [ 7.7222756, 45.0882895 ] ] ] } },
{ "type": "Feature", "properties": { "osm_id": 878618366, "height": 9.0, "has_osm_height": false, "code": "N175", "name": "MEISINO", "july_2020": "", "october_2021": "", "july_2022": "procedure in progress", "december_2022": "procedure in progress", "april_2024": "procedure in progress", "february_2025": "procedure in progress", "december_2025": "under construction" }, "geometry": { "type": "Polygon", "coordinates": [ [ [ 7.7222756, 45.0882895 ], [ 7.7223372, 45.0882772 ], [ 7.7222756, 45.0881143 ], [ 7.7222152, 45.0881257 ], [ 7.7222756, 45.0882895 ] ] ] } },
{ "type": "Feature", "properties": { "osm_id": 878618366, "height": 9.0, "has_osm_height": false, "code": "N061", "name": "GALOPPATOIO", "july_2020": "under construction", "october_2021": "under construction", "july_2022": "completed", "december_2022": "completed", "april_2024": "completed", "february_2025": "completed", "december_2025": "completed" }, "geometry": { "type": "Polygon", "coordinates": [ [ [ 7.7222756, 45.0882895 ], [ 7.7223372, 45.0882772 ], [ 7.7222756, 45.0881143 ], [ 7.7222152, 45.0881257 ], [ 7.7222756, 45.0882895 ] ] ] } },
{ "type": "Feature", "properties": { "osm_id": 878618366, "height": 9.0, "has_osm_height": false, "code": "N175", "name": "MEISINO", "july_2020": "", "october_2021": "", "july_2022": "procedure in progress", "december_2022": "procedure in progress", "april_2024": "procedure in progress", "february_2025": "procedure in progress", "december_2025": "under construction" }, "geometry": { "type": "Polygon", "coordinates": [ [ [ 7.7222756, 45.0882895 ], [ 7.7223372, 45.0882772 ], [ 7.7222756, 45.0881143 ], [ 7.7222152, 45.0881257 ], [ 7.7222756, 45.0882895 ] ] ] } },
{ "type": "Feature", "properties": { "osm_id": 878618367, "height": 9.0, "has_osm_height": false, "code": "N061", "name": "GALOPPATOIO", "july_2020": "under construction", "october_2021": "under construction", "july_2022": "completed", "december_2022": "completed", "april_2024": "completed", "february_2025": "completed", "december_2025": "completed" }, "geometry": { "type": "Polygon", "coordinates": [ [ [ 7.7219465, 45.0884615 ], [ 7.7222234, 45.0884059 ], [ 7.7221837, 45.0883073 ], [ 7.7220345, 45.0883373 ], [ 7.7220395, 45.0883497 ], [ 7.7219118, 45.0883754 ], [ 7.7219312, 45.0884236 ], [ 7.7219465, 45.0884615 ] ] ] } },
{ "type": "Feature", "properties": { "osm_id": 878618367, "height": 9.0, "has_osm_height": false, "code": "N175", "name": "MEISINO", "july_2020": "", "october_2021": "", "july_2022": "procedure in progress", "december_2022": "procedure in progress", "april_2024": "procedure in progress", "february_2025": "procedure in progress", "december_2025": "under construction" }, "geometry": { "type": "Polygon", "coordinates": [ [ [ 7.7219465, 45.0884615 ], [ 7.7222234, 45.0884059 ], [ 7.7221837, 45.0883073 ], [ 7.7220345, 45.0883373 ], [ 7.7220395, 45.0883497 ], [ 7.7219118, 45.0883754 ], [ 7.7219312, 45.0884236 ], [ 7.7219465, 45.0884615 ] ] ] } },
{ "type": "Feature", "properties": { "osm_id": 878618367, "height": 9.0, "has_osm_height": false, "code": "N061", "name": "GALOPPATOIO", "july_2020": "under construction", "october_2021": "under construction", "july_2022": "completed", "december_2022": "completed", "april_2024": "completed", "february_2025": "completed", "december_2025": "completed" }, "geometry": { "type": "Polygon", "coordinates": [ [ [ 7.7219465, 45.0884615 ], [ 7.7222234, 45.0884059 ], [ 7.7221837, 45.0883073 ], [ 7.7220345, 45.0883373 ], [ 7.7220395, 45.0883497 ], [ 7.7219118, 45.0883754 ], [ 7.7219312, 45.0884236 ], [ 7.7219465, 45.0884615 ] ] ] } },
{ "type": "Feature", "properties": { "osm_id": 878618367, "height": 9.0, "has_osm_height": false, "code": "N175", "name": "MEISINO", "july_2020": "", "october_2021": "", "july_2022": "procedure in progress", "december_2022": "procedure in progress", "april_2024": "procedure in progress", "february_2025": "procedure in progress", "december_2025": "under construction" }, "geometry": { "type": "Polygon", "coordinates": [ [ [ 7.7219465, 45.0884615 ], [ 7.7222234, 45.0884059 ], [ 7.7221837, 45.0883073 ], [ 7.7220345, 45.0883373 ], [ 7.7220395, 45.0883497 ], [ 7.7219118, 45.0883754 ], [ 7.7219312, 45.0884236 ], [ 7.7219465, 45.0884615 ] ] ] } },
{ "type": "Feature", "properties": { "osm_id": 878618368, "height": 9.0, "has_osm_height": false, "code": "N061", "name": "GALOPPATOIO", "july_2020": "under construction", "october_2021": "under construction", "july_2022": "completed", "december_2022": "completed", "april_2024": "completed", "february_2025": "completed", "december_2025": "completed" }, "geometry": { "type": "Polygon", "coordinates": [ [ [ 7.7219118, 45.0883754 ], [ 7.7220395, 45.0883497 ], [ 7.7220345, 45.0883373 ], [ 7.7219631, 45.0881512 ], [ 7.7218263, 45.0881739 ], [ 7.7218907, 45.0883269 ], [ 7.7219118, 45.0883754 ] ] ] } },
{ "type": "Feature", "properties": { "osm_id": 878618368, "height": 9.0, "has_osm_height": false, "code": "N175", "name": "MEISINO", "july_2020": "", "october_2021": "", "july_2022": "procedure in progress", "december_2022": "procedure in progress", "april_2024": "procedure in progress", "february_2025": "procedure in progress", "december_2025": "under construction" }, "geometry": { "type": "Polygon", "coordinates": [ [ [ 7.7219118, 45.0883754 ], [ 7.7220395, 45.0883497 ], [ 7.7220345, 45.0883373 ], [ 7.7219631, 45.0881512 ], [ 7.7218263, 45.0881739 ], [ 7.7218907, 45.0883269 ], [ 7.7219118, 45.0883754 ] ] ] } },
{ "type": "Feature", "properties": { "osm_id": 878618368, "height": 9.0, "has_osm_height": false, "code": "N061", "name": "GALOPPATOIO", "july_2020": "under construction", "october_2021": "under construction", "july_2022": "completed", "december_2022": "completed", "april_2024": "completed", "february_2025": "completed", "december_2025": "completed" }, "geometry": { "type": "Polygon", "coordinates": [ [ [ 7.7219118, 45.0883754 ], [ 7.7220395, 45.0883497 ], [ 7.7220345, 45.0883373 ], [ 7.7219631, 45.0881512 ], [ 7.7218263, 45.0881739 ], [ 7.7218907, 45.0883269 ], [ 7.7219118, 45.0883754 ] ] ] } },
{ "type": "Feature", "properties": { "osm_id": 878618368, "height": 9.0, "has_osm_height": false, "code": "N175", "name": "MEISINO", "july_2020": "", "october_2021": "", "july_2022": "procedure in progress", "december_2022": "procedure in progress", "april_2024": "procedure in progress", "february_2025": "procedure in progress", "december_2025": "under construction" }, "geometry": { "type": "Polygon", "coordinates": [ [ [ 7.7219118, 45.0883754 ], [ 7.7220395, 45.0883497 ], [ 7.7220345, 45.0883373 ], [ 7.7219631, 45.0881512 ], [ 7.7218263, 45.0881739 ], [ 7.7218907, 45.0883269 ], [ 7.7219118, 45.0883754 ] ] ] } },
{ "type": "Feature", "properties": { "osm_id": 878618369, "height": 9.0, "has_osm_height": false, "code": "N061", "name": "GALOPPATOIO", "july_2020": "under construction", "october_2021": "under construction", "july_2022": "completed", "december_2022": "completed", "april_2024": "completed", "february_2025": "completed", "december_2025": "completed" }, "geometry": { "type": "Polygon", "coordinates": [ [ [ 7.7214897, 45.0885091 ], [ 7.7219312, 45.0884236 ], [ 7.7219118, 45.0883754 ], [ 7.7218907, 45.0883269 ], [ 7.7214548, 45.0884088 ], [ 7.7214897, 45.0885091 ] ] ] } },
{ "type": "Feature", "properties": { "osm_id": 878618369, "height": 9.0, "has_osm_height": false, "code": "N175", "name": "MEISINO", "july_2020": "", "october_2021": "", "july_2022": "procedure in progress", "december_2022": "procedure in progress", "april_2024": "procedure in progress", "february_2025": "procedure in progress", "december_2025": "under construction" }, "geometry": { "type": "Polygon", "coordinates": [ [ [ 7.7214897, 45.0885091 ], [ 7.7219312, 45.0884236 ], [ 7.7219118, 45.0883754 ], [ 7.7218907, 45.0883269 ], [ 7.7214548, 45.0884088 ], [ 7.7214897, 45.0885091 ] ] ] } },
{ "type": "Feature", "properties": { "osm_id": 878618369, "height": 9.0, "has_osm_height": false, "code": "N061", "name": "GALOPPATOIO", "july_2020": "under construction", "october_2021": "under construction", "july_2022": "completed", "december_2022": "completed", "april_2024": "completed", "february_2025": "completed", "december_2025": "completed" }, "geometry": { "type": "Polygon", "coordinates": [ [ [ 7.7214897, 45.0885091 ], [ 7.7219312, 45.0884236 ], [ 7.7219118, 45.0883754 ], [ 7.7218907, 45.0883269 ], [ 7.7214548, 45.0884088 ], [ 7.7214897, 45.0885091 ] ] ] } },
{ "type": "Feature", "properties": { "osm_id": 878618369, "height": 9.0, "has_osm_height": false, "code": "N175", "name": "MEISINO", "july_2020": "", "october_2021": "", "july_2022": "procedure in progress", "december_2022": "procedure in progress", "april_2024": "procedure in progress", "february_2025": "procedure in progress", "december_2025": "under construction" }, "geometry": { "type": "Polygon", "coordinates": [ [ [ 7.7214897, 45.0885091 ], [ 7.7219312, 45.0884236 ], [ 7.7219118, 45.0883754 ], [ 7.7218907, 45.0883269 ], [ 7.7214548, 45.0884088 ], [ 7.7214897, 45.0885091 ] ] ] } },
{ "type": "Feature", "properties": { "osm_id": 878618370, "height": 9.0, "has_osm_height": false, "code": "N061", "name": "GALOPPATOIO", "july_2020": "under construction", "october_2021": "under construction", "july_2022": "completed", "december_2022": "completed", "april_2024": "completed", "february_2025": "completed", "december_2025": "completed" }, "geometry": { "type": "Polygon", "coordinates": [ [ [ 7.7212151, 45.088547 ], [ 7.7213421, 45.0885274 ], [ 7.7213217, 45.0884617 ], [ 7.7211947, 45.0884814 ], [ 7.7212151, 45.088547 ] ] ] } },
{ "type": "Feature", "properties": { "osm_id": 878618370, "height": 9.0, "has_osm_height": false, "code": "N175", "name": "MEISINO", "july_2020": "", "october_2021": "", "july_2022": "procedure in progress", "december_2022": "procedure in progress", "april_2024": "procedure in progress", "february_2025": "procedure in progress", "december_2025": "under construction" }, "geometry": { "type": "Polygon", "coordinates": [ [ [ 7.7212151, 45.088547 ], [ 7.7213421, 45.0885274 ], [ 7.7213217, 45.0884617 ], [ 7.7211947, 45.0884814 ], [ 7.7212151, 45.088547 ] ] ] } },
{ "type": "Feature", "properties": { "osm_id": 878618370, "height": 9.0, "has_osm_height": false, "code": "N061", "name": "GALOPPATOIO", "july_2020": "under construction", "october_2021": "under construction", "july_2022": "completed", "december_2022": "completed", "april_2024": "completed", "february_2025": "completed", "december_2025": "completed" }, "geometry": { "type": "Polygon", "coordinates": [ [ [ 7.7212151, 45.088547 ], [ 7.7213421, 45.0885274 ], [ 7.7213217, 45.0884617 ], [ 7.7211947, 45.0884814 ], [ 7.7212151, 45.088547 ] ] ] } },
{ "type": "Feature", "properties": { "osm_id": 878618370, "height": 9.0, "has_osm_height": false, "code": "N175", "name": "MEISINO", "july_2020": "", "october_2021": "", "july_2022": "procedure in progress", "december_2022": "procedure in progress", "april_2024": "procedure in progress", "february_2025": "procedure in progress", "december_2025": "under construction" }, "geometry": { "type": "Polygon", "coordinates": [ [ [ 7.7212151, 45.088547 ], [ 7.7213421, 45.0885274 ], [ 7.7213217, 45.0884617 ], [ 7.7211947, 45.0884814 ], [ 7.7212151, 45.088547 ] ] ] } },
{ "type": "Feature", "properties": { "osm_id": 1066705556, "height": 9.0, "has_osm_height": false, "code": "N064", "name": "MAR.DI.CHI.", "july_2020": "procedure in progress", "october_2021": "procedure in progress", "july_2022": "procedure in progress", "december_2022": "on hold", "april_2024": "on hold", "february_2025": "on hold", "december_2025": "on hold" }, "geometry": { "type": "Polygon", "coordinates": [ [ [ 7.7095679, 45.0861891 ], [ 7.7097471, 45.0862687 ], [ 7.7094246, 45.0866292 ], [ 7.7092447, 45.0865493 ], [ 7.7095679, 45.0861891 ] ] ] } },
{ "type": "Feature", "properties": { "osm_id": 1066705557, "height": 9.0, "has_osm_height": false, "code": "N064", "name": "MAR.DI.CHI.", "july_2020": "procedure in progress", "october_2021": "procedure in progress", "july_2022": "procedure in progress", "december_2022": "on hold", "april_2024": "on hold", "february_2025": "on hold", "december_2025": "on hold" }, "geometry": { "type": "Polygon", "coordinates": [ [ [ 7.7090144, 45.086894 ], [ 7.7090929, 45.0868937 ], [ 7.7090931, 45.086877 ], [ 7.7091778, 45.0868764 ], [ 7.7091764, 45.0867524 ], [ 7.7090966, 45.0867527 ], [ 7.7090968, 45.0868152 ], [ 7.7090254, 45.0868153 ], [ 7.7090252, 45.08682 ], [ 7.7090138, 45.08682 ], [ 7.7090144, 45.086894 ] ] ] } },
{ "type": "Feature", "properties": { "osm_id": 1066705558, "height": 9.0, "has_osm_height": false, "code": "N064", "name": "MAR.DI.CHI.", "july_2020": "procedure in progress", "october_2021": "procedure in progress", "july_2022": "procedure in progress", "december_2022": "on hold", "april_2024": "on hold", "february_2025": "on hold", "december_2025": "on hold" }, "geometry": { "type": "Polygon", "coordinates": [ [ [ 7.7091778, 45.0868764 ], [ 7.7097646, 45.0868713 ], [ 7.7097627, 45.0867228 ], [ 7.709176, 45.0867258 ], [ 7.7091764, 45.0867524 ], [ 7.7091778, 45.0868764 ] ] ] } },
{ "type": "Feature", "properties": { "osm_id": 1066705559, "height": 9.0, "has_osm_height": false, "code": "N064", "name": "MAR.DI.CHI.", "july_2020": "procedure in progress", "october_2021": "procedure in progress", "july_2022": "procedure in progress", "december_2022": "on hold", "april_2024": "on hold", "february_2025": "on hold", "december_2025": "on hold" }, "geometry": { "type": "Polygon", "coordinates": [ [ [ 7.7106499, 45.0870383 ], [ 7.710223, 45.087039 ], [ 7.7102215, 45.0868958 ], [ 7.7106499, 45.086893 ], [ 7.7106499, 45.0870383 ] ] ] } },
{ "type": "Feature", "properties": { "osm_id": 1066705560, "height": 9.0, "has_osm_height": false, "code": "N064", "name": "MAR.DI.CHI.", "july_2020": "procedure in progress", "october_2021": "procedure in progress", "july_2022": "procedure in progress", "december_2022": "on hold", "april_2024": "on hold", "february_2025": "on hold", "december_2025": "on hold" }, "geometry": { "type": "Polygon", "coordinates": [ [ [ 7.7106553, 45.0876661 ], [ 7.7102276, 45.0876664 ], [ 7.7102257, 45.0875214 ], [ 7.7106541, 45.0875196 ], [ 7.7106553, 45.0876661 ] ] ] } },
{ "type": "Feature", "properties": { "osm_id": 1066705561, "height": 9.0, "has_osm_height": false, "code": "N064", "name": "MAR.DI.CHI.", "july_2020": "procedure in progress", "october_2021": "procedure in progress", "july_2022": "procedure in progress", "december_2022": "on hold", "april_2024": "on hold", "february_2025": "on hold", "december_2025": "on hold" }, "geometry": { "type": "Polygon", "coordinates": [ [ [ 7.7106535, 45.0874563 ], [ 7.7102253, 45.0874567 ], [ 7.7102234, 45.0873118 ], [ 7.7106523, 45.0873105 ], [ 7.7106535, 45.0874563 ] ] ] } },
{ "type": "Feature", "properties": { "osm_id": 1066705562, "height": 9.0, "has_osm_height": false, "code": "N064", "name": "MAR.DI.CHI.", "july_2020": "procedure in progress", "october_2021": "procedure in progress", "july_2022": "procedure in progress", "december_2022": "on hold", "april_2024": "on hold", "february_2025": "on hold", "december_2025": "on hold" }, "geometry": { "type": "Polygon", "coordinates": [ [ [ 7.7106517, 45.0872468 ], [ 7.7102238, 45.0872473 ], [ 7.7102219, 45.0871023 ], [ 7.7106505, 45.087101 ], [ 7.7106517, 45.0872468 ] ] ] } },
{ "type": "Feature", "properties": { "osm_id": 1066705563, "height": 9.0, "has_osm_height": false, "code": "N064", "name": "MAR.DI.CHI.", "july_2020": "procedure in progress", "october_2021": "procedure in progress", "july_2022": "procedure in progress", "december_2022": "on hold", "april_2024": "on hold", "february_2025": "on hold", "december_2025": "on hold" }, "geometry": { "type": "Polygon", "coordinates": [ [ [ 7.7095568, 45.088568 ], [ 7.7095671, 45.088568 ], [ 7.7101784, 45.0885645 ], [ 7.7101784, 45.0885617 ], [ 7.7102646, 45.088561 ], [ 7.7102653, 45.0885122 ], [ 7.7101775, 45.0885125 ], [ 7.7101774, 45.088472 ], [ 7.7102654, 45.0884715 ], [ 7.7102639, 45.0882367 ], [ 7.7101747, 45.0882374 ], [ 7.710174, 45.0881002 ], [ 7.7099678, 45.0881003 ], [ 7.7099679, 45.0881049 ], [ 7.709552, 45.0881067 ], [ 7.7095568, 45.088568 ] ] ] } },
{ "type": "Feature", "properties": { "osm_id": 1066705564, "height": 9.0, "has_osm_height": false, "code": "N064", "name": "MAR.DI.CHI.", "july_2020": "procedure in progress", "october_2021": "procedure in progress", "july_2022": "procedure in progress", "december_2022": "on hold", "april_2024": "on hold", "february_2025": "on hold", "december_2025": "on hold" }, "geometry": { "type": "Polygon", "coordinates": [ [ [ 7.7095671, 45.088568 ], [ 7.7095669, 45.0886108 ], [ 7.7095175, 45.0886111 ], [ 7.7087663, 45.0882721 ], [ 7.7087665, 45.088203 ], [ 7.7086482, 45.0882029 ], [ 7.7086476, 45.0881198 ], [ 7.7084101, 45.0881201 ], [ 7.7084103, 45.0879962 ], [ 7.7084896, 45.0879959 ], [ 7.7085253, 45.0879723 ], [ 7.7085242, 45.0878587 ], [ 7.7084896, 45.0878352 ], [ 7.7084043, 45.0878352 ], [ 7.7084041, 45.0877128 ], [ 7.7083953, 45.0877129 ], [ 7.708394, 45.0875495 ], [ 7.7086737, 45.0875484 ], [ 7.7086742, 45.0872335 ], [ 7.7087563, 45.0872324 ], [ 7.7087529, 45.0870974 ], [ 7.7095463, 45.0870928 ], [ 7.7095486, 45.0874966 ], [ 7.709552, 45.0881067 ], [ 7.7095568, 45.088568 ], [ 7.7095671, 45.088568 ] ] ] } },
{ "type": "Feature", "properties": { "osm_id": 1066705565, "height": 9.0, "has_osm_height": false, "code": "N064", "name": "MAR.DI.CHI.", "july_2020": "procedure in progress", "october_2021": "procedure in progress", "july_2022": "procedure in progress", "december_2022": "on hold", "april_2024": "on hold", "february_2025": "on hold", "december_2025": "on hold" }, "geometry": { "type": "Polygon", "coordinates": [ [ [ 7.7099679, 45.0881049 ], [ 7.7099678, 45.0881003 ], [ 7.7099664, 45.0879912 ], [ 7.7101005, 45.0879904 ], [ 7.710099, 45.0879109 ], [ 7.7095993, 45.087912 ], [ 7.7095986, 45.087829 ], [ 7.7097239, 45.0878287 ], [ 7.7097233, 45.0876855 ], [ 7.7098874, 45.087685 ], [ 7.709888, 45.0878247 ], [ 7.7100223, 45.087824 ], [ 7.7100226, 45.08759 ], [ 7.7098864, 45.0875898 ], [ 7.7098855, 45.0874957 ], [ 7.7095486, 45.0874966 ], [ 7.709552, 45.0881067 ], [ 7.7099679, 45.0881049 ] ] ] } },
{ "type": "Feature", "properties": { "osm_id": 1066705567, "height": 9.0, "has_osm_height": false, "code": "N064", "name": "MAR.DI.CHI.", "july_2020": "procedure in progress", "october_2021": "procedure in progress", "july_2022": "procedure in progress", "december_2022": "on hold", "april_2024": "on hold", "february_2025": "on hold", "december_2025": "on hold" }, "geometry": { "type": "Polygon", "coordinates": [ [ [ 7.7097114, 45.088747 ], [ 7.7097787, 45.088675 ], [ 7.7096758, 45.0886278 ], [ 7.7096086, 45.0887002 ], [ 7.7097114, 45.088747 ] ] ] } },
{ "type": "Feature", "properties": { "osm_id": 1066705568, "height": 9.0, "has_osm_height": false, "code": "N064", "name": "MAR.DI.CHI.", "july_2020": "procedure in progress", "october_2021": "procedure in progress", "july_2022": "procedure in progress", "december_2022": "on hold", "april_2024": "on hold", "february_2025": "on hold", "december_2025": "on hold" }, "geometry": { "type": "Polygon", "coordinates": [ [ [ 7.7098371, 45.0888042 ], [ 7.7103994, 45.0890599 ], [ 7.7104862, 45.0890278 ], [ 7.7104923, 45.0890208 ], [ 7.709889, 45.088749 ], [ 7.7098371, 45.0888042 ] ] ] } },
{ "type": "Feature", "properties": { "osm_id": 1096502747, "height": 9.0, "has_osm_height": false, "code": "N070", "name": "LANCIA", "july_2020": "procedure in progress", "october_2021": "procedure in progress", "july_2022": "under construction", "december_2022": "under construction", "april_2024": "partially under construction", "february_2025": "", "december_2025": "" }, "geometry": { "type": "Polygon", "coordinates": [ [ [ 7.6404088, 45.063312 ], [ 7.6405556, 45.0634065 ], [ 7.6405982, 45.063374 ], [ 7.640733, 45.0634613 ], [ 7.6408644, 45.0633615 ], [ 7.6406864, 45.0632359 ], [ 7.6407234, 45.0632077 ], [ 7.6406285, 45.0631456 ], [ 7.6404088, 45.063312 ] ] ] } },
{ "type": "Feature", "properties": { "osm_id": 1167094072, "height": 9.0, "has_osm_height": false, "code": "N070", "name": "LANCIA", "july_2020": "procedure in progress", "october_2021": "procedure in progress", "july_2022": "under construction", "december_2022": "under construction", "april_2024": "partially under construction", "february_2025": "", "december_2025": "" }, "geometry": { "type": "Polygon", "coordinates": [ [ [ 7.6399992, 45.06176 ], [ 7.6399979, 45.0616903 ], [ 7.640051, 45.0616899 ], [ 7.6400523, 45.0617595 ], [ 7.6399992, 45.06176 ] ] ] } },
{ "type": "Feature", "properties": { "osm_id": 1167094073, "height": 9.0, "has_osm_height": false, "code": "N070", "name": "LANCIA", "july_2020": "procedure in progress", "october_2021": "procedure in progress", "july_2022": "under construction", "december_2022": "under construction", "april_2024": "partially under construction", "february_2025": "", "december_2025": "" }, "geometry": { "type": "Polygon", "coordinates": [ [ [ 7.6399267, 45.0617607 ], [ 7.6399252, 45.0616923 ], [ 7.6399857, 45.0616916 ], [ 7.6399873, 45.06176 ], [ 7.6399267, 45.0617607 ] ] ] } },
{ "type": "Feature", "properties": { "osm_id": 1214819925, "height": 3.2, "has_osm_height": true, "code": "N063", "name": "IFAS", "july_2020": "procedure in progress", "october_2021": "procedure in progress", "july_2022": "under construction", "december_2022": "under construction", "april_2024": "under construction", "february_2025": "completed", "december_2025": "completed" }, "geometry": { "type": "Polygon", "coordinates": [ [ [ 7.6570729, 45.04128 ], [ 7.6572567, 45.0415456 ], [ 7.6573321, 45.0415198 ], [ 7.657793, 45.0413622 ], [ 7.6581685, 45.0412337 ], [ 7.6580008, 45.0409633 ], [ 7.6570729, 45.04128 ] ] ] } },
{ "type": "Feature", "properties": { "osm_id": 1214819926, "height": 9.0, "has_osm_height": false, "code": "N063", "name": "IFAS", "july_2020": "procedure in progress", "october_2021": "procedure in progress", "july_2022": "under construction", "december_2022": "under construction", "april_2024": "under construction", "february_2025": "completed", "december_2025": "completed" }, "geometry": { "type": "Polygon", "coordinates": [ [ [ 7.6587575, 45.0421519 ], [ 7.6586561, 45.0420071 ], [ 7.6581941, 45.0421687 ], [ 7.657992, 45.0422393 ], [ 7.6580289, 45.042292 ], [ 7.658494, 45.0421295 ], [ 7.658514, 45.0421582 ], [ 7.6586162, 45.0421224 ], [ 7.6586606, 45.0421858 ], [ 7.6587575, 45.0421519 ] ] ] } },
{ "type": "Feature", "properties": { "osm_id": 1238389426, "height": 9.0, "has_osm_height": false, "code": "N070", "name": "LANCIA", "july_2020": "procedure in progress", "october_2021": "procedure in progress", "july_2022": "under construction", "december_2022": "under construction", "april_2024": "partially under construction", "february_2025": "", "december_2025": "" }, "geometry": { "type": "Polygon", "coordinates": [ [ [ 7.6413203, 45.0631272 ], [ 7.6413091, 45.0631357 ], [ 7.641153, 45.0632558 ], [ 7.6411938, 45.0632824 ], [ 7.6410927, 45.0633601 ], [ 7.6412369, 45.0634538 ], [ 7.6413437, 45.0633717 ], [ 7.641395, 45.0634049 ], [ 7.6415207, 45.0633082 ], [ 7.6413853, 45.0632203 ], [ 7.6414212, 45.0631927 ], [ 7.6413203, 45.0631272 ] ] ] } },
{ "type": "Feature", "properties": { "osm_id": 1239627027, "height": 9.0, "has_osm_height": false, "code": "N063", "name": "IFAS", "july_2020": "procedure in progress", "october_2021": "procedure in progress", "july_2022": "under construction", "december_2022": "under construction", "april_2024": "under construction", "february_2025": "completed", "december_2025": "completed" }, "geometry": { "type": "Polygon", "coordinates": [ [ [ 7.6575157, 45.041786 ], [ 7.6573321, 45.0415198 ], [ 7.657793, 45.0413622 ], [ 7.6579739, 45.0416276 ], [ 7.6575157, 45.041786 ] ] ] } },
{ "type": "Feature", "properties": { "osm_id": 1239627714, "height": 9.0, "has_osm_height": false, "code": "N063", "name": "IFAS", "july_2020": "procedure in progress", "october_2021": "procedure in progress", "july_2022": "under construction", "december_2022": "under construction", "april_2024": "under construction", "february_2025": "completed", "december_2025": "completed" }, "geometry": { "type": "Polygon", "coordinates": [ [ [ 7.6574932, 45.04193 ], [ 7.6577667, 45.0418433 ], [ 7.6579514, 45.0417812 ], [ 7.6581941, 45.0421687 ], [ 7.657992, 45.0422393 ], [ 7.6578031, 45.0423102 ], [ 7.6576046, 45.0420476 ], [ 7.6574932, 45.04193 ] ] ] } },
{ "type": "Feature", "properties": { "osm_id": 1336842070, "height": 9.0, "has_osm_height": false, "code": "N063", "name": "IFAS", "july_2020": "procedure in progress", "october_2021": "procedure in progress", "july_2022": "under construction", "december_2022": "under construction", "april_2024": "under construction", "february_2025": "completed", "december_2025": "completed" }, "geometry": { "type": "Polygon", "coordinates": [ [ [ 7.6579514, 45.0417812 ], [ 7.6581941, 45.0421687 ], [ 7.6586561, 45.0420071 ], [ 7.658414, 45.0416282 ], [ 7.6581827, 45.0417067 ], [ 7.6579514, 45.0417812 ] ] ] } },
{ "type": "Feature", "properties": { "osm_id": 1436480348, "height": 6.4, "has_osm_height": true, "code": "N073", "name": "MOLINETTE", "july_2020": "procedure in progress", "october_2021": "procedure in progress", "july_2022": "procedure in progress", "december_2022": "procedure in progress", "april_2024": "procedure in progress", "february_2025": "removed", "december_2025": "" }, "geometry": { "type": "Polygon", "coordinates": [ [ [ 7.6731447, 45.0396345 ], [ 7.6731211, 45.0395739 ], [ 7.6729799, 45.0396016 ], [ 7.6730035, 45.0396621 ], [ 7.6731447, 45.0396345 ] ] ] } },
{ "type": "Feature", "properties": { "osm_id": 1436480357, "height": 9.0, "has_osm_height": false, "code": "N073", "name": "MOLINETTE", "july_2020": "procedure in progress", "october_2021": "procedure in progress", "july_2022": "procedure in progress", "december_2022": "procedure in progress", "april_2024": "procedure in progress", "february_2025": "removed", "december_2025": "" }, "geometry": { "type": "Polygon", "coordinates": [ [ [ 7.6746135, 45.0408247 ], [ 7.674822, 45.0407867 ], [ 7.6747716, 45.0406488 ], [ 7.674511, 45.0406962 ], [ 7.6745346, 45.0407608 ], [ 7.6745867, 45.0407513 ], [ 7.6746135, 45.0408247 ] ] ] } },
{ "type": "Feature", "properties": { "osm_id": 1436480366, "height": 9.0, "has_osm_height": false, "code": "N073", "name": "MOLINETTE", "july_2020": "procedure in progress", "october_2021": "procedure in progress", "july_2022": "procedure in progress", "december_2022": "procedure in progress", "april_2024": "procedure in progress", "february_2025": "removed", "december_2025": "" }, "geometry": { "type": "Polygon", "coordinates": [ [ [ 7.6738819, 45.0418468 ], [ 7.673954, 45.0418342 ], [ 7.6739992, 45.0418263 ], [ 7.6740279, 45.0419082 ], [ 7.6739106, 45.0419287 ], [ 7.6738819, 45.0418468 ] ] ] } },
{ "type": "Feature", "properties": { "osm_id": 1436480372, "height": 9.0, "has_osm_height": false, "code": "N073", "name": "MOLINETTE", "july_2020": "procedure in progress", "october_2021": "procedure in progress", "july_2022": "procedure in progress", "december_2022": "procedure in progress", "april_2024": "procedure in progress", "february_2025": "removed", "december_2025": "" }, "geometry": { "type": "Polygon", "coordinates": [ [ [ 7.6739838, 45.0401265 ], [ 7.6738711, 45.0401505 ], [ 7.673956, 45.0403489 ], [ 7.6740686, 45.0403249 ], [ 7.6740635, 45.0403128 ], [ 7.6741049, 45.040304 ], [ 7.6741, 45.0402926 ], [ 7.6740942, 45.040279 ], [ 7.6740528, 45.0402878 ], [ 7.6739838, 45.0401265 ] ] ] } },
{ "type": "Feature", "properties": { "osm_id": 1436480381, "height": 9.0, "has_osm_height": false, "code": "N073", "name": "MOLINETTE", "july_2020": "procedure in progress", "october_2021": "procedure in progress", "july_2022": "procedure in progress", "december_2022": "procedure in progress", "april_2024": "procedure in progress", "february_2025": "removed", "december_2025": "" }, "geometry": { "type": "Polygon", "coordinates": [ [ [ 7.6725581, 45.0411811 ], [ 7.6725503, 45.0411397 ], [ 7.672476, 45.041148 ], [ 7.6724833, 45.0411882 ], [ 7.6724865, 45.0411879 ], [ 7.6725581, 45.0411811 ] ] ] } },
{ "type": "Feature", "properties": { "osm_id": 1436480382, "height": 9.0, "has_osm_height": false, "code": "N073", "name": "MOLINETTE", "july_2020": "procedure in progress", "october_2021": "procedure in progress", "july_2022": "procedure in progress", "december_2022": "procedure in progress", "april_2024": "procedure in progress", "february_2025": "removed", "december_2025": "" }, "geometry": { "type": "Polygon", "coordinates": [ [ [ 7.6724833, 45.0411882 ], [ 7.6724992, 45.041276 ], [ 7.6725047, 45.0412753 ], [ 7.6725746, 45.0412689 ], [ 7.6725581, 45.0411811 ], [ 7.6724865, 45.0411879 ], [ 7.6724833, 45.0411882 ] ] ] } },
{ "type": "Feature", "properties": { "osm_id": 1436480389, "height": 6.4, "has_osm_height": true, "code": "N073", "name": "MOLINETTE", "july_2020": "procedure in progress", "october_2021": "procedure in progress", "july_2022": "procedure in progress", "december_2022": "procedure in progress", "april_2024": "procedure in progress", "february_2025": "removed", "december_2025": "" }, "geometry": { "type": "Polygon", "coordinates": [ [ [ 7.6745153, 45.0416061 ], [ 7.6747341, 45.0415642 ], [ 7.6747321, 45.0415592 ], [ 7.6747196, 45.0415274 ], [ 7.674708, 45.0414979 ], [ 7.6744886, 45.0415409 ], [ 7.6745136, 45.041602 ], [ 7.6745153, 45.0416061 ] ] ] } },
{ "type": "Feature", "properties": { "osm_id": 1436480397, "height": 9.0, "has_osm_height": false, "code": "N073", "name": "MOLINETTE", "july_2020": "procedure in progress", "october_2021": "procedure in progress", "july_2022": "procedure in progress", "december_2022": "procedure in progress", "april_2024": "procedure in progress", "february_2025": "removed", "december_2025": "" }, "geometry": { "type": "Polygon", "coordinates": [ [ [ 7.673461, 45.037763 ], [ 7.6735756, 45.0376239 ], [ 7.6736257, 45.0376197 ], [ 7.6736232, 45.0376037 ], [ 7.6736193, 45.0375783 ], [ 7.6735299, 45.037587 ], [ 7.6734046, 45.0377413 ], [ 7.6734315, 45.0377517 ], [ 7.673461, 45.037763 ] ] ] } },
{ "type": "Feature", "properties": { "osm_id": 1436480401, "height": 9.0, "has_osm_height": false, "code": "N073", "name": "MOLINETTE", "july_2020": "procedure in progress", "october_2021": "procedure in progress", "july_2022": "procedure in progress", "december_2022": "procedure in progress", "april_2024": "procedure in progress", "february_2025": "removed", "december_2025": "" }, "geometry": { "type": "Polygon", "coordinates": [ [ [ 7.6752617, 45.0407066 ], [ 7.6752765, 45.0407446 ], [ 7.6755234, 45.0406996 ], [ 7.6756023, 45.0406852 ], [ 7.6755887, 45.0406471 ], [ 7.6752617, 45.0407066 ] ] ] } },
{ "type": "Feature", "properties": { "osm_id": 1436641804, "height": 9.0, "has_osm_height": false, "code": "N073", "name": "MOLINETTE", "july_2020": "procedure in progress", "october_2021": "procedure in progress", "july_2022": "procedure in progress", "december_2022": "procedure in progress", "april_2024": "procedure in progress", "february_2025": "removed", "december_2025": "" }, "geometry": { "type": "Polygon", "coordinates": [ [ [ 7.6723893, 45.0378664 ], [ 7.6723792, 45.0378351 ], [ 7.6723688, 45.0378026 ], [ 7.6724213, 45.0377918 ], [ 7.6724439, 45.0378552 ], [ 7.6723893, 45.0378664 ] ] ] } },
{ "type": "Feature", "properties": { "osm_id": 1436712688, "height": 9.0, "has_osm_height": false, "code": "N073", "name": "MOLINETTE", "july_2020": "procedure in progress", "october_2021": "procedure in progress", "july_2022": "procedure in progress", "december_2022": "procedure in progress", "april_2024": "procedure in progress", "february_2025": "removed", "december_2025": "" }, "geometry": { "type": "Polygon", "coordinates": [ [ [ 7.6734325, 45.0415769 ], [ 7.6735479, 45.0419005 ], [ 7.6737182, 45.0418701 ], [ 7.6736028, 45.0415466 ], [ 7.6734325, 45.0415769 ] ] ] } },
{ "type": "Feature", "properties": { "osm_id": 1436712725, "height": 9.0, "has_osm_height": false, "code": "N073", "name": "MOLINETTE", "july_2020": "procedure in progress", "october_2021": "procedure in progress", "july_2022": "procedure in progress", "december_2022": "procedure in progress", "april_2024": "procedure in progress", "february_2025": "removed", "december_2025": "" }, "geometry": { "type": "Polygon", "coordinates": [ [ [ 7.673077, 45.0385503 ], [ 7.6729948, 45.0383346 ], [ 7.673107, 45.0383133 ], [ 7.6731762, 45.0384948 ], [ 7.6731107, 45.0385073 ], [ 7.6731237, 45.0385414 ], [ 7.6731033, 45.0385453 ], [ 7.673077, 45.0385503 ] ] ] } },
{ "type": "Feature", "properties": { "osm_id": 1447917642, "height": 9.0, "has_osm_height": false, "code": "N073", "name": "MOLINETTE", "july_2020": "procedure in progress", "october_2021": "procedure in progress", "july_2022": "procedure in progress", "december_2022": "procedure in progress", "april_2024": "procedure in progress", "february_2025": "removed", "december_2025": "" }, "geometry": { "type": "Polygon", "coordinates": [ [ [ 7.673461, 45.037763 ], [ 7.673439, 45.0377904 ], [ 7.6734206, 45.0378135 ], [ 7.673391, 45.0378016 ], [ 7.6733643, 45.0377907 ], [ 7.6733828, 45.0377682 ], [ 7.6734046, 45.0377413 ], [ 7.6734315, 45.0377517 ], [ 7.673461, 45.037763 ] ] ] } },
{ "type": "Feature", "properties": { "osm_id": 1447917646, "height": 9.0, "has_osm_height": false, "code": "N073", "name": "MOLINETTE", "july_2020": "procedure in progress", "october_2021": "procedure in progress", "july_2022": "procedure in progress", "december_2022": "procedure in progress", "april_2024": "procedure in progress", "february_2025": "removed", "december_2025": "" }, "geometry": { "type": "Polygon", "coordinates": [ [ [ 7.6734206, 45.0378135 ], [ 7.6732438, 45.0380349 ], [ 7.6732967, 45.0381577 ], [ 7.6734274, 45.0384838 ], [ 7.6733696, 45.0384948 ], [ 7.6731814, 45.0380179 ], [ 7.6731953, 45.0380006 ], [ 7.6730052, 45.037883 ], [ 7.6730707, 45.0378697 ], [ 7.6732216, 45.037968 ], [ 7.6733643, 45.0377907 ], [ 7.673391, 45.0378016 ], [ 7.6734206, 45.0378135 ] ] ] } },
{ "type": "Feature", "properties": { "osm_id": 22954072, "height": 9.0, "has_osm_height": false, "code": "N075", "name": "MOTOVELODROMO", "july_2020": "procedure in progress", "october_2021": "procedure in progress", "july_2022": "completed", "december_2022": "completed", "april_2024": "completed", "february_2025": "completed", "december_2025": "completed" }, "geometry": { "type": "Polygon", "coordinates": [ [ [ 7.7182398, 45.0678129 ], [ 7.7191683, 45.067752 ], [ 7.7193083, 45.0677439 ], [ 7.7194935, 45.0677647 ], [ 7.7196479, 45.0678304 ], [ 7.7197551, 45.0679073 ], [ 7.719847, 45.0680333 ], [ 7.7198606, 45.0681695 ], [ 7.7198085, 45.0682922 ], [ 7.7197236, 45.0683956 ], [ 7.7196045, 45.0684636 ], [ 7.7194572, 45.0685187 ], [ 7.7193348, 45.068531 ], [ 7.7193515, 45.0686965 ], [ 7.7185638, 45.0687493 ], [ 7.7185488, 45.0685917 ], [ 7.718337, 45.0685982 ], [ 7.7181708, 45.0685909 ], [ 7.7180187, 45.0685463 ], [ 7.717962, 45.0686054 ], [ 7.7178425, 45.0685481 ], [ 7.7177306, 45.0684642 ], [ 7.7176638, 45.0683561 ], [ 7.717629, 45.0682319 ], [ 7.7176375, 45.0681231 ], [ 7.7176656, 45.0680283 ], [ 7.7177376, 45.0679442 ], [ 7.717786, 45.0678971 ], [ 7.717848, 45.0678583 ], [ 7.717937, 45.0679058 ], [ 7.7180804, 45.0678412 ], [ 7.7182398, 45.0678129 ] ] ] } },
{ "type": "Feature", "properties": { "osm_id": 23034747, "height": 9.0, "has_osm_height": false, "code": "N084", "name": "PORTA SUSA", "july_2020": "under construction", "october_2021": "under construction", "july_2022": "under construction", "december_2022": "under construction", "april_2024": "under construction", "february_2025": "under construction", "december_2025": "procedure in progress" }, "geometry": { "type": "Polygon", "coordinates": [ [ [ 7.6672056, 45.0737147 ], [ 7.6673936, 45.0736518 ], [ 7.667494, 45.0737915 ], [ 7.6675214, 45.0737813 ], [ 7.6675776, 45.0737605 ], [ 7.6676879, 45.0739188 ], [ 7.6676296, 45.0739391 ], [ 7.6676619, 45.0739855 ], [ 7.667747, 45.0741075 ], [ 7.6677048, 45.0741222 ], [ 7.6680285, 45.0745865 ], [ 7.667888, 45.0746353 ], [ 7.667478, 45.0740473 ], [ 7.6672056, 45.0737147 ] ] ] } },
{ "type": "Feature", "properties": { "osm_id": 219153222, "height": 9.0, "has_osm_height": false, "code": "N079", "name": "DURANDO", "july_2020": "under construction", "october_2021": "under construction", "july_2022": "under construction", "december_2022": "under construction", "april_2024": "under construction", "february_2025": "under construction", "december_2025": "under construction" }, "geometry": { "type": "Polygon", "coordinates": [ [ [ 7.6801445, 45.0729033 ], [ 7.6799308, 45.0729831 ], [ 7.6798425, 45.0728653 ], [ 7.6799587, 45.0728219 ], [ 7.6799691, 45.0728357 ], [ 7.6800665, 45.0727993 ], [ 7.6801445, 45.0729033 ] ] ] } },
{ "type": "Feature", "properties": { "osm_id": 219154039, "height": 9.0, "has_osm_height": false, "code": "N080", "name": "GRONDANA", "july_2020": "procedure in progress", "october_2021": "procedure in progress", "july_2022": "under construction", "december_2022": "under construction", "april_2024": "completed", "february_2025": "completed", "december_2025": "completed" }, "geometry": { "type": "Polygon", "coordinates": [ [ [ 7.680968, 45.0680756 ], [ 7.6811369, 45.0680166 ], [ 7.6813269, 45.0682771 ], [ 7.6812117, 45.068317 ], [ 7.6811713, 45.0683835 ], [ 7.6810786, 45.0684141 ], [ 7.6810647, 45.0683955 ], [ 7.6809109, 45.0684559 ], [ 7.6808213, 45.0683386 ], [ 7.6809021, 45.0683112 ], [ 7.6810395, 45.0682667 ], [ 7.6809774, 45.0681778 ], [ 7.6809424, 45.0681243 ], [ 7.6809933, 45.0681082 ], [ 7.680968, 45.0680756 ] ] ] } },
{ "type": "Feature", "properties": { "osm_id": 219154049, "height": 9.0, "has_osm_height": false, "code": "N080", "name": "GRONDANA", "july_2020": "procedure in progress", "october_2021": "procedure in progress", "july_2022": "under construction", "december_2022": "under construction", "april_2024": "completed", "february_2025": "completed", "december_2025": "completed" }, "geometry": { "type": "Polygon", "coordinates": [ [ [ 7.6813269, 45.0682771 ], [ 7.6812117, 45.068317 ], [ 7.6811713, 45.0683835 ], [ 7.6812687, 45.0685151 ], [ 7.6814398, 45.0684492 ], [ 7.6813269, 45.0682771 ] ] ] } },
{ "type": "Feature", "properties": { "osm_id": 219154050, "height": 16.0, "has_osm_height": true, "code": "N080", "name": "GRONDANA", "july_2020": "procedure in progress", "october_2021": "procedure in progress", "july_2022": "under construction", "december_2022": "under construction", "april_2024": "completed", "february_2025": "completed", "december_2025": "completed" }, "geometry": { "type": "Polygon", "coordinates": [ [ [ 7.6812687, 45.0685151 ], [ 7.6814398, 45.0684492 ], [ 7.6815169, 45.0685522 ], [ 7.6814931, 45.0685614 ], [ 7.6813251, 45.0686221 ], [ 7.6812891, 45.0685747 ], [ 7.6813088, 45.0685675 ], [ 7.6812687, 45.0685151 ] ] ] } },
{ "type": "Feature", "properties": { "osm_id": 274564580, "height": 9.0, "has_osm_height": false, "code": "N077", "name": "DORA", "july_2020": "procedure in progress", "october_2021": "procedure in progress", "july_2022": "procedure in progress", "december_2022": "procedure in progress", "april_2024": "procedure in progress", "february_2025": "removed", "december_2025": "" }, "geometry": { "type": "Polygon", "coordinates": [ [ [ 7.615967, 45.0776039 ], [ 7.6160282, 45.0776028 ], [ 7.6162942, 45.0776183 ], [ 7.6163059, 45.0778318 ], [ 7.6163498, 45.0778309 ], [ 7.6163871, 45.0778301 ], [ 7.6163917, 45.077944 ], [ 7.616426, 45.0787997 ], [ 7.6160137, 45.0788135 ], [ 7.6159788, 45.077908 ], [ 7.615967, 45.0776039 ] ] ] } },
{ "type": "Feature", "properties": { "osm_id": 318988983, "height": 9.0, "has_osm_height": false, "code": "N080", "name": "GRONDANA", "july_2020": "procedure in progress", "october_2021": "procedure in progress", "july_2022": "under construction", "december_2022": "under construction", "april_2024": "completed", "february_2025": "completed", "december_2025": "completed" }, "geometry": { "type": "Polygon", "coordinates": [ [ [ 7.6808213, 45.0683386 ], [ 7.6806167, 45.0680473 ], [ 7.6807005, 45.0680202 ], [ 7.6807849, 45.0681388 ], [ 7.680968, 45.0680756 ], [ 7.6809933, 45.0681082 ], [ 7.6809424, 45.0681243 ], [ 7.6809774, 45.0681778 ], [ 7.6808455, 45.0682221 ], [ 7.6809021, 45.0683112 ], [ 7.6808213, 45.0683386 ] ] ] } },
{ "type": "Feature", "properties": { "osm_id": 571011592, "height": 9.0, "has_osm_height": false, "code": "N077", "name": "DORA", "july_2020": "procedure in progress", "october_2021": "procedure in progress", "july_2022": "procedure in progress", "december_2022": "procedure in progress", "april_2024": "procedure in progress", "february_2025": "removed", "december_2025": "" }, "geometry": { "type": "Polygon", "coordinates": [ [ [ 7.6160128, 45.0754494 ], [ 7.6160209, 45.0753348 ], [ 7.6162879, 45.0753447 ], [ 7.6162793, 45.0754585 ], [ 7.6160128, 45.0754494 ] ] ] } },
{ "type": "Feature", "properties": { "osm_id": 571011594, "height": 9.0, "has_osm_height": false, "code": "N077", "name": "DORA", "july_2020": "procedure in progress", "october_2021": "procedure in progress", "july_2022": "procedure in progress", "december_2022": "procedure in progress", "april_2024": "procedure in progress", "february_2025": "removed", "december_2025": "" }, "geometry": { "type": "Polygon", "coordinates": [ [ [ 7.6162793, 45.0754585 ], [ 7.6162879, 45.0753447 ], [ 7.6165371, 45.0753541 ], [ 7.6165286, 45.0754679 ], [ 7.6162793, 45.0754585 ] ] ] } },
{ "type": "Feature", "properties": { "osm_id": 858601836, "height": 35.2, "has_osm_height": true, "code": "N085", "name": "MARCHE", "july_2020": "under construction", "october_2021": "under construction", "july_2022": "under construction", "december_2022": "under construction", "april_2024": "under construction", "february_2025": "under construction", "december_2025": "procedure in progress" }, "geometry": { "type": "Polygon", "coordinates": [ [ [ 7.613247, 45.0651465 ], [ 7.6138233, 45.0651239 ], [ 7.6138162, 45.0650554 ], [ 7.6137852, 45.0650572 ], [ 7.613778, 45.0649841 ], [ 7.6138794, 45.0649765 ], [ 7.6138842, 45.0650035 ], [ 7.6139379, 45.0649988 ], [ 7.6139347, 45.0649745 ], [ 7.6140155, 45.0649709 ], [ 7.6140272, 45.0650871 ], [ 7.6140332, 45.0651663 ], [ 7.6141187, 45.0659301 ], [ 7.6136382, 45.0659554 ], [ 7.6132253, 45.0658221 ], [ 7.613247, 45.0651465 ] ] ] } },
{ "type": "Feature", "properties": { "osm_id": 864044040, "height": 9.0, "has_osm_height": false, "code": "N082", "name": "BERTOLLA", "july_2020": "procedure in progress", "october_2021": "procedure in progress", "july_2022": "under construction", "december_2022": "under construction", "april_2024": "under construction", "february_2025": "under construction", "december_2025": "under construction" }, "geometry": { "type": "Polygon", "coordinates": [ [ [ 7.7424189, 45.0988496 ], [ 7.7429245, 45.0986205 ], [ 7.7428304, 45.098517 ], [ 7.7427054, 45.0985736 ], [ 7.7426338, 45.0984948 ], [ 7.7425668, 45.0985252 ], [ 7.7425803, 45.0985401 ], [ 7.7425487, 45.0985544 ], [ 7.7426151, 45.0986274 ], [ 7.7425837, 45.0986416 ], [ 7.7426178, 45.0986792 ], [ 7.7423673, 45.0987927 ], [ 7.7424189, 45.0988496 ] ] ] } },
{ "type": "Feature", "properties": { "osm_id": 864044042, "height": 9.0, "has_osm_height": false, "code": "N082", "name": "BERTOLLA", "july_2020": "procedure in progress", "october_2021": "procedure in progress", "july_2022": "under construction", "december_2022": "under construction", "april_2024": "under construction", "february_2025": "under construction", "december_2025": "under construction" }, "geometry": { "type": "Polygon", "coordinates": [ [ [ 7.7431941, 45.0977268 ], [ 7.7431007, 45.09778 ], [ 7.7433435, 45.0979921 ], [ 7.7434368, 45.0979389 ], [ 7.7431941, 45.0977268 ] ] ] } },
{ "type": "Feature", "properties": { "osm_id": 864044043, "height": 9.0, "has_osm_height": false, "code": "N082", "name": "BERTOLLA", "july_2020": "procedure in progress", "october_2021": "procedure in progress", "july_2022": "under construction", "december_2022": "under construction", "april_2024": "under construction", "february_2025": "under construction", "december_2025": "under construction" }, "geometry": { "type": "Polygon", "coordinates": [ [ [ 7.7431968, 45.0981736 ], [ 7.7432912, 45.0982724 ], [ 7.7435018, 45.098172 ], [ 7.7434073, 45.0980733 ], [ 7.7431968, 45.0981736 ] ] ] } },
{ "type": "Feature", "properties": { "osm_id": 864044044, "height": 9.0, "has_osm_height": false, "code": "N082", "name": "BERTOLLA", "july_2020": "procedure in progress", "october_2021": "procedure in progress", "july_2022": "under construction", "december_2022": "under construction", "april_2024": "under construction", "february_2025": "under construction", "december_2025": "under construction" }, "geometry": { "type": "Polygon", "coordinates": [ [ [ 7.7440605, 45.0980042 ], [ 7.7441561, 45.0981933 ], [ 7.7444042, 45.0981309 ], [ 7.7443086, 45.0979417 ], [ 7.7440605, 45.0980042 ] ] ] } },
{ "type": "Feature", "properties": { "osm_id": 864044045, "height": 9.0, "has_osm_height": false, "code": "N082", "name": "BERTOLLA", "july_2020": "procedure in progress", "october_2021": "procedure in progress", "july_2022": "under construction", "december_2022": "under construction", "april_2024": "under construction", "february_2025": "under construction", "december_2025": "under construction" }, "geometry": { "type": "Polygon", "coordinates": [ [ [ 7.7442131, 45.0976284 ], [ 7.7434301, 45.0978593 ], [ 7.7434684, 45.097924 ], [ 7.7436218, 45.0978787 ], [ 7.7437056, 45.0980203 ], [ 7.7439331, 45.0979532 ], [ 7.7439421, 45.0979684 ], [ 7.7441009, 45.0979216 ], [ 7.7440081, 45.0977648 ], [ 7.7442514, 45.097693 ], [ 7.7442131, 45.0976284 ] ] ] } },
{ "type": "Feature", "properties": { "osm_id": 864044046, "height": 9.0, "has_osm_height": false, "code": "N082", "name": "BERTOLLA", "july_2020": "procedure in progress", "october_2021": "procedure in progress", "july_2022": "under construction", "december_2022": "under construction", "april_2024": "under construction", "february_2025": "under construction", "december_2025": "under construction" }, "geometry": { "type": "Polygon", "coordinates": [ [ [ 7.7439585, 45.0980714 ], [ 7.743839, 45.0981046 ], [ 7.7438689, 45.0981581 ], [ 7.7438549, 45.098162 ], [ 7.7439538, 45.0983395 ], [ 7.7440873, 45.0983024 ], [ 7.7439585, 45.0980714 ] ] ] } },
{ "type": "Feature", "properties": { "osm_id": 864044048, "height": 9.0, "has_osm_height": false, "code": "N082", "name": "BERTOLLA", "july_2020": "procedure in progress", "october_2021": "procedure in progress", "july_2022": "under construction", "december_2022": "under construction", "april_2024": "under construction", "february_2025": "under construction", "december_2025": "under construction" }, "geometry": { "type": "Polygon", "coordinates": [ [ [ 7.7449456, 45.0978745 ], [ 7.7451172, 45.0981717 ], [ 7.745312, 45.0981157 ], [ 7.7455152, 45.0980572 ], [ 7.7453436, 45.09776 ], [ 7.7451403, 45.0978184 ], [ 7.7449456, 45.0978745 ] ] ] } },
{ "type": "Feature", "properties": { "osm_id": 864044050, "height": 9.0, "has_osm_height": false, "code": "N082", "name": "BERTOLLA", "july_2020": "procedure in progress", "october_2021": "procedure in progress", "july_2022": "under construction", "december_2022": "under construction", "april_2024": "under construction", "february_2025": "under construction", "december_2025": "under construction" }, "geometry": { "type": "Polygon", "coordinates": [ [ [ 7.7446988, 45.097404 ], [ 7.7444889, 45.0974658 ], [ 7.7442788, 45.0975278 ], [ 7.7444518, 45.0978203 ], [ 7.7446619, 45.0977584 ], [ 7.7448718, 45.0976965 ], [ 7.7446988, 45.097404 ] ] ] } },
{ "type": "Feature", "properties": { "osm_id": 864904616, "height": 9.0, "has_osm_height": false, "code": "N082", "name": "BERTOLLA", "july_2020": "procedure in progress", "october_2021": "procedure in progress", "july_2022": "under construction", "december_2022": "under construction", "april_2024": "under construction", "february_2025": "under construction", "december_2025": "under construction" }, "geometry": { "type": "Polygon", "coordinates": [ [ [ 7.7455142, 45.0976274 ], [ 7.7454485, 45.0976634 ], [ 7.7452889, 45.0976094 ], [ 7.7452822, 45.0976189 ], [ 7.7451977, 45.0975924 ], [ 7.7452017, 45.0975829 ], [ 7.7451025, 45.0975498 ], [ 7.7450891, 45.0975573 ], [ 7.7450649, 45.0975403 ], [ 7.7450582, 45.0974807 ], [ 7.7451923, 45.0975223 ], [ 7.7453908, 45.0975791 ], [ 7.7454995, 45.0976179 ], [ 7.7455142, 45.0976274 ] ] ] } },
{ "type": "Feature", "properties": { "osm_id": 909179631, "height": 9.0, "has_osm_height": false, "code": "N081", "name": "MICHELOTTI", "july_2020": "under construction", "october_2021": "under construction", "july_2022": "completed", "december_2022": "completed", "april_2024": "completed", "february_2025": "completed", "december_2025": "completed" }, "geometry": { "type": "Polygon", "coordinates": [ [ [ 7.7037129, 45.0658648 ], [ 7.7037348, 45.0658732 ], [ 7.703756, 45.0658814 ], [ 7.7037779, 45.0658531 ], [ 7.7040335, 45.0659516 ], [ 7.7040504, 45.0659298 ], [ 7.7041467, 45.0659669 ], [ 7.7040269, 45.0661219 ], [ 7.7036766, 45.0659867 ], [ 7.7037207, 45.0659296 ], [ 7.703676, 45.0659124 ], [ 7.7037129, 45.0658648 ] ] ] } },
{ "type": "Feature", "properties": { "osm_id": 909179632, "height": 9.0, "has_osm_height": false, "code": "N081", "name": "MICHELOTTI", "july_2020": "under construction", "october_2021": "under construction", "july_2022": "completed", "december_2022": "completed", "april_2024": "completed", "february_2025": "completed", "december_2025": "completed" }, "geometry": { "type": "Polygon", "coordinates": [ [ [ 7.7041851, 45.0660733 ], [ 7.7042468, 45.0660991 ], [ 7.7042191, 45.0661321 ], [ 7.7041574, 45.0661063 ], [ 7.7041851, 45.0660733 ] ] ] } },
{ "type": "Feature", "properties": { "osm_id": 909179633, "height": 9.0, "has_osm_height": false, "code": "N081", "name": "MICHELOTTI", "july_2020": "under construction", "october_2021": "under construction", "july_2022": "completed", "december_2022": "completed", "april_2024": "completed", "february_2025": "completed", "december_2025": "completed" }, "geometry": { "type": "Polygon", "coordinates": [ [ [ 7.70455, 45.0664812 ], [ 7.7047721, 45.0665605 ], [ 7.7047087, 45.066649 ], [ 7.7044866, 45.0665696 ], [ 7.70455, 45.0664812 ] ] ] } },
{ "type": "Feature", "properties": { "osm_id": 909179634, "height": 9.0, "has_osm_height": false, "code": "N081", "name": "MICHELOTTI", "july_2020": "under construction", "october_2021": "under construction", "july_2022": "completed", "december_2022": "completed", "april_2024": "completed", "february_2025": "completed", "december_2025": "completed" }, "geometry": { "type": "Polygon", "coordinates": [ [ [ 7.7052984, 45.0664162 ], [ 7.7055017, 45.0664805 ], [ 7.705489, 45.0665006 ], [ 7.7055662, 45.066525 ], [ 7.7054787, 45.0666627 ], [ 7.7051983, 45.0665739 ], [ 7.7052984, 45.0664162 ] ] ] } },
{ "type": "Feature", "properties": { "osm_id": 909179635, "height": 9.0, "has_osm_height": false, "code": "N081", "name": "MICHELOTTI", "july_2020": "under construction", "october_2021": "under construction", "july_2022": "completed", "december_2022": "completed", "april_2024": "completed", "february_2025": "completed", "december_2025": "completed" }, "geometry": { "type": "Polygon", "coordinates": [ [ [ 7.7060448, 45.0670242 ], [ 7.7061007, 45.0669151 ], [ 7.7061515, 45.0669281 ], [ 7.7061729, 45.0668864 ], [ 7.706432, 45.0669528 ], [ 7.7063546, 45.0671035 ], [ 7.7060448, 45.0670242 ] ] ] } },
{ "type": "Feature", "properties": { "osm_id": 912941762, "height": 9.0, "has_osm_height": false, "code": "N077", "name": "DORA", "july_2020": "procedure in progress", "october_2021": "procedure in progress", "july_2022": "procedure in progress", "december_2022": "procedure in progress", "april_2024": "procedure in progress", "february_2025": "removed", "december_2025": "" }, "geometry": { "type": "Polygon", "coordinates": [ [ [ 7.6187145, 45.0769726 ], [ 7.6186245, 45.0769798 ], [ 7.6186002, 45.0768288 ], [ 7.6186899, 45.076821 ], [ 7.6187145, 45.0769726 ] ] ] } },
{ "type": "Feature", "properties": { "osm_id": 1034827753, "height": 9.0, "has_osm_height": false, "code": "N074", "name": "MORTARA", "july_2020": "under construction", "october_2021": "under construction", "july_2022": "completed", "december_2022": "completed", "april_2024": "completed", "february_2025": "completed", "december_2025": "completed" }, "geometry": { "type": "Polygon", "coordinates": [ [ [ 7.6759886, 45.0882955 ], [ 7.676047, 45.0883769 ], [ 7.6761169, 45.0883519 ], [ 7.6760584, 45.0882705 ], [ 7.6759886, 45.0882955 ] ] ] } },
{ "type": "Feature", "properties": { "osm_id": 1080477295, "height": 9.0, "has_osm_height": false, "code": "N075", "name": "MOTOVELODROMO", "july_2020": "procedure in progress", "october_2021": "procedure in progress", "july_2022": "completed", "december_2022": "completed", "april_2024": "completed", "february_2025": "completed", "december_2025": "completed" }, "geometry": { "type": "Polygon", "coordinates": [ [ [ 7.7174617, 45.0685536 ], [ 7.7174999, 45.0685972 ], [ 7.7175419, 45.0686449 ], [ 7.7175896, 45.0686239 ], [ 7.7175094, 45.0685327 ], [ 7.7174617, 45.0685536 ] ] ] } },
{ "type": "Feature", "properties": { "osm_id": 1080477297, "height": 9.0, "has_osm_height": false, "code": "N075", "name": "MOTOVELODROMO", "july_2020": "procedure in progress", "october_2021": "procedure in progress", "july_2022": "completed", "december_2022": "completed", "april_2024": "completed", "february_2025": "completed", "december_2025": "completed" }, "geometry": { "type": "Polygon", "coordinates": [ [ [ 7.7177535, 45.068728 ], [ 7.7177867, 45.0686365 ], [ 7.7179539, 45.0686668 ], [ 7.7179207, 45.0687583 ], [ 7.7177535, 45.068728 ] ] ] } },
{ "type": "Feature", "properties": { "osm_id": 1203425655, "height": 9.0, "has_osm_height": false, "code": "N075", "name": "MOTOVELODROMO", "july_2020": "procedure in progress", "october_2021": "procedure in progress", "july_2022": "completed", "december_2022": "completed", "april_2024": "completed", "february_2025": "completed", "december_2025": "completed" }, "geometry": { "type": "Polygon", "coordinates": [ [ [ 7.7180697, 45.0681981 ], [ 7.7182921, 45.0681878 ], [ 7.7182702, 45.0680298 ], [ 7.7181372, 45.0679842 ], [ 7.7180796, 45.0680516 ], [ 7.7180697, 45.0681981 ] ] ] } },
{ "type": "Feature", "properties": { "osm_id": 1203425656, "height": 9.0, "has_osm_height": false, "code": "N075", "name": "MOTOVELODROMO", "july_2020": "procedure in progress", "october_2021": "procedure in progress", "july_2022": "completed", "december_2022": "completed", "april_2024": "completed", "february_2025": "completed", "december_2025": "completed" }, "geometry": { "type": "Polygon", "coordinates": [ [ [ 7.7183131, 45.068187 ], [ 7.7184426, 45.0681766 ], [ 7.7183964, 45.0679601 ], [ 7.7182727, 45.067972 ], [ 7.7183131, 45.068187 ] ] ] } },
{ "type": "Feature", "properties": { "osm_id": 1257831735, "height": 9.0, "has_osm_height": false, "code": "N085", "name": "MARCHE", "july_2020": "under construction", "october_2021": "under construction", "july_2022": "under construction", "december_2022": "under construction", "april_2024": "under construction", "february_2025": "under construction", "december_2025": "procedure in progress" }, "geometry": { "type": "Polygon", "coordinates": [ [ [ 7.6156481, 45.0648219 ], [ 7.6161314, 45.0647617 ], [ 7.6160873, 45.0646123 ], [ 7.6158581, 45.0646372 ], [ 7.6158097, 45.0643051 ], [ 7.6155966, 45.0643331 ], [ 7.6156481, 45.0648219 ] ] ] } },
{ "type": "Feature", "properties": { "osm_id": 1302915437, "height": 9.0, "has_osm_height": false, "code": "N081", "name": "MICHELOTTI", "july_2020": "under construction", "october_2021": "under construction", "july_2022": "completed", "december_2022": "completed", "april_2024": "completed", "february_2025": "completed", "december_2025": "completed" }, "geometry": { "type": "Polygon", "coordinates": [ [ [ 7.7047867, 45.0660422 ], [ 7.7048544, 45.0660663 ], [ 7.7049102, 45.065988 ], [ 7.7048426, 45.0659639 ], [ 7.7047867, 45.0660422 ] ] ] } },
{ "type": "Feature", "properties": { "osm_id": 22983906, "height": 9.0, "has_osm_height": false, "code": "N098", "name": "TO EXPO", "july_2020": "procedure in progress", "october_2021": "procedure in progress", "july_2022": "procedure in progress", "december_2022": "procedure in progress", "april_2024": "under construction", "february_2025": "under construction", "december_2025": "under construction" }, "geometry": { "type": "Polygon", "coordinates": [ [ [ 7.6830359, 45.047869 ], [ 7.6828139, 45.0479517 ], [ 7.6828396, 45.0479859 ], [ 7.6825464, 45.0480881 ], [ 7.6825969, 45.0481579 ], [ 7.6827133, 45.0481349 ], [ 7.6828519, 45.048146 ], [ 7.6829864, 45.048188 ], [ 7.6831081, 45.0482794 ], [ 7.6831627, 45.0484074 ], [ 7.6831453, 45.0485008 ], [ 7.6830707, 45.0485995 ], [ 7.6829612, 45.0486615 ], [ 7.6830519, 45.0487846 ], [ 7.682851, 45.0488555 ], [ 7.6826511, 45.0489261 ], [ 7.6827873, 45.0491138 ], [ 7.6819506, 45.0494214 ], [ 7.6819664, 45.0494429 ], [ 7.6820011, 45.0494905 ], [ 7.6820306, 45.0494813 ], [ 7.6820764, 45.0494752 ], [ 7.6821278, 45.0494763 ], [ 7.6821757, 45.0494878 ], [ 7.6822054, 45.0495172 ], [ 7.6822257, 45.0495546 ], [ 7.6822307, 45.0495804 ], [ 7.6822246, 45.0496011 ], [ 7.6822101, 45.0496264 ], [ 7.6821897, 45.0496515 ], [ 7.6821578, 45.0496708 ], [ 7.6821253, 45.0496815 ], [ 7.6820775, 45.0496894 ], [ 7.6820372, 45.049686 ], [ 7.6819949, 45.0496776 ], [ 7.6819655, 45.0496596 ], [ 7.6819392, 45.0496332 ], [ 7.6818222, 45.0496739 ], [ 7.6817234, 45.0495272 ], [ 7.6815637, 45.0495812 ], [ 7.6815494, 45.049586 ], [ 7.6814919, 45.0496054 ], [ 7.6813412, 45.0494019 ], [ 7.6814032, 45.0493799 ], [ 7.6814572, 45.0493585 ], [ 7.6814274, 45.0493109 ], [ 7.6813876, 45.0493261 ], [ 7.6811359, 45.0489817 ], [ 7.6808377, 45.0485737 ], [ 7.6808864, 45.0485546 ], [ 7.6808214, 45.0484714 ], [ 7.6807655, 45.048493 ], [ 7.6807536, 45.0484969 ], [ 7.6807304, 45.0485062 ], [ 7.6805979, 45.0483198 ], [ 7.6806343, 45.0483069 ], [ 7.6807015, 45.0482832 ], [ 7.6807734, 45.0482608 ], [ 7.6807161, 45.0481778 ], [ 7.6807774, 45.0481566 ], [ 7.6815306, 45.0478952 ], [ 7.68151, 45.0478681 ], [ 7.6819181, 45.0477187 ], [ 7.6825643, 45.0474822 ], [ 7.6825354, 45.0474408 ], [ 7.6828581, 45.0473329 ], [ 7.6830109, 45.0473451 ], [ 7.6832414, 45.0474835 ], [ 7.6833164, 45.0476159 ], [ 7.6832126, 45.0478093 ], [ 7.6830359, 45.047869 ] ] ] } },
{ "type": "Feature", "properties": { "osm_id": 23107384, "height": 9.0, "has_osm_height": false, "code": "N092", "name": "ROMANIA 3", "july_2020": "procedure in progress", "october_2021": "procedure in progress", "july_2022": "procedure in progress", "december_2022": "completed", "april_2024": "completed", "february_2025": "completed", "december_2025": "completed" }, "geometry": { "type": "Polygon", "coordinates": [ [ [ 7.7118962, 45.1174993 ], [ 7.7124344, 45.1176564 ], [ 7.7123414, 45.1178151 ], [ 7.7129698, 45.1179963 ], [ 7.7132017, 45.1180656 ], [ 7.713258, 45.1179718 ], [ 7.7139024, 45.1181599 ], [ 7.7138403, 45.1182655 ], [ 7.7140636, 45.1183309 ], [ 7.7143694, 45.1184204 ], [ 7.7152557, 45.1169086 ], [ 7.7151673, 45.1168828 ], [ 7.7146349, 45.1167274 ], [ 7.7143939, 45.1171386 ], [ 7.7142301, 45.1170908 ], [ 7.7144703, 45.1166812 ], [ 7.7137499, 45.1164709 ], [ 7.7135148, 45.1168719 ], [ 7.7133504, 45.1168239 ], [ 7.7133244, 45.1168682 ], [ 7.7132942, 45.1169198 ], [ 7.712388, 45.1166552 ], [ 7.7122454, 45.1168984 ], [ 7.7124404, 45.1169554 ], [ 7.7122432, 45.1172918 ], [ 7.7120512, 45.1172356 ], [ 7.7120168, 45.1172941 ], [ 7.7119646, 45.1173831 ], [ 7.7118962, 45.1174993 ] ] ] } },
{ "type": "Feature", "properties": { "osm_id": 81892445, "height": 9.0, "has_osm_height": false, "code": "N089", "name": "PRONDA", "july_2020": "procedure in progress", "october_2021": "procedure in progress", "july_2022": "procedure in progress", "december_2022": "procedure in progress", "april_2024": "procedure in progress", "february_2025": "procedure in progress", "december_2025": "on hold" }, "geometry": { "type": "Polygon", "coordinates": [ [ [ 7.6196623, 45.065075 ], [ 7.6198833, 45.065579 ], [ 7.619928, 45.0655703 ], [ 7.6201035, 45.0658958 ], [ 7.6207295, 45.0657369 ], [ 7.6205487, 45.0653971 ], [ 7.6208126, 45.0653173 ], [ 7.6207369, 45.0651588 ], [ 7.6204702, 45.0652211 ], [ 7.620329, 45.0649193 ], [ 7.6196623, 45.065075 ] ] ] } },
{ "type": "Feature", "properties": { "osm_id": 82080309, "height": 13.0, "has_osm_height": true, "code": "N098", "name": "TO EXPO", "july_2020": "procedure in progress", "october_2021": "procedure in progress", "july_2022": "procedure in progress", "december_2022": "procedure in progress", "april_2024": "under construction", "february_2025": "under construction", "december_2025": "under construction" }, "geometry": { "type": "Polygon", "coordinates": [ [ [ 7.6904668, 45.0582796 ], [ 7.6905858, 45.0582356 ], [ 7.6906424, 45.0583121 ], [ 7.6905234, 45.0583561 ], [ 7.6904668, 45.0582796 ] ] ] } },
{ "type": "Feature", "properties": { "osm_id": 87602539, "height": 9.0, "has_osm_height": false, "code": "N095", "name": "TNE A", "july_2020": "procedure in progress", "october_2021": "procedure in progress", "july_2022": "procedure in progress", "december_2022": "procedure in progress", "april_2024": "procedure in progress", "february_2025": "procedure in progress", "december_2025": "procedure in progress" }, "geometry": { "type": "Polygon", "coordinates": [ [ [ 7.6217855, 45.0299791 ], [ 7.6218898, 45.0301112 ], [ 7.622838, 45.0297376 ], [ 7.6227337, 45.0296054 ], [ 7.6217855, 45.0299791 ] ] ] } },
{ "type": "Feature", "properties": { "osm_id": 87602546, "height": 9.0, "has_osm_height": false, "code": "N095", "name": "TNE A", "july_2020": "procedure in progress", "october_2021": "procedure in progress", "july_2022": "procedure in progress", "december_2022": "procedure in progress", "april_2024": "procedure in progress", "february_2025": "procedure in progress", "december_2025": "procedure in progress" }, "geometry": { "type": "Polygon", "coordinates": [ [ [ 7.6220218, 45.0286926 ], [ 7.6221595, 45.0286387 ], [ 7.6220092, 45.0284469 ], [ 7.620778, 45.0289288 ], [ 7.6187901, 45.0297068 ], [ 7.6195492, 45.0306755 ], [ 7.6226306, 45.0294695 ], [ 7.6220218, 45.0286926 ] ] ] } },
{ "type": "Feature", "properties": { "osm_id": 87602554, "height": 6.4, "has_osm_height": true, "code": "N095", "name": "TNE A", "july_2020": "procedure in progress", "october_2021": "procedure in progress", "july_2022": "procedure in progress", "december_2022": "procedure in progress", "april_2024": "procedure in progress", "february_2025": "procedure in progress", "december_2025": "procedure in progress" }, "geometry": { "type": "Polygon", "coordinates": [ [ [ 7.6181769, 45.0300528 ], [ 7.6188469, 45.0309298 ], [ 7.6193277, 45.0307464 ], [ 7.6186578, 45.0298693 ], [ 7.6181769, 45.0300528 ] ] ] } },
{ "type": "Feature", "properties": { "osm_id": 87602574, "height": 9.0, "has_osm_height": false, "code": "N095", "name": "TNE A", "july_2020": "procedure in progress", "october_2021": "procedure in progress", "july_2022": "procedure in progress", "december_2022": "procedure in progress", "april_2024": "procedure in progress", "february_2025": "procedure in progress", "december_2025": "procedure in progress" }, "geometry": { "type": "Polygon", "coordinates": [ [ [ 7.6230326, 45.0306517 ], [ 7.6234318, 45.0304965 ], [ 7.6229316, 45.0298538 ], [ 7.6212184, 45.0305198 ], [ 7.6217186, 45.0311625 ], [ 7.6217985, 45.0311314 ], [ 7.6218978, 45.0312567 ], [ 7.6231266, 45.0307703 ], [ 7.6230326, 45.0306517 ] ] ] } },
{ "type": "Feature", "properties": { "osm_id": 88200289, "height": 9.0, "has_osm_height": false, "code": "N094", "name": "VALLINO", "july_2020": "under construction", "october_2021": "under construction", "july_2022": "under construction", "december_2022": "under construction", "april_2024": "under construction", "february_2025": "under construction", "december_2025": "under construction" }, "geometry": { "type": "Polygon", "coordinates": [ [ [ 7.6749976, 45.0528062 ], [ 7.6749699, 45.0527336 ], [ 7.6748824, 45.0527502 ], [ 7.67491, 45.0528228 ], [ 7.6749976, 45.0528062 ] ] ] } },
{ "type": "Feature", "properties": { "osm_id": 88200295, "height": 9.0, "has_osm_height": false, "code": "N094", "name": "VALLINO", "july_2020": "under construction", "october_2021": "under construction", "july_2022": "under construction", "december_2022": "under construction", "april_2024": "under construction", "february_2025": "under construction", "december_2025": "under construction" }, "geometry": { "type": "Polygon", "coordinates": [ [ [ 7.6750434, 45.0529095 ], [ 7.6749126, 45.0529353 ], [ 7.6749735, 45.0530898 ], [ 7.6751043, 45.053064 ], [ 7.6750434, 45.0529095 ] ] ] } },
{ "type": "Feature", "properties": { "osm_id": 88200303, "height": 9.0, "has_osm_height": false, "code": "N094", "name": "VALLINO", "july_2020": "under construction", "october_2021": "under construction", "july_2022": "under construction", "december_2022": "under construction", "april_2024": "under construction", "february_2025": "under construction", "december_2025": "under construction" }, "geometry": { "type": "Polygon", "coordinates": [ [ [ 7.6751385, 45.053173 ], [ 7.675052, 45.05319 ], [ 7.6750796, 45.0532604 ], [ 7.6751662, 45.0532434 ], [ 7.6751385, 45.053173 ] ] ] } },
{ "type": "Feature", "properties": { "osm_id": 88200371, "height": 25.6, "has_osm_height": true, "code": "N094", "name": "VALLINO", "july_2020": "under construction", "october_2021": "under construction", "july_2022": "under construction", "december_2022": "under construction", "april_2024": "under construction", "february_2025": "under construction", "december_2025": "under construction" }, "geometry": { "type": "Polygon", "coordinates": [ [ [ 7.674933, 45.0538446 ], [ 7.6750366, 45.0538208 ], [ 7.675065, 45.0538045 ], [ 7.6751155, 45.0537382 ], [ 7.6752475, 45.0537908 ], [ 7.6751731, 45.0538878 ], [ 7.6751288, 45.0539153 ], [ 7.6749817, 45.0539466 ], [ 7.674933, 45.0538446 ] ] ] } },
{ "type": "Feature", "properties": { "osm_id": 108435460, "height": 6.4, "has_osm_height": true, "code": "N092", "name": "ROMANIA 3", "july_2020": "procedure in progress", "october_2021": "procedure in progress", "july_2022": "procedure in progress", "december_2022": "completed", "april_2024": "completed", "february_2025": "completed", "december_2025": "completed" }, "geometry": { "type": "Polygon", "coordinates": [ [ [ 7.7114556, 45.1161711 ], [ 7.7131557, 45.1166522 ], [ 7.7134354, 45.1165563 ], [ 7.7137514, 45.1160007 ], [ 7.7118574, 45.1154644 ], [ 7.7114556, 45.1161711 ] ] ] } },
{ "type": "Feature", "properties": { "osm_id": 123241383, "height": 3.2, "has_osm_height": true, "code": "N098", "name": "TO EXPO", "july_2020": "procedure in progress", "october_2021": "procedure in progress", "july_2022": "procedure in progress", "december_2022": "procedure in progress", "april_2024": "under construction", "february_2025": "under construction", "december_2025": "under construction" }, "geometry": { "type": "Polygon", "coordinates": [ [ [ 7.6870044, 45.0552485 ], [ 7.6868593, 45.055294 ], [ 7.686793, 45.0551886 ], [ 7.6862384, 45.055364 ], [ 7.6861812, 45.0552859 ], [ 7.686745, 45.0551121 ], [ 7.6869567, 45.0550425 ], [ 7.6871736, 45.0549767 ], [ 7.6874486, 45.0548881 ], [ 7.687518, 45.0549984 ], [ 7.6875804, 45.0549788 ], [ 7.6876967, 45.0551637 ], [ 7.6875998, 45.0551942 ], [ 7.6875312, 45.0552157 ], [ 7.6874067, 45.0550177 ], [ 7.6872386, 45.05507 ], [ 7.6872947, 45.0551569 ], [ 7.6871479, 45.055203 ], [ 7.6871495, 45.0552359 ], [ 7.687125, 45.0552623 ], [ 7.6870844, 45.0552769 ], [ 7.6870406, 45.0552714 ], [ 7.6870044, 45.0552485 ] ] ] } },
{ "type": "Feature", "properties": { "osm_id": 123244961, "height": 9.0, "has_osm_height": false, "code": "N089", "name": "PRONDA", "july_2020": "procedure in progress", "october_2021": "procedure in progress", "july_2022": "procedure in progress", "december_2022": "procedure in progress", "april_2024": "procedure in progress", "february_2025": "procedure in progress", "december_2025": "on hold" }, "geometry": { "type": "Polygon", "coordinates": [ [ [ 7.6210552, 45.0652543 ], [ 7.6212233, 45.0652127 ], [ 7.62102, 45.0648032 ], [ 7.620852, 45.0648449 ], [ 7.6210552, 45.0652543 ] ] ] } },
{ "type": "Feature", "properties": { "osm_id": 123244962, "height": 9.0, "has_osm_height": false, "code": "N089", "name": "PRONDA", "july_2020": "procedure in progress", "october_2021": "procedure in progress", "july_2022": "procedure in progress", "december_2022": "procedure in progress", "april_2024": "procedure in progress", "february_2025": "procedure in progress", "december_2025": "on hold" }, "geometry": { "type": "Polygon", "coordinates": [ [ [ 7.6214009, 45.0655926 ], [ 7.6212289, 45.0656346 ], [ 7.6210771, 45.065325 ], [ 7.6212492, 45.0652829 ], [ 7.6214009, 45.0655926 ] ] ] } },
{ "type": "Feature", "properties": { "osm_id": 131569901, "height": 9.0, "has_osm_height": false, "code": "N097", "name": "TNE B", "july_2020": "procedure in progress", "october_2021": "procedure in progress", "july_2022": "procedure in progress", "december_2022": "procedure in progress", "april_2024": "under construction", "february_2025": "under construction", "december_2025": "under construction" }, "geometry": { "type": "Polygon", "coordinates": [ [ [ 7.6096776, 45.028305 ], [ 7.6107574, 45.0278894 ], [ 7.6110906, 45.0283218 ], [ 7.6113102, 45.0282373 ], [ 7.6109869, 45.0278177 ], [ 7.6111848, 45.0277415 ], [ 7.6118016, 45.0285421 ], [ 7.6116026, 45.0286187 ], [ 7.6114192, 45.0283808 ], [ 7.6112024, 45.0284643 ], [ 7.611472, 45.0288139 ], [ 7.6103878, 45.0292314 ], [ 7.6103126, 45.0291337 ], [ 7.6101987, 45.0291776 ], [ 7.6096802, 45.0285052 ], [ 7.6097972, 45.0284602 ], [ 7.6096776, 45.028305 ] ] ] } },
{ "type": "Feature", "properties": { "osm_id": 131569903, "height": 6.4, "has_osm_height": true, "code": "N097", "name": "TNE B", "july_2020": "procedure in progress", "october_2021": "procedure in progress", "july_2022": "procedure in progress", "december_2022": "procedure in progress", "april_2024": "under construction", "february_2025": "under construction", "december_2025": "under construction" }, "geometry": { "type": "Polygon", "coordinates": [ [ [ 7.6119087, 45.0294039 ], [ 7.6108785, 45.0298012 ], [ 7.6110144, 45.0299773 ], [ 7.6109212, 45.0300133 ], [ 7.6109916, 45.0301043 ], [ 7.6108678, 45.0301521 ], [ 7.6109381, 45.0302431 ], [ 7.6110641, 45.0301945 ], [ 7.6114192, 45.0306543 ], [ 7.6115194, 45.0306156 ], [ 7.611559, 45.0306668 ], [ 7.6117134, 45.0306073 ], [ 7.6115656, 45.030416 ], [ 7.611676, 45.0303733 ], [ 7.6117465, 45.0304646 ], [ 7.6124965, 45.0301751 ], [ 7.6123359, 45.0299672 ], [ 7.6122768, 45.02999 ], [ 7.6119803, 45.0296061 ], [ 7.6120453, 45.029581 ], [ 7.6119087, 45.0294039 ] ] ] } },
{ "type": "Feature", "properties": { "osm_id": 133158968, "height": 9.0, "has_osm_height": false, "code": "N098", "name": "TO EXPO", "july_2020": "procedure in progress", "october_2021": "procedure in progress", "july_2022": "procedure in progress", "december_2022": "procedure in progress", "april_2024": "under construction", "february_2025": "under construction", "december_2025": "under construction" }, "geometry": { "type": "Polygon", "coordinates": [ [ [ 7.6870791, 45.054331 ], [ 7.6874486, 45.0548881 ], [ 7.6874827, 45.0548622 ], [ 7.6871409, 45.0543268 ], [ 7.6871452, 45.0543254 ], [ 7.6871388, 45.0543159 ], [ 7.6871657, 45.0543072 ], [ 7.6871531, 45.0542913 ], [ 7.6871344, 45.0542886 ], [ 7.6871008, 45.0543002 ], [ 7.6871137, 45.0543197 ], [ 7.6870791, 45.054331 ] ] ] } },
{ "type": "Feature", "properties": { "osm_id": 135961146, "height": 9.0, "has_osm_height": false, "code": "N092", "name": "ROMANIA 3", "july_2020": "procedure in progress", "october_2021": "procedure in progress", "july_2022": "procedure in progress", "december_2022": "completed", "april_2024": "completed", "february_2025": "completed", "december_2025": "completed" }, "geometry": { "type": "Polygon", "coordinates": [ [ [ 7.7156301, 45.1153476 ], [ 7.7153025, 45.1159125 ], [ 7.7150319, 45.1158344 ], [ 7.7148206, 45.1161988 ], [ 7.715279, 45.1163312 ], [ 7.7158184, 45.1154011 ], [ 7.7158172, 45.1154007 ], [ 7.7162984, 45.1145711 ], [ 7.7158352, 45.1144373 ], [ 7.7153536, 45.1152678 ], [ 7.7156301, 45.1153476 ] ] ] } },
{ "type": "Feature", "properties": { "osm_id": 135961159, "height": 9.0, "has_osm_height": false, "code": "N092", "name": "ROMANIA 3", "july_2020": "procedure in progress", "october_2021": "procedure in progress", "july_2022": "procedure in progress", "december_2022": "completed", "april_2024": "completed", "february_2025": "completed", "december_2025": "completed" }, "geometry": { "type": "Polygon", "coordinates": [ [ [ 7.7150852, 45.1157516 ], [ 7.7152511, 45.1157987 ], [ 7.7154707, 45.1154143 ], [ 7.7153048, 45.1153671 ], [ 7.7150852, 45.1157516 ] ] ] } },
{ "type": "Feature", "properties": { "osm_id": 135961163, "height": 9.0, "has_osm_height": false, "code": "N092", "name": "ROMANIA 3", "july_2020": "procedure in progress", "october_2021": "procedure in progress", "july_2022": "procedure in progress", "december_2022": "completed", "april_2024": "completed", "february_2025": "completed", "december_2025": "completed" }, "geometry": { "type": "Polygon", "coordinates": [ [ [ 7.7138394, 45.115391 ], [ 7.7149628, 45.1157158 ], [ 7.7151802, 45.1153414 ], [ 7.7140568, 45.1150166 ], [ 7.7138394, 45.115391 ] ] ] } },
{ "type": "Feature", "properties": { "osm_id": 135961166, "height": 9.0, "has_osm_height": false, "code": "N092", "name": "ROMANIA 3", "july_2020": "procedure in progress", "october_2021": "procedure in progress", "july_2022": "procedure in progress", "december_2022": "completed", "april_2024": "completed", "february_2025": "completed", "december_2025": "completed" }, "geometry": { "type": "Polygon", "coordinates": [ [ [ 7.7134085, 45.119367 ], [ 7.7136258, 45.1194295 ], [ 7.7138074, 45.1191151 ], [ 7.7135901, 45.1190526 ], [ 7.7134085, 45.119367 ] ] ] } },
{ "type": "Feature", "properties": { "osm_id": 135961167, "height": 9.0, "has_osm_height": false, "code": "N086", "name": "CASCINETTE", "july_2020": "procedure in progress", "october_2021": "procedure in progress", "july_2022": "procedure in progress", "december_2022": "under construction", "april_2024": "completed", "february_2025": "completed", "december_2025": "completed" }, "geometry": { "type": "Polygon", "coordinates": [ [ [ 7.7167999, 45.1152062 ], [ 7.7171669, 45.1153098 ], [ 7.717547, 45.1146392 ], [ 7.71718, 45.1145356 ], [ 7.7167999, 45.1152062 ] ] ] } },
{ "type": "Feature", "properties": { "osm_id": 135961174, "height": 9.0, "has_osm_height": false, "code": "N086", "name": "CASCINETTE", "july_2020": "procedure in progress", "october_2021": "procedure in progress", "july_2022": "procedure in progress", "december_2022": "under construction", "april_2024": "completed", "february_2025": "completed", "december_2025": "completed" }, "geometry": { "type": "Polygon", "coordinates": [ [ [ 7.7168034, 45.1167127 ], [ 7.7169802, 45.1163948 ], [ 7.7170059, 45.1163572 ], [ 7.7171075, 45.1161783 ], [ 7.7165672, 45.1160051 ], [ 7.7165684, 45.1159805 ], [ 7.7163603, 45.1159229 ], [ 7.7160377, 45.1164764 ], [ 7.7168034, 45.1167127 ] ] ] } },
{ "type": "Feature", "properties": { "osm_id": 151354283, "height": 9.0, "has_osm_height": false, "code": "N095", "name": "TNE A", "july_2020": "procedure in progress", "october_2021": "procedure in progress", "july_2022": "procedure in progress", "december_2022": "procedure in progress", "april_2024": "procedure in progress", "february_2025": "procedure in progress", "december_2025": "procedure in progress" }, "geometry": { "type": "Polygon", "coordinates": [ [ [ 7.6186936, 45.0294992 ], [ 7.6187192, 45.0295322 ], [ 7.6189132, 45.029457 ], [ 7.6188876, 45.029424 ], [ 7.6186936, 45.0294992 ] ] ] } },
{ "type": "Feature", "properties": { "osm_id": 161526185, "height": 6.4, "has_osm_height": true, "code": "N098", "name": "TO EXPO", "july_2020": "procedure in progress", "october_2021": "procedure in progress", "july_2022": "procedure in progress", "december_2022": "procedure in progress", "april_2024": "under construction", "february_2025": "under construction", "december_2025": "under construction" }, "geometry": { "type": "Polygon", "coordinates": [ [ [ 7.6869616, 45.0529294 ], [ 7.6869091, 45.0528057 ], [ 7.6866283, 45.0528626 ], [ 7.6866741, 45.0529655 ], [ 7.6867268, 45.0529544 ], [ 7.6867868, 45.053075 ], [ 7.6869602, 45.0530394 ], [ 7.6869185, 45.0529375 ], [ 7.6869616, 45.0529294 ] ] ] } },
{ "type": "Feature", "properties": { "osm_id": 161526186, "height": 9.0, "has_osm_height": false, "code": "N098", "name": "TO EXPO", "july_2020": "procedure in progress", "october_2021": "procedure in progress", "july_2022": "procedure in progress", "december_2022": "procedure in progress", "april_2024": "under construction", "february_2025": "under construction", "december_2025": "under construction" }, "geometry": { "type": "Polygon", "coordinates": [ [ [ 7.6879507, 45.0546938 ], [ 7.6879988, 45.0546755 ], [ 7.6879262, 45.054566 ], [ 7.6877843, 45.0546192 ], [ 7.6878361, 45.0546962 ], [ 7.6877985, 45.054708 ], [ 7.6879269, 45.0548919 ], [ 7.687999, 45.0548729 ], [ 7.6880522, 45.0548573 ], [ 7.6879507, 45.0546938 ] ] ] } },
{ "type": "Feature", "properties": { "osm_id": 190390464, "height": 9.0, "has_osm_height": false, "code": "N098", "name": "TO EXPO", "july_2020": "procedure in progress", "october_2021": "procedure in progress", "july_2022": "procedure in progress", "december_2022": "procedure in progress", "april_2024": "under construction", "february_2025": "under construction", "december_2025": "under construction" }, "geometry": { "type": "Polygon", "coordinates": [ [ [ 7.6871137, 45.0543197 ], [ 7.6871008, 45.0543002 ], [ 7.6870841, 45.054275 ], [ 7.6870492, 45.0542857 ], [ 7.6870791, 45.054331 ], [ 7.6871137, 45.0543197 ] ] ] } },
{ "type": "Feature", "properties": { "osm_id": 190626960, "height": 6.4, "has_osm_height": true, "code": "N098", "name": "TO EXPO", "july_2020": "procedure in progress", "october_2021": "procedure in progress", "july_2022": "procedure in progress", "december_2022": "procedure in progress", "april_2024": "under construction", "february_2025": "under construction", "december_2025": "under construction" }, "geometry": { "type": "Polygon", "coordinates": [ [ [ 7.6862697, 45.053061 ], [ 7.6863807, 45.0530289 ], [ 7.686381, 45.0530289 ], [ 7.6864025, 45.053066 ], [ 7.6867779, 45.0537136 ], [ 7.6866387, 45.0537539 ], [ 7.6865401, 45.0535839 ], [ 7.6864369, 45.0534058 ], [ 7.6863289, 45.0532195 ], [ 7.6863058, 45.0531797 ], [ 7.6862837, 45.0531415 ], [ 7.686271, 45.0531195 ], [ 7.6862709, 45.0531196 ], [ 7.6862373, 45.0531293 ], [ 7.6862082, 45.0530789 ], [ 7.686208, 45.0530789 ], [ 7.6862697, 45.053061 ] ] ] } },
{ "type": "Feature", "properties": { "osm_id": 190626961, "height": 3.2, "has_osm_height": true, "code": "N098", "name": "TO EXPO", "july_2020": "procedure in progress", "october_2021": "procedure in progress", "july_2022": "procedure in progress", "december_2022": "procedure in progress", "april_2024": "under construction", "february_2025": "under construction", "december_2025": "under construction" }, "geometry": { "type": "Polygon", "coordinates": [ [ [ 7.6858612, 45.0538807 ], [ 7.6859973, 45.0538392 ], [ 7.685941, 45.0537452 ], [ 7.6859709, 45.053735 ], [ 7.6859496, 45.0536989 ], [ 7.6860388, 45.0536704 ], [ 7.6860256, 45.0536474 ], [ 7.685999, 45.0536009 ], [ 7.685898, 45.0536325 ], [ 7.6858291, 45.0535196 ], [ 7.6859435, 45.0534834 ], [ 7.6858343, 45.0533056 ], [ 7.6857053, 45.0533461 ], [ 7.6857624, 45.0534367 ], [ 7.6856137, 45.0534826 ], [ 7.6858612, 45.0538807 ] ] ] } },
{ "type": "Feature", "properties": { "osm_id": 190626962, "height": 9.0, "has_osm_height": false, "code": "N098", "name": "TO EXPO", "july_2020": "procedure in progress", "october_2021": "procedure in progress", "july_2022": "procedure in progress", "december_2022": "procedure in progress", "april_2024": "under construction", "february_2025": "under construction", "december_2025": "under construction" }, "geometry": { "type": "Polygon", "coordinates": [ [ [ 7.6849671, 45.0535677 ], [ 7.6851772, 45.0534993 ], [ 7.6852044, 45.0534905 ], [ 7.6852485, 45.0534761 ], [ 7.6856759, 45.053337 ], [ 7.6860066, 45.0532293 ], [ 7.6859653, 45.053166 ], [ 7.6849258, 45.0535044 ], [ 7.6849671, 45.0535677 ] ] ] } },
{ "type": "Feature", "properties": { "osm_id": 253651398, "height": 3.2, "has_osm_height": true, "code": "N098", "name": "TO EXPO", "july_2020": "procedure in progress", "october_2021": "procedure in progress", "july_2022": "procedure in progress", "december_2022": "procedure in progress", "april_2024": "under construction", "february_2025": "under construction", "december_2025": "under construction" }, "geometry": { "type": "Polygon", "coordinates": [ [ [ 7.6862384, 45.055364 ], [ 7.6861424, 45.055396 ], [ 7.6860835, 45.0553178 ], [ 7.6860564, 45.05528 ], [ 7.6859795, 45.0551763 ], [ 7.685915, 45.0550893 ], [ 7.6860049, 45.0550561 ], [ 7.6861812, 45.0552859 ], [ 7.6862384, 45.055364 ] ] ] } },
{ "type": "Feature", "properties": { "osm_id": 293692150, "height": 25.6, "has_osm_height": true, "code": "N089", "name": "PRONDA", "july_2020": "procedure in progress", "october_2021": "procedure in progress", "july_2022": "procedure in progress", "december_2022": "procedure in progress", "april_2024": "procedure in progress", "february_2025": "procedure in progress", "december_2025": "on hold" }, "geometry": { "type": "Polygon", "coordinates": [ [ [ 7.622976, 45.0644699 ], [ 7.6230157, 45.0645235 ], [ 7.6228507, 45.0647266 ], [ 7.6227126, 45.0646706 ], [ 7.6227522, 45.0646219 ], [ 7.6227991, 45.0646191 ], [ 7.6227962, 45.0645941 ], [ 7.6227347, 45.0645985 ], [ 7.6227212, 45.064484 ], [ 7.622976, 45.0644699 ] ] ] } },
{ "type": "Feature", "properties": { "osm_id": 293692151, "height": 28.8, "has_osm_height": true, "code": "N089", "name": "PRONDA", "july_2020": "procedure in progress", "october_2021": "procedure in progress", "july_2022": "procedure in progress", "december_2022": "procedure in progress", "april_2024": "procedure in progress", "february_2025": "procedure in progress", "december_2025": "on hold" }, "geometry": { "type": "Polygon", "coordinates": [ [ [ 7.62268, 45.0648973 ], [ 7.622845, 45.0647315 ], [ 7.6227149, 45.0646756 ], [ 7.6225714, 45.0648499 ], [ 7.62268, 45.0648973 ] ] ] } },
{ "type": "Feature", "properties": { "osm_id": 293692152, "height": 22.4, "has_osm_height": true, "code": "N089", "name": "PRONDA", "july_2020": "procedure in progress", "october_2021": "procedure in progress", "july_2022": "procedure in progress", "december_2022": "procedure in progress", "april_2024": "procedure in progress", "february_2025": "procedure in progress", "december_2025": "on hold" }, "geometry": { "type": "Polygon", "coordinates": [ [ [ 7.6225665, 45.0646084 ], [ 7.6227347, 45.0645985 ], [ 7.6227212, 45.064484 ], [ 7.6225531, 45.0644938 ], [ 7.6225665, 45.0646084 ] ] ] } },
{ "type": "Feature", "properties": { "osm_id": 293692153, "height": 6.4, "has_osm_height": true, "code": "N089", "name": "PRONDA", "july_2020": "procedure in progress", "october_2021": "procedure in progress", "july_2022": "procedure in progress", "december_2022": "procedure in progress", "april_2024": "procedure in progress", "february_2025": "procedure in progress", "december_2025": "on hold" }, "geometry": { "type": "Polygon", "coordinates": [ [ [ 7.6223707, 45.0646247 ], [ 7.6225237, 45.0646166 ], [ 7.6225108, 45.064496 ], [ 7.6223578, 45.0645042 ], [ 7.6223707, 45.0646247 ] ] ] } },
{ "type": "Feature", "properties": { "osm_id": 293692154, "height": 3.2, "has_osm_height": true, "code": "N089", "name": "PRONDA", "july_2020": "procedure in progress", "october_2021": "procedure in progress", "july_2022": "procedure in progress", "december_2022": "procedure in progress", "april_2024": "procedure in progress", "february_2025": "procedure in progress", "december_2025": "on hold" }, "geometry": { "type": "Polygon", "coordinates": [ [ [ 7.6223578, 45.0645042 ], [ 7.6223707, 45.0646247 ], [ 7.62237, 45.0646472 ], [ 7.6223769, 45.064759 ], [ 7.6223525, 45.0647907 ], [ 7.6222262, 45.064795 ], [ 7.6222139, 45.0646343 ], [ 7.6222029, 45.0645128 ], [ 7.6223578, 45.0645042 ] ] ] } },
{ "type": "Feature", "properties": { "osm_id": 293692155, "height": 9.0, "has_osm_height": false, "code": "N089", "name": "PRONDA", "july_2020": "procedure in progress", "october_2021": "procedure in progress", "july_2022": "procedure in progress", "december_2022": "procedure in progress", "april_2024": "procedure in progress", "february_2025": "procedure in progress", "december_2025": "on hold" }, "geometry": { "type": "Polygon", "coordinates": [ [ [ 7.6222029, 45.0645128 ], [ 7.6222139, 45.0646343 ], [ 7.6220564, 45.0646416 ], [ 7.622044, 45.0645207 ], [ 7.6222029, 45.0645128 ] ] ] } },
{ "type": "Feature", "properties": { "osm_id": 293692156, "height": 22.4, "has_osm_height": true, "code": "N089", "name": "PRONDA", "july_2020": "procedure in progress", "october_2021": "procedure in progress", "july_2022": "procedure in progress", "december_2022": "procedure in progress", "april_2024": "procedure in progress", "february_2025": "procedure in progress", "december_2025": "on hold" }, "geometry": { "type": "Polygon", "coordinates": [ [ [ 7.6220564, 45.0646416 ], [ 7.6219869, 45.0646449 ], [ 7.621856, 45.0646515 ], [ 7.6218388, 45.0645315 ], [ 7.622044, 45.0645207 ], [ 7.6220564, 45.0646416 ] ] ] } },
{ "type": "Feature", "properties": { "osm_id": 293692157, "height": 28.8, "has_osm_height": true, "code": "N089", "name": "PRONDA", "july_2020": "procedure in progress", "october_2021": "procedure in progress", "july_2022": "procedure in progress", "december_2022": "procedure in progress", "april_2024": "procedure in progress", "february_2025": "procedure in progress", "december_2025": "on hold" }, "geometry": { "type": "Polygon", "coordinates": [ [ [ 7.6226773, 45.0649087 ], [ 7.6224815, 45.0651502 ], [ 7.6223595, 45.0651019 ], [ 7.6225714, 45.0648594 ], [ 7.6226773, 45.0649087 ] ] ] } },
{ "type": "Feature", "properties": { "osm_id": 293692158, "height": 6.4, "has_osm_height": true, "code": "N089", "name": "PRONDA", "july_2020": "procedure in progress", "october_2021": "procedure in progress", "july_2022": "procedure in progress", "december_2022": "procedure in progress", "april_2024": "procedure in progress", "february_2025": "procedure in progress", "december_2025": "on hold" }, "geometry": { "type": "Polygon", "coordinates": [ [ [ 7.6220544, 45.0655045 ], [ 7.6222059, 45.0654685 ], [ 7.622159, 45.0653709 ], [ 7.6223132, 45.0653273 ], [ 7.6221845, 45.0650678 ], [ 7.6218747, 45.0651445 ], [ 7.6220544, 45.0655045 ] ] ] } },
{ "type": "Feature", "properties": { "osm_id": 293692159, "height": 9.6, "has_osm_height": true, "code": "N089", "name": "PRONDA", "july_2020": "procedure in progress", "october_2021": "procedure in progress", "july_2022": "procedure in progress", "december_2022": "procedure in progress", "april_2024": "procedure in progress", "february_2025": "procedure in progress", "december_2025": "on hold" }, "geometry": { "type": "Polygon", "coordinates": [ [ [ 7.621591, 45.0662144 ], [ 7.6215173, 45.066186 ], [ 7.6215387, 45.0661538 ], [ 7.6214583, 45.0661244 ], [ 7.6214797, 45.0661017 ], [ 7.6214381, 45.0660846 ], [ 7.6214904, 45.0660193 ], [ 7.6216956, 45.0660903 ], [ 7.621591, 45.0662144 ] ] ] } },
{ "type": "Feature", "properties": { "osm_id": 293692160, "height": 9.0, "has_osm_height": false, "code": "N089", "name": "PRONDA", "july_2020": "procedure in progress", "october_2021": "procedure in progress", "july_2022": "procedure in progress", "december_2022": "procedure in progress", "april_2024": "procedure in progress", "february_2025": "procedure in progress", "december_2025": "on hold" }, "geometry": { "type": "Polygon", "coordinates": [ [ [ 7.621414, 45.0660941 ], [ 7.621245, 45.0660316 ], [ 7.6212987, 45.0659662 ], [ 7.621465, 45.0660325 ], [ 7.621414, 45.0660941 ] ] ] } },
{ "type": "Feature", "properties": { "osm_id": 293692161, "height": 9.0, "has_osm_height": false, "code": "N089", "name": "PRONDA", "july_2020": "procedure in progress", "october_2021": "procedure in progress", "july_2022": "procedure in progress", "december_2022": "procedure in progress", "april_2024": "procedure in progress", "february_2025": "procedure in progress", "december_2025": "on hold" }, "geometry": { "type": "Polygon", "coordinates": [ [ [ 7.620781, 45.0663678 ], [ 7.6214086, 45.0664067 ], [ 7.6215414, 45.0662523 ], [ 7.6208051, 45.0662144 ], [ 7.620781, 45.0663678 ] ] ] } },
{ "type": "Feature", "properties": { "osm_id": 293692162, "height": 9.0, "has_osm_height": false, "code": "N089", "name": "PRONDA", "july_2020": "procedure in progress", "october_2021": "procedure in progress", "july_2022": "procedure in progress", "december_2022": "procedure in progress", "april_2024": "procedure in progress", "february_2025": "procedure in progress", "december_2025": "on hold" }, "geometry": { "type": "Polygon", "coordinates": [ [ [ 7.6205262, 45.0663773 ], [ 7.6207274, 45.0663612 ], [ 7.62073, 45.0662921 ], [ 7.6205329, 45.0662835 ], [ 7.6205262, 45.0663773 ] ] ] } },
{ "type": "Feature", "properties": { "osm_id": 293692163, "height": 3.2, "has_osm_height": true, "code": "N089", "name": "PRONDA", "july_2020": "procedure in progress", "october_2021": "procedure in progress", "july_2022": "procedure in progress", "december_2022": "procedure in progress", "april_2024": "procedure in progress", "february_2025": "procedure in progress", "december_2025": "on hold" }, "geometry": { "type": "Polygon", "coordinates": [ [ [ 7.6206482, 45.0666037 ], [ 7.6208642, 45.0666188 ], [ 7.6208923, 45.0665052 ], [ 7.620671, 45.0664891 ], [ 7.6206482, 45.0666037 ] ] ] } },
{ "type": "Feature", "properties": { "osm_id": 293692164, "height": 25.6, "has_osm_height": true, "code": "N089", "name": "PRONDA", "july_2020": "procedure in progress", "october_2021": "procedure in progress", "july_2022": "procedure in progress", "december_2022": "procedure in progress", "april_2024": "procedure in progress", "february_2025": "procedure in progress", "december_2025": "on hold" }, "geometry": { "type": "Polygon", "coordinates": [ [ [ 7.6211485, 45.066491 ], [ 7.6213376, 45.0664995 ], [ 7.6213617, 45.0665364 ], [ 7.6211739, 45.0667628 ], [ 7.6210224, 45.0667079 ], [ 7.6211283, 45.0665923 ], [ 7.6211485, 45.066491 ] ] ] } },
{ "type": "Feature", "properties": { "osm_id": 293692165, "height": 9.0, "has_osm_height": false, "code": "N089", "name": "PRONDA", "july_2020": "procedure in progress", "october_2021": "procedure in progress", "july_2022": "procedure in progress", "december_2022": "procedure in progress", "april_2024": "procedure in progress", "february_2025": "procedure in progress", "december_2025": "on hold" }, "geometry": { "type": "Polygon", "coordinates": [ [ [ 7.6209097, 45.0666018 ], [ 7.621072, 45.0666056 ], [ 7.6210854, 45.0665137 ], [ 7.6209393, 45.066509 ], [ 7.6209097, 45.0666018 ] ] ] } },
{ "type": "Feature", "properties": { "osm_id": 293692166, "height": 9.6, "has_osm_height": true, "code": "N089", "name": "PRONDA", "july_2020": "procedure in progress", "october_2021": "procedure in progress", "july_2022": "procedure in progress", "december_2022": "procedure in progress", "april_2024": "procedure in progress", "february_2025": "procedure in progress", "december_2025": "on hold" }, "geometry": { "type": "Polygon", "coordinates": [ [ [ 7.6210251, 45.0669106 ], [ 7.6211498, 45.0667695 ], [ 7.6209983, 45.0667164 ], [ 7.6208722, 45.0668528 ], [ 7.6210251, 45.0669106 ] ] ] } },
{ "type": "Feature", "properties": { "osm_id": 293692167, "height": 9.0, "has_osm_height": false, "code": "N089", "name": "PRONDA", "july_2020": "procedure in progress", "october_2021": "procedure in progress", "july_2022": "procedure in progress", "december_2022": "procedure in progress", "april_2024": "procedure in progress", "february_2025": "procedure in progress", "december_2025": "on hold" }, "geometry": { "type": "Polygon", "coordinates": [ [ [ 7.620604, 45.0668651 ], [ 7.6207247, 45.0668784 ], [ 7.6207689, 45.0666662 ], [ 7.6206469, 45.0666567 ], [ 7.620604, 45.0668651 ] ] ] } },
{ "type": "Feature", "properties": { "osm_id": 293692168, "height": 12.8, "has_osm_height": true, "code": "N089", "name": "PRONDA", "july_2020": "procedure in progress", "october_2021": "procedure in progress", "july_2022": "procedure in progress", "december_2022": "procedure in progress", "april_2024": "procedure in progress", "february_2025": "procedure in progress", "december_2025": "on hold" }, "geometry": { "type": "Polygon", "coordinates": [ [ [ 7.6205141, 45.0672942 ], [ 7.6206482, 45.067352 ], [ 7.6207314, 45.0672535 ], [ 7.6206012, 45.0672007 ], [ 7.6205924, 45.0671971 ], [ 7.6205141, 45.0672942 ] ] ] } },
{ "type": "Feature", "properties": { "osm_id": 293692169, "height": 9.0, "has_osm_height": false, "code": "N089", "name": "PRONDA", "july_2020": "procedure in progress", "october_2021": "procedure in progress", "july_2022": "procedure in progress", "december_2022": "procedure in progress", "april_2024": "procedure in progress", "february_2025": "procedure in progress", "december_2025": "on hold" }, "geometry": { "type": "Polygon", "coordinates": [ [ [ 7.6204135, 45.0670688 ], [ 7.6205276, 45.0671146 ], [ 7.6205525, 45.0671248 ], [ 7.6205973, 45.0669238 ], [ 7.6206684, 45.0669352 ], [ 7.6207448, 45.0669475 ], [ 7.6207493, 45.0669494 ], [ 7.6209057, 45.0670148 ], [ 7.6209822, 45.0669106 ], [ 7.6207528, 45.0668301 ], [ 7.6207247, 45.0668784 ], [ 7.6204645, 45.0668519 ], [ 7.6204135, 45.0670688 ] ] ] } },
{ "type": "Feature", "properties": { "osm_id": 293692170, "height": 9.0, "has_osm_height": false, "code": "N089", "name": "PRONDA", "july_2020": "procedure in progress", "october_2021": "procedure in progress", "july_2022": "procedure in progress", "december_2022": "procedure in progress", "april_2024": "procedure in progress", "february_2025": "procedure in progress", "december_2025": "on hold" }, "geometry": { "type": "Polygon", "coordinates": [ [ [ 7.6203009, 45.0672014 ], [ 7.6204337, 45.067261 ], [ 7.620517, 45.067166 ], [ 7.620494, 45.0671562 ], [ 7.6204042, 45.0671133 ], [ 7.6203009, 45.0672014 ] ] ] } },
{ "type": "Feature", "properties": { "osm_id": 293692172, "height": 9.0, "has_osm_height": false, "code": "N089", "name": "PRONDA", "july_2020": "procedure in progress", "october_2021": "procedure in progress", "july_2022": "procedure in progress", "december_2022": "procedure in progress", "april_2024": "procedure in progress", "february_2025": "procedure in progress", "december_2025": "on hold" }, "geometry": { "type": "Polygon", "coordinates": [ [ [ 7.6203036, 45.0671853 ], [ 7.6201923, 45.0671294 ], [ 7.6202848, 45.0670451 ], [ 7.6204095, 45.0671038 ], [ 7.6203036, 45.0671853 ] ] ] } },
{ "type": "Feature", "properties": { "osm_id": 293692174, "height": 9.0, "has_osm_height": false, "code": "N089", "name": "PRONDA", "july_2020": "procedure in progress", "october_2021": "procedure in progress", "july_2022": "procedure in progress", "december_2022": "procedure in progress", "april_2024": "procedure in progress", "february_2025": "procedure in progress", "december_2025": "on hold" }, "geometry": { "type": "Polygon", "coordinates": [ [ [ 7.6200662, 45.0670906 ], [ 7.6198999, 45.0670205 ], [ 7.6199549, 45.0669636 ], [ 7.6200461, 45.0669911 ], [ 7.620089, 45.0669646 ], [ 7.6201654, 45.0669968 ], [ 7.6200662, 45.0670906 ] ] ] } },
{ "type": "Feature", "properties": { "osm_id": 293692177, "height": 9.0, "has_osm_height": false, "code": "N089", "name": "PRONDA", "july_2020": "procedure in progress", "october_2021": "procedure in progress", "july_2022": "procedure in progress", "december_2022": "procedure in progress", "april_2024": "procedure in progress", "february_2025": "procedure in progress", "december_2025": "on hold" }, "geometry": { "type": "Polygon", "coordinates": [ [ [ 7.6195304, 45.0669319 ], [ 7.6193178, 45.0668893 ], [ 7.6193534, 45.0668021 ], [ 7.61937, 45.0667598 ], [ 7.6195569, 45.0667612 ], [ 7.6195293, 45.0668355 ], [ 7.6195653, 45.0668419 ], [ 7.6195304, 45.0669319 ] ] ] } },
{ "type": "Feature", "properties": { "osm_id": 293692178, "height": 9.0, "has_osm_height": false, "code": "N089", "name": "PRONDA", "july_2020": "procedure in progress", "october_2021": "procedure in progress", "july_2022": "procedure in progress", "december_2022": "procedure in progress", "april_2024": "procedure in progress", "february_2025": "procedure in progress", "december_2025": "on hold" }, "geometry": { "type": "Polygon", "coordinates": [ [ [ 7.6193165, 45.0668774 ], [ 7.6191502, 45.0668462 ], [ 7.6191596, 45.066723 ], [ 7.6193675, 45.0667657 ], [ 7.6193165, 45.0668774 ] ] ] } },
{ "type": "Feature", "properties": { "osm_id": 293692179, "height": 9.0, "has_osm_height": false, "code": "N089", "name": "PRONDA", "july_2020": "procedure in progress", "october_2021": "procedure in progress", "july_2022": "procedure in progress", "december_2022": "procedure in progress", "april_2024": "procedure in progress", "february_2025": "procedure in progress", "december_2025": "on hold" }, "geometry": { "type": "Polygon", "coordinates": [ [ [ 7.6188512, 45.0667931 ], [ 7.6190791, 45.0668358 ], [ 7.6191033, 45.0667155 ], [ 7.6189008, 45.0666785 ], [ 7.6188512, 45.0667931 ] ] ] } },
{ "type": "Feature", "properties": { "osm_id": 293692180, "height": 9.0, "has_osm_height": false, "code": "N089", "name": "PRONDA", "july_2020": "procedure in progress", "october_2021": "procedure in progress", "july_2022": "procedure in progress", "december_2022": "procedure in progress", "april_2024": "procedure in progress", "february_2025": "procedure in progress", "december_2025": "on hold" }, "geometry": { "type": "Polygon", "coordinates": [ [ [ 7.6180331, 45.066617 ], [ 7.6178493, 45.066581 ], [ 7.6177045, 45.0665488 ], [ 7.6175315, 45.0665109 ], [ 7.6175503, 45.0663934 ], [ 7.6177139, 45.0664095 ], [ 7.6177273, 45.0664408 ], [ 7.6180492, 45.0665042 ], [ 7.6180331, 45.066617 ] ] ] } },
{ "type": "Feature", "properties": { "osm_id": 293692181, "height": 9.0, "has_osm_height": false, "code": "N089", "name": "PRONDA", "july_2020": "procedure in progress", "october_2021": "procedure in progress", "july_2022": "procedure in progress", "december_2022": "procedure in progress", "april_2024": "procedure in progress", "february_2025": "procedure in progress", "december_2025": "on hold" }, "geometry": { "type": "Polygon", "coordinates": [ [ [ 7.6173008, 45.066454 ], [ 7.6175261, 45.0664673 ], [ 7.6175396, 45.0663849 ], [ 7.6173075, 45.0663688 ], [ 7.6173008, 45.066454 ] ] ] } },
{ "type": "Feature", "properties": { "osm_id": 293692183, "height": 9.0, "has_osm_height": false, "code": "N089", "name": "PRONDA", "july_2020": "procedure in progress", "october_2021": "procedure in progress", "july_2022": "procedure in progress", "december_2022": "procedure in progress", "april_2024": "procedure in progress", "february_2025": "procedure in progress", "december_2025": "on hold" }, "geometry": { "type": "Polygon", "coordinates": [ [ [ 7.6174993, 45.0655333 ], [ 7.617561, 45.0655333 ], [ 7.6175624, 45.0655125 ], [ 7.6176415, 45.0655144 ], [ 7.6176495, 45.0654566 ], [ 7.61762, 45.0654538 ], [ 7.6176281, 45.0654093 ], [ 7.6175463, 45.0654074 ], [ 7.6175436, 45.0654405 ], [ 7.6175087, 45.0654415 ], [ 7.6174993, 45.0655333 ] ] ] } },
{ "type": "Feature", "properties": { "osm_id": 293692184, "height": 9.0, "has_osm_height": false, "code": "N089", "name": "PRONDA", "july_2020": "procedure in progress", "october_2021": "procedure in progress", "july_2022": "procedure in progress", "december_2022": "procedure in progress", "april_2024": "procedure in progress", "february_2025": "procedure in progress", "december_2025": "on hold" }, "geometry": { "type": "Polygon", "coordinates": [ [ [ 7.6178266, 45.0653022 ], [ 7.6179177, 45.065378 ], [ 7.6180586, 45.0652909 ], [ 7.6179781, 45.0652122 ], [ 7.6178266, 45.0653022 ] ] ] } },
{ "type": "Feature", "properties": { "osm_id": 293692185, "height": 3.2, "has_osm_height": true, "code": "N089", "name": "PRONDA", "july_2020": "procedure in progress", "october_2021": "procedure in progress", "july_2022": "procedure in progress", "december_2022": "procedure in progress", "april_2024": "procedure in progress", "february_2025": "procedure in progress", "december_2025": "on hold" }, "geometry": { "type": "Polygon", "coordinates": [ [ [ 7.6180693, 45.0651431 ], [ 7.6183067, 45.0654064 ], [ 7.6182852, 45.0657493 ], [ 7.6184435, 45.0657531 ], [ 7.6184649, 45.065593 ], [ 7.6185642, 45.0657029 ], [ 7.6186124, 45.0655049 ], [ 7.6184958, 45.0651743 ], [ 7.6183335, 45.065002 ], [ 7.6180693, 45.0651431 ] ] ] } },
{ "type": "Feature", "properties": { "osm_id": 293692186, "height": 9.0, "has_osm_height": false, "code": "N089", "name": "PRONDA", "july_2020": "procedure in progress", "october_2021": "procedure in progress", "july_2022": "procedure in progress", "december_2022": "procedure in progress", "april_2024": "procedure in progress", "february_2025": "procedure in progress", "december_2025": "on hold" }, "geometry": { "type": "Polygon", "coordinates": [ [ [ 7.6187077, 45.0654955 ], [ 7.6186232, 45.0652416 ], [ 7.6189853, 45.0651715 ], [ 7.6189947, 45.0654803 ], [ 7.6187077, 45.0654955 ] ] ] } },
{ "type": "Feature", "properties": { "osm_id": 293692187, "height": 9.0, "has_osm_height": false, "code": "N089", "name": "PRONDA", "july_2020": "procedure in progress", "october_2021": "procedure in progress", "july_2022": "procedure in progress", "december_2022": "procedure in progress", "april_2024": "procedure in progress", "february_2025": "procedure in progress", "december_2025": "on hold" }, "geometry": { "type": "Polygon", "coordinates": [ [ [ 7.6186205, 45.0652359 ], [ 7.6185722, 45.0651289 ], [ 7.6187398, 45.0650919 ], [ 7.6187707, 45.0652066 ], [ 7.6186205, 45.0652359 ] ] ] } },
{ "type": "Feature", "properties": { "osm_id": 293692188, "height": 16.0, "has_osm_height": true, "code": "N089", "name": "PRONDA", "july_2020": "procedure in progress", "october_2021": "procedure in progress", "july_2022": "procedure in progress", "december_2022": "procedure in progress", "april_2024": "procedure in progress", "february_2025": "procedure in progress", "december_2025": "on hold" }, "geometry": { "type": "Polygon", "coordinates": [ [ [ 7.6186299, 45.0649764 ], [ 7.618599, 45.0649423 ], [ 7.6185454, 45.0649612 ], [ 7.6184783, 45.0648949 ], [ 7.61865, 45.0647974 ], [ 7.6187358, 45.0648646 ], [ 7.6186996, 45.0648826 ], [ 7.6187318, 45.0649186 ], [ 7.6186299, 45.0649764 ] ] ] } },
{ "type": "Feature", "properties": { "osm_id": 293692189, "height": 16.0, "has_osm_height": true, "code": "N089", "name": "PRONDA", "july_2020": "procedure in progress", "october_2021": "procedure in progress", "july_2022": "procedure in progress", "december_2022": "procedure in progress", "april_2024": "procedure in progress", "february_2025": "procedure in progress", "december_2025": "on hold" }, "geometry": { "type": "Polygon", "coordinates": [ [ [ 7.618768, 45.0648817 ], [ 7.6189879, 45.0648551 ], [ 7.6189866, 45.0647434 ], [ 7.6188458, 45.0647519 ], [ 7.6187144, 45.064767 ], [ 7.6186647, 45.0647907 ], [ 7.618768, 45.0648817 ] ] ] } },
{ "type": "Feature", "properties": { "osm_id": 293692190, "height": 9.0, "has_osm_height": false, "code": "N089", "name": "PRONDA", "july_2020": "procedure in progress", "october_2021": "procedure in progress", "july_2022": "procedure in progress", "december_2022": "procedure in progress", "april_2024": "procedure in progress", "february_2025": "procedure in progress", "december_2025": "on hold" }, "geometry": { "type": "Polygon", "coordinates": [ [ [ 7.6191206, 45.0648676 ], [ 7.6191876, 45.0648544 ], [ 7.6192768, 45.0650795 ], [ 7.6191898, 45.0650967 ], [ 7.6192113, 45.0651509 ], [ 7.6191352, 45.065166 ], [ 7.619049, 45.0649483 ], [ 7.619145, 45.0649293 ], [ 7.6191206, 45.0648676 ] ] ] } },
{ "type": "Feature", "properties": { "osm_id": 293692191, "height": 9.0, "has_osm_height": false, "code": "N089", "name": "PRONDA", "july_2020": "procedure in progress", "october_2021": "procedure in progress", "july_2022": "procedure in progress", "december_2022": "procedure in progress", "april_2024": "procedure in progress", "february_2025": "procedure in progress", "december_2025": "on hold" }, "geometry": { "type": "Polygon", "coordinates": [ [ [ 7.619, 45.0655997 ], [ 7.6187318, 45.0656053 ], [ 7.6187358, 45.0656972 ], [ 7.6190483, 45.065683 ], [ 7.619051, 45.0656129 ], [ 7.619, 45.0655997 ] ] ] } },
{ "type": "Feature", "properties": { "osm_id": 293692192, "height": 9.0, "has_osm_height": false, "code": "N089", "name": "PRONDA", "july_2020": "procedure in progress", "october_2021": "procedure in progress", "july_2022": "procedure in progress", "december_2022": "procedure in progress", "april_2024": "procedure in progress", "february_2025": "procedure in progress", "december_2025": "on hold" }, "geometry": { "type": "Polygon", "coordinates": [ [ [ 7.6191636, 45.0657787 ], [ 7.6191636, 45.0658601 ], [ 7.6190724, 45.0658639 ], [ 7.6190684, 45.0658876 ], [ 7.6187237, 45.0658791 ], [ 7.6187278, 45.0657247 ], [ 7.6190027, 45.0657171 ], [ 7.6190134, 45.0657758 ], [ 7.6191636, 45.0657787 ] ] ] } },
{ "type": "Feature", "properties": { "osm_id": 293692193, "height": 9.0, "has_osm_height": false, "code": "N089", "name": "PRONDA", "july_2020": "procedure in progress", "october_2021": "procedure in progress", "july_2022": "procedure in progress", "december_2022": "procedure in progress", "april_2024": "procedure in progress", "february_2025": "procedure in progress", "december_2025": "on hold" }, "geometry": { "type": "Polygon", "coordinates": [ [ [ 7.6191435, 45.0659956 ], [ 7.6193071, 45.0659994 ], [ 7.6193125, 45.0659189 ], [ 7.6191462, 45.0659189 ], [ 7.6191435, 45.0659956 ] ] ] } },
{ "type": "Feature", "properties": { "osm_id": 293692194, "height": 9.0, "has_osm_height": false, "code": "N089", "name": "PRONDA", "july_2020": "procedure in progress", "october_2021": "procedure in progress", "july_2022": "procedure in progress", "december_2022": "procedure in progress", "april_2024": "procedure in progress", "february_2025": "procedure in progress", "december_2025": "on hold" }, "geometry": { "type": "Polygon", "coordinates": [ [ [ 7.6193165, 45.0659994 ], [ 7.6195043, 45.0660032 ], [ 7.6195137, 45.065935 ], [ 7.6193205, 45.0659245 ], [ 7.6193165, 45.0659994 ] ] ] } },
{ "type": "Feature", "properties": { "osm_id": 293692195, "height": 9.0, "has_osm_height": false, "code": "N089", "name": "PRONDA", "july_2020": "procedure in progress", "october_2021": "procedure in progress", "july_2022": "procedure in progress", "december_2022": "procedure in progress", "april_2024": "procedure in progress", "february_2025": "procedure in progress", "december_2025": "on hold" }, "geometry": { "type": "Polygon", "coordinates": [ [ [ 7.6191596, 45.0661756 ], [ 7.6189504, 45.0661718 ], [ 7.6189504, 45.0660733 ], [ 7.6191677, 45.0660808 ], [ 7.6191596, 45.0661756 ] ] ] } },
{ "type": "Feature", "properties": { "osm_id": 293692196, "height": 9.0, "has_osm_height": false, "code": "N089", "name": "PRONDA", "july_2020": "procedure in progress", "october_2021": "procedure in progress", "july_2022": "procedure in progress", "december_2022": "procedure in progress", "april_2024": "procedure in progress", "february_2025": "procedure in progress", "december_2025": "on hold" }, "geometry": { "type": "Polygon", "coordinates": [ [ [ 7.618937, 45.0661708 ], [ 7.6187868, 45.0661689 ], [ 7.6187975, 45.066077 ], [ 7.6189383, 45.0660808 ], [ 7.618937, 45.0661708 ] ] ] } },
{ "type": "Feature", "properties": { "osm_id": 293692197, "height": 9.0, "has_osm_height": false, "code": "N089", "name": "PRONDA", "july_2020": "procedure in progress", "october_2021": "procedure in progress", "july_2022": "procedure in progress", "december_2022": "procedure in progress", "april_2024": "procedure in progress", "february_2025": "procedure in progress", "december_2025": "on hold" }, "geometry": { "type": "Polygon", "coordinates": [ [ [ 7.6187747, 45.0661661 ], [ 7.6185615, 45.0661632 ], [ 7.6185762, 45.0659056 ], [ 7.618709, 45.0659122 ], [ 7.6186956, 45.0660723 ], [ 7.6187828, 45.0660733 ], [ 7.6187747, 45.0661661 ] ] ] } },
{ "type": "Feature", "properties": { "osm_id": 293692198, "height": 9.0, "has_osm_height": false, "code": "N089", "name": "PRONDA", "july_2020": "procedure in progress", "october_2021": "procedure in progress", "july_2022": "procedure in progress", "december_2022": "procedure in progress", "april_2024": "procedure in progress", "february_2025": "procedure in progress", "december_2025": "on hold" }, "geometry": { "type": "Polygon", "coordinates": [ [ [ 7.618414, 45.0661699 ], [ 7.6184314, 45.0659624 ], [ 7.6185615, 45.0659586 ], [ 7.6185481, 45.066168 ], [ 7.618414, 45.0661699 ] ] ] } },
{ "type": "Feature", "properties": { "osm_id": 293692201, "height": 9.0, "has_osm_height": false, "code": "N089", "name": "PRONDA", "july_2020": "procedure in progress", "october_2021": "procedure in progress", "july_2022": "procedure in progress", "december_2022": "procedure in progress", "april_2024": "procedure in progress", "february_2025": "procedure in progress", "december_2025": "on hold" }, "geometry": { "type": "Polygon", "coordinates": [ [ [ 7.6193165, 45.0662769 ], [ 7.6195338, 45.0662826 ], [ 7.6195284, 45.0661386 ], [ 7.619338, 45.0661329 ], [ 7.6193165, 45.0662769 ] ] ] } },
{ "type": "Feature", "properties": { "osm_id": 293692202, "height": 22.4, "has_osm_height": true, "code": "N089", "name": "PRONDA", "july_2020": "procedure in progress", "october_2021": "procedure in progress", "july_2022": "procedure in progress", "december_2022": "procedure in progress", "april_2024": "procedure in progress", "february_2025": "procedure in progress", "december_2025": "on hold" }, "geometry": { "type": "Polygon", "coordinates": [ [ [ 7.619355, 45.064842 ], [ 7.6202638, 45.0647492 ], [ 7.6205335, 45.0647232 ], [ 7.6206, 45.0647168 ], [ 7.6205409, 45.0645833 ], [ 7.6193091, 45.0647102 ], [ 7.619355, 45.064842 ] ] ] } },
{ "type": "Feature", "properties": { "osm_id": 293692203, "height": 22.4, "has_osm_height": true, "code": "N089", "name": "PRONDA", "july_2020": "procedure in progress", "october_2021": "procedure in progress", "july_2022": "procedure in progress", "december_2022": "procedure in progress", "april_2024": "procedure in progress", "february_2025": "procedure in progress", "december_2025": "on hold" }, "geometry": { "type": "Polygon", "coordinates": [ [ [ 7.6206993, 45.0647145 ], [ 7.6208733, 45.0647002 ], [ 7.6208609, 45.0645811 ], [ 7.6206605, 45.0645924 ], [ 7.6206629, 45.0646415 ], [ 7.6206748, 45.0646407 ], [ 7.6206781, 45.0646647 ], [ 7.6206926, 45.0646644 ], [ 7.6206993, 45.0647145 ] ] ] } },
{ "type": "Feature", "properties": { "osm_id": 305123787, "height": 9.0, "has_osm_height": false, "code": "N098", "name": "TO EXPO", "july_2020": "procedure in progress", "october_2021": "procedure in progress", "july_2022": "procedure in progress", "december_2022": "procedure in progress", "april_2024": "under construction", "february_2025": "under construction", "december_2025": "under construction" }, "geometry": { "type": "Polygon", "coordinates": [ [ [ 7.6848881, 45.0535026 ], [ 7.6848533, 45.0534527 ], [ 7.6848585, 45.0534502 ], [ 7.6848451, 45.0534236 ], [ 7.6848374, 45.0534025 ], [ 7.6848353, 45.0533748 ], [ 7.6848405, 45.0533486 ], [ 7.6848518, 45.0533272 ], [ 7.6848652, 45.0533126 ], [ 7.6848817, 45.0533013 ], [ 7.6849013, 45.0532897 ], [ 7.6848853, 45.0532638 ], [ 7.6849966, 45.0532292 ], [ 7.6849718, 45.0531892 ], [ 7.6850594, 45.0531623 ], [ 7.6850393, 45.0531259 ], [ 7.6851621, 45.0530886 ], [ 7.68528, 45.053052 ], [ 7.6853021, 45.053084 ], [ 7.6853861, 45.0530582 ], [ 7.6854061, 45.0530895 ], [ 7.6854124, 45.0530993 ], [ 7.6856664, 45.0530185 ], [ 7.6857984, 45.0532139 ], [ 7.6848881, 45.0535026 ] ] ] } },
{ "type": "Feature", "properties": { "osm_id": 330503352, "height": 9.0, "has_osm_height": false, "code": "N098", "name": "TO EXPO", "july_2020": "procedure in progress", "october_2021": "procedure in progress", "july_2022": "procedure in progress", "december_2022": "procedure in progress", "april_2024": "under construction", "february_2025": "under construction", "december_2025": "under construction" }, "geometry": { "type": "Polygon", "coordinates": [ [ [ 7.6850313, 45.0491391 ], [ 7.6849842, 45.0491668 ], [ 7.6849493, 45.0491261 ], [ 7.6849281, 45.0491312 ], [ 7.6848956, 45.0490842 ], [ 7.684946, 45.0490744 ], [ 7.6849509, 45.0489888 ], [ 7.6849338, 45.0489854 ], [ 7.6849462, 45.0489531 ], [ 7.6850367, 45.0489675 ], [ 7.6850061, 45.049087 ], [ 7.6849884, 45.0490946 ], [ 7.6850313, 45.0491391 ] ] ] } },
{ "type": "Feature", "properties": { "osm_id": 330503353, "height": 9.0, "has_osm_height": false, "code": "N098", "name": "TO EXPO", "july_2020": "procedure in progress", "october_2021": "procedure in progress", "july_2022": "procedure in progress", "december_2022": "procedure in progress", "april_2024": "under construction", "february_2025": "under construction", "december_2025": "under construction" }, "geometry": { "type": "Polygon", "coordinates": [ [ [ 7.6855457, 45.049393 ], [ 7.6855582, 45.0493983 ], [ 7.6855668, 45.0494067 ], [ 7.6855702, 45.0494167 ], [ 7.685568, 45.0494269 ], [ 7.6855603, 45.0494357 ], [ 7.6855485, 45.0494418 ], [ 7.6855343, 45.0494442 ], [ 7.6855199, 45.0494426 ], [ 7.6855074, 45.0494372 ], [ 7.6854988, 45.0494289 ], [ 7.6854954, 45.0494188 ], [ 7.6854977, 45.0494086 ], [ 7.6855053, 45.0493998 ], [ 7.6855171, 45.0493938 ], [ 7.6855313, 45.0493913 ], [ 7.6855457, 45.049393 ] ] ] } },
{ "type": "Feature", "properties": { "osm_id": 330503354, "height": 9.0, "has_osm_height": false, "code": "N098", "name": "TO EXPO", "july_2020": "procedure in progress", "october_2021": "procedure in progress", "july_2022": "procedure in progress", "december_2022": "procedure in progress", "april_2024": "under construction", "february_2025": "under construction", "december_2025": "under construction" }, "geometry": { "type": "Polygon", "coordinates": [ [ [ 7.6843839, 45.0485367 ], [ 7.6843886, 45.0485394 ], [ 7.6843919, 45.048545 ], [ 7.684392, 45.0485501 ], [ 7.6843893, 45.0485548 ], [ 7.6843842, 45.0485585 ], [ 7.6843776, 45.0485605 ], [ 7.6843703, 45.0485605 ], [ 7.6843636, 45.0485586 ], [ 7.6843585, 45.048555 ], [ 7.6843556, 45.0485503 ], [ 7.6843556, 45.0485452 ], [ 7.6843583, 45.0485405 ], [ 7.6843633, 45.0485369 ], [ 7.68437, 45.0485349 ], [ 7.6843772, 45.0485348 ], [ 7.6843839, 45.0485367 ] ] ] } },
{ "type": "Feature", "properties": { "osm_id": 330503355, "height": 9.0, "has_osm_height": false, "code": "N098", "name": "TO EXPO", "july_2020": "procedure in progress", "october_2021": "procedure in progress", "july_2022": "procedure in progress", "december_2022": "procedure in progress", "april_2024": "under construction", "february_2025": "under construction", "december_2025": "under construction" }, "geometry": { "type": "Polygon", "coordinates": [ [ [ 7.6847111, 45.048488 ], [ 7.6847292, 45.0484934 ], [ 7.684743, 45.0485033 ], [ 7.6847503, 45.0485162 ], [ 7.6847501, 45.0485301 ], [ 7.6847424, 45.0485429 ], [ 7.6847283, 45.0485526 ], [ 7.6847101, 45.0485578 ], [ 7.6846905, 45.0485577 ], [ 7.6846724, 45.0485522 ], [ 7.6846586, 45.0485423 ], [ 7.6846513, 45.0485294 ], [ 7.6846515, 45.0485155 ], [ 7.6846592, 45.0485027 ], [ 7.6846732, 45.048493 ], [ 7.6846915, 45.0484878 ], [ 7.6847111, 45.048488 ] ] ] } },
{ "type": "Feature", "properties": { "osm_id": 330503356, "height": 9.0, "has_osm_height": false, "code": "N098", "name": "TO EXPO", "july_2020": "procedure in progress", "october_2021": "procedure in progress", "july_2022": "procedure in progress", "december_2022": "procedure in progress", "april_2024": "under construction", "february_2025": "under construction", "december_2025": "under construction" }, "geometry": { "type": "Polygon", "coordinates": [ [ [ 7.6847483, 45.0487206 ], [ 7.6847535, 45.0487228 ], [ 7.6847571, 45.0487263 ], [ 7.6847585, 45.0487304 ], [ 7.6847576, 45.0487347 ], [ 7.6847544, 45.0487383 ], [ 7.6847495, 45.0487409 ], [ 7.6847436, 45.0487419 ], [ 7.6847376, 45.0487412 ], [ 7.6847324, 45.048739 ], [ 7.6847289, 45.0487355 ], [ 7.6847274, 45.0487314 ], [ 7.6847284, 45.0487271 ], [ 7.6847315, 45.0487235 ], [ 7.6847364, 45.0487209 ], [ 7.6847423, 45.0487199 ], [ 7.6847483, 45.0487206 ] ] ] } },
{ "type": "Feature", "properties": { "osm_id": 330503357, "height": 9.0, "has_osm_height": false, "code": "N098", "name": "TO EXPO", "july_2020": "procedure in progress", "october_2021": "procedure in progress", "july_2022": "procedure in progress", "december_2022": "procedure in progress", "april_2024": "under construction", "february_2025": "under construction", "december_2025": "under construction" }, "geometry": { "type": "Polygon", "coordinates": [ [ [ 7.6853303, 45.0493409 ], [ 7.685273, 45.0491903 ], [ 7.685363, 45.0491669 ], [ 7.6854368, 45.0493182 ], [ 7.6853303, 45.0493409 ] ] ] } },
{ "type": "Feature", "properties": { "osm_id": 330503358, "height": 9.0, "has_osm_height": false, "code": "N098", "name": "TO EXPO", "july_2020": "procedure in progress", "october_2021": "procedure in progress", "july_2022": "procedure in progress", "december_2022": "procedure in progress", "april_2024": "under construction", "february_2025": "under construction", "december_2025": "under construction" }, "geometry": { "type": "Polygon", "coordinates": [ [ [ 7.6853202, 45.048977 ], [ 7.6854136, 45.048977 ], [ 7.6854136, 45.048874 ], [ 7.6853202, 45.048874 ], [ 7.6853202, 45.048977 ] ] ] } },
{ "type": "Feature", "properties": { "osm_id": 330503359, "height": 9.0, "has_osm_height": false, "code": "N098", "name": "TO EXPO", "july_2020": "procedure in progress", "october_2021": "procedure in progress", "july_2022": "procedure in progress", "december_2022": "procedure in progress", "april_2024": "under construction", "february_2025": "under construction", "december_2025": "under construction" }, "geometry": { "type": "Polygon", "coordinates": [ [ [ 7.6852686, 45.0492714 ], [ 7.68524, 45.0491994 ], [ 7.6851646, 45.0492275 ], [ 7.6851727, 45.049278 ], [ 7.6852686, 45.0492714 ] ] ] } },
{ "type": "Feature", "properties": { "osm_id": 330503360, "height": 9.0, "has_osm_height": false, "code": "N098", "name": "TO EXPO", "july_2020": "procedure in progress", "october_2021": "procedure in progress", "july_2022": "procedure in progress", "december_2022": "procedure in progress", "april_2024": "under construction", "february_2025": "under construction", "december_2025": "under construction" }, "geometry": { "type": "Polygon", "coordinates": [ [ [ 7.6857689, 45.0497256 ], [ 7.6858477, 45.0496913 ], [ 7.6857486, 45.0495777 ], [ 7.6856698, 45.049612 ], [ 7.6857689, 45.0497256 ] ] ] } },
{ "type": "Feature", "properties": { "osm_id": 330503361, "height": 9.0, "has_osm_height": false, "code": "N098", "name": "TO EXPO", "july_2020": "procedure in progress", "october_2021": "procedure in progress", "july_2022": "procedure in progress", "december_2022": "procedure in progress", "april_2024": "under construction", "february_2025": "under construction", "december_2025": "under construction" }, "geometry": { "type": "Polygon", "coordinates": [ [ [ 7.6851633, 45.0490592 ], [ 7.6851746, 45.0489662 ], [ 7.685296, 45.0489785 ], [ 7.6853, 45.0490393 ], [ 7.6851633, 45.0490592 ] ] ] } },
{ "type": "Feature", "properties": { "osm_id": 330503362, "height": 9.0, "has_osm_height": false, "code": "N098", "name": "TO EXPO", "july_2020": "procedure in progress", "october_2021": "procedure in progress", "july_2022": "procedure in progress", "december_2022": "procedure in progress", "april_2024": "under construction", "february_2025": "under construction", "december_2025": "under construction" }, "geometry": { "type": "Polygon", "coordinates": [ [ [ 7.6851976, 45.0488705 ], [ 7.6852736, 45.0488815 ], [ 7.6852793, 45.0487234 ], [ 7.6851987, 45.0487231 ], [ 7.6851976, 45.0488705 ] ] ] } },
{ "type": "Feature", "properties": { "osm_id": 330503363, "height": 9.0, "has_osm_height": false, "code": "N098", "name": "TO EXPO", "july_2020": "procedure in progress", "october_2021": "procedure in progress", "july_2022": "procedure in progress", "december_2022": "procedure in progress", "april_2024": "under construction", "february_2025": "under construction", "december_2025": "under construction" }, "geometry": { "type": "Polygon", "coordinates": [ [ [ 7.6846773, 45.0486648 ], [ 7.6846955, 45.048678 ], [ 7.6847199, 45.0486612 ], [ 7.6847017, 45.048648 ], [ 7.6846902, 45.0486559 ], [ 7.6846773, 45.0486648 ] ] ] } },
{ "type": "Feature", "properties": { "osm_id": 330503364, "height": 9.0, "has_osm_height": false, "code": "N098", "name": "TO EXPO", "july_2020": "procedure in progress", "october_2021": "procedure in progress", "july_2022": "procedure in progress", "december_2022": "procedure in progress", "april_2024": "under construction", "february_2025": "under construction", "december_2025": "under construction" }, "geometry": { "type": "Polygon", "coordinates": [ [ [ 7.6849462, 45.0489531 ], [ 7.6850367, 45.0489675 ], [ 7.6850964, 45.048977 ], [ 7.6851216, 45.0488975 ], [ 7.6849715, 45.0488737 ], [ 7.6849462, 45.0489531 ] ] ] } },
{ "type": "Feature", "properties": { "osm_id": 330503365, "height": 9.0, "has_osm_height": false, "code": "N098", "name": "TO EXPO", "july_2020": "procedure in progress", "october_2021": "procedure in progress", "july_2022": "procedure in progress", "december_2022": "procedure in progress", "april_2024": "under construction", "february_2025": "under construction", "december_2025": "under construction" }, "geometry": { "type": "Polygon", "coordinates": [ [ [ 7.6852735, 45.0491768 ], [ 7.6853916, 45.049112 ], [ 7.6853292, 45.0490625 ], [ 7.6853, 45.0490393 ], [ 7.6851633, 45.0490592 ], [ 7.6852735, 45.0491768 ] ] ] } },
{ "type": "Feature", "properties": { "osm_id": 330503366, "height": 9.0, "has_osm_height": false, "code": "N098", "name": "TO EXPO", "july_2020": "procedure in progress", "october_2021": "procedure in progress", "july_2022": "procedure in progress", "december_2022": "procedure in progress", "april_2024": "under construction", "february_2025": "under construction", "december_2025": "under construction" }, "geometry": { "type": "Polygon", "coordinates": [ [ [ 7.6853292, 45.0490625 ], [ 7.6853815, 45.0490616 ], [ 7.6853832, 45.0489885 ], [ 7.685296, 45.0489785 ], [ 7.6853, 45.0490393 ], [ 7.6853292, 45.0490625 ] ] ] } },
{ "type": "Feature", "properties": { "osm_id": 330503367, "height": 9.0, "has_osm_height": false, "code": "N098", "name": "TO EXPO", "july_2020": "procedure in progress", "october_2021": "procedure in progress", "july_2022": "procedure in progress", "december_2022": "procedure in progress", "april_2024": "under construction", "february_2025": "under construction", "december_2025": "under construction" }, "geometry": { "type": "Polygon", "coordinates": [ [ [ 7.6851504, 45.0489456 ], [ 7.6852449, 45.0489615 ], [ 7.6852736, 45.0488815 ], [ 7.6851976, 45.0488705 ], [ 7.6851769, 45.048867 ], [ 7.6851504, 45.0489456 ] ] ] } },
{ "type": "Feature", "properties": { "osm_id": 330503368, "height": 9.0, "has_osm_height": false, "code": "N098", "name": "TO EXPO", "july_2020": "procedure in progress", "october_2021": "procedure in progress", "july_2022": "procedure in progress", "december_2022": "procedure in progress", "april_2024": "under construction", "february_2025": "under construction", "december_2025": "under construction" }, "geometry": { "type": "Polygon", "coordinates": [ [ [ 7.6846777, 45.04862 ], [ 7.6846864, 45.0486479 ], [ 7.6846991, 45.048646 ], [ 7.6847405, 45.0486395 ], [ 7.6847318, 45.0486116 ], [ 7.6847214, 45.0486132 ], [ 7.6846777, 45.04862 ] ] ] } },
{ "type": "Feature", "properties": { "osm_id": 330503369, "height": 9.0, "has_osm_height": false, "code": "N098", "name": "TO EXPO", "july_2020": "procedure in progress", "october_2021": "procedure in progress", "july_2022": "procedure in progress", "december_2022": "procedure in progress", "april_2024": "under construction", "february_2025": "under construction", "december_2025": "under construction" }, "geometry": { "type": "Polygon", "coordinates": [ [ [ 7.6853748, 45.0494206 ], [ 7.6854951, 45.0494128 ], [ 7.6854569, 45.0493139 ], [ 7.6854368, 45.0493182 ], [ 7.6853303, 45.0493409 ], [ 7.6853603, 45.0493916 ], [ 7.6853748, 45.0494206 ] ] ] } },
{ "type": "Feature", "properties": { "osm_id": 330503370, "height": 9.0, "has_osm_height": false, "code": "N098", "name": "TO EXPO", "july_2020": "procedure in progress", "october_2021": "procedure in progress", "july_2022": "procedure in progress", "december_2022": "procedure in progress", "april_2024": "under construction", "february_2025": "under construction", "december_2025": "under construction" }, "geometry": { "type": "Polygon", "coordinates": [ [ [ 7.6851307, 45.0485721 ], [ 7.6851701, 45.0485601 ], [ 7.6851559, 45.048537 ], [ 7.6853108, 45.0484898 ], [ 7.6852582, 45.0484037 ], [ 7.685064, 45.0484629 ], [ 7.6851307, 45.0485721 ] ] ] } },
{ "type": "Feature", "properties": { "osm_id": 330503371, "height": 9.0, "has_osm_height": false, "code": "N098", "name": "TO EXPO", "july_2020": "procedure in progress", "october_2021": "procedure in progress", "july_2022": "procedure in progress", "december_2022": "procedure in progress", "april_2024": "under construction", "february_2025": "under construction", "december_2025": "under construction" }, "geometry": { "type": "Polygon", "coordinates": [ [ [ 7.6844394, 45.0487979 ], [ 7.6845353, 45.0488831 ], [ 7.6846286, 45.0488307 ], [ 7.6846073, 45.0488117 ], [ 7.6845327, 45.0487455 ], [ 7.6844615, 45.0487855 ], [ 7.6844394, 45.0487979 ] ] ] } },
{ "type": "Feature", "properties": { "osm_id": 330503372, "height": 9.0, "has_osm_height": false, "code": "N098", "name": "TO EXPO", "july_2020": "procedure in progress", "october_2021": "procedure in progress", "july_2022": "procedure in progress", "december_2022": "procedure in progress", "april_2024": "under construction", "february_2025": "under construction", "december_2025": "under construction" }, "geometry": { "type": "Polygon", "coordinates": [ [ [ 7.6851054, 45.0491617 ], [ 7.6851566, 45.0492304 ], [ 7.6851646, 45.0492275 ], [ 7.68524, 45.0491994 ], [ 7.6852557, 45.0491936 ], [ 7.6852045, 45.0491249 ], [ 7.6851054, 45.0491617 ] ] ] } },
{ "type": "Feature", "properties": { "osm_id": 330503373, "height": 9.0, "has_osm_height": false, "code": "N098", "name": "TO EXPO", "july_2020": "procedure in progress", "october_2021": "procedure in progress", "july_2022": "procedure in progress", "december_2022": "procedure in progress", "april_2024": "under construction", "february_2025": "under construction", "december_2025": "under construction" }, "geometry": { "type": "Polygon", "coordinates": [ [ [ 7.6853108, 45.0484898 ], [ 7.6853894, 45.0486521 ], [ 7.6851888, 45.048701 ], [ 7.6851307, 45.0485721 ], [ 7.6851701, 45.0485601 ], [ 7.6851559, 45.048537 ], [ 7.6853108, 45.0484898 ] ] ] } },
{ "type": "Feature", "properties": { "osm_id": 330503374, "height": 9.0, "has_osm_height": false, "code": "N098", "name": "TO EXPO", "july_2020": "procedure in progress", "october_2021": "procedure in progress", "july_2022": "procedure in progress", "december_2022": "procedure in progress", "april_2024": "under construction", "february_2025": "under construction", "december_2025": "under construction" }, "geometry": { "type": "Polygon", "coordinates": [ [ [ 7.6851611, 45.04935 ], [ 7.6852077, 45.0493469 ], [ 7.6852882, 45.0493413 ], [ 7.6852784, 45.0492707 ], [ 7.6852686, 45.0492714 ], [ 7.6851727, 45.049278 ], [ 7.6851513, 45.0492795 ], [ 7.6851611, 45.04935 ] ] ] } },
{ "type": "Feature", "properties": { "osm_id": 330503375, "height": 9.0, "has_osm_height": false, "code": "N098", "name": "TO EXPO", "july_2020": "procedure in progress", "october_2021": "procedure in progress", "july_2022": "procedure in progress", "december_2022": "procedure in progress", "april_2024": "under construction", "february_2025": "under construction", "december_2025": "under construction" }, "geometry": { "type": "Polygon", "coordinates": [ [ [ 7.6852037, 45.0494255 ], [ 7.6851947, 45.0493561 ], [ 7.6851319, 45.0493576 ], [ 7.6851408, 45.0494605 ], [ 7.6852071, 45.049457 ], [ 7.6852666, 45.0494547 ], [ 7.6852489, 45.0494195 ], [ 7.6852037, 45.0494255 ] ] ] } },
{ "type": "Feature", "properties": { "osm_id": 330503376, "height": 9.0, "has_osm_height": false, "code": "N098", "name": "TO EXPO", "july_2020": "procedure in progress", "october_2021": "procedure in progress", "july_2022": "procedure in progress", "december_2022": "procedure in progress", "april_2024": "under construction", "february_2025": "under construction", "december_2025": "under construction" }, "geometry": { "type": "Polygon", "coordinates": [ [ [ 7.6852489, 45.0494195 ], [ 7.6852666, 45.0494547 ], [ 7.6852816, 45.0494848 ], [ 7.6853364, 45.0494711 ], [ 7.685393, 45.049457 ], [ 7.6853748, 45.0494206 ], [ 7.6853603, 45.0493916 ], [ 7.685321, 45.0494014 ], [ 7.6852489, 45.0494195 ] ] ] } },
{ "type": "Feature", "properties": { "osm_id": 330503377, "height": 9.0, "has_osm_height": false, "code": "N098", "name": "TO EXPO", "july_2020": "procedure in progress", "october_2021": "procedure in progress", "july_2022": "procedure in progress", "december_2022": "procedure in progress", "april_2024": "under construction", "february_2025": "under construction", "december_2025": "under construction" }, "geometry": { "type": "Polygon", "coordinates": [ [ [ 7.6851054, 45.0491617 ], [ 7.6850891, 45.0491442 ], [ 7.6850542, 45.0491629 ], [ 7.6850313, 45.0491391 ], [ 7.6849884, 45.0490946 ], [ 7.6850061, 45.049087 ], [ 7.6851093, 45.0490425 ], [ 7.6852045, 45.0491249 ], [ 7.6851054, 45.0491617 ] ] ] } },
{ "type": "Feature", "properties": { "osm_id": 462834515, "height": 9.0, "has_osm_height": false, "code": "N168", "name": "UTET", "july_2020": "", "october_2021": "under construction", "july_2022": "under construction", "december_2022": "under construction", "april_2024": "completed", "february_2025": "completed", "december_2025": "completed" }, "geometry": { "type": "Polygon", "coordinates": [ [ [ 7.6801231, 45.0506098 ], [ 7.6802128, 45.0507414 ], [ 7.6796866, 45.0509293 ], [ 7.6795036, 45.0506718 ], [ 7.6796288, 45.0506335 ], [ 7.6797087, 45.0507432 ], [ 7.680006, 45.0506524 ], [ 7.6801231, 45.0506098 ] ] ] } },
{ "type": "Feature", "properties": { "osm_id": 462834516, "height": 9.0, "has_osm_height": false, "code": "N168", "name": "UTET", "july_2020": "", "october_2021": "under construction", "july_2022": "under construction", "december_2022": "under construction", "april_2024": "completed", "february_2025": "completed", "december_2025": "completed" }, "geometry": { "type": "Polygon", "coordinates": [ [ [ 7.6800055, 45.05045 ], [ 7.6801231, 45.0506098 ], [ 7.680006, 45.0506524 ], [ 7.6799233, 45.0505357 ], [ 7.679892, 45.050482 ], [ 7.6800055, 45.05045 ] ] ] } },
{ "type": "Feature", "properties": { "osm_id": 482018642, "height": 9.0, "has_osm_height": false, "code": "N093", "name": "SANGONE", "july_2020": "procedure in progress", "october_2021": "procedure in progress", "july_2022": "procedure in progress", "december_2022": "procedure in progress", "april_2024": "procedure in progress", "february_2025": "procedure in progress", "december_2025": "under construction" }, "geometry": { "type": "Polygon", "coordinates": [ [ [ 7.6277923, 45.0100513 ], [ 7.6277629, 45.0099948 ], [ 7.6279655, 45.0099423 ], [ 7.6279949, 45.0099988 ], [ 7.6277923, 45.0100513 ] ] ] } },
{ "type": "Feature", "properties": { "osm_id": 482018643, "height": 9.0, "has_osm_height": false, "code": "N093", "name": "SANGONE", "july_2020": "procedure in progress", "october_2021": "procedure in progress", "july_2022": "procedure in progress", "december_2022": "procedure in progress", "april_2024": "procedure in progress", "february_2025": "procedure in progress", "december_2025": "under construction" }, "geometry": { "type": "Polygon", "coordinates": [ [ [ 7.6280527, 45.0100107 ], [ 7.6280322, 45.0099761 ], [ 7.6280997, 45.0099562 ], [ 7.6281201, 45.0099908 ], [ 7.6280916, 45.0099992 ], [ 7.6280527, 45.0100107 ] ] ] } },
{ "type": "Feature", "properties": { "osm_id": 688443265, "height": 12.8, "has_osm_height": true, "code": "N094", "name": "VALLINO", "july_2020": "under construction", "october_2021": "under construction", "july_2022": "under construction", "december_2022": "under construction", "april_2024": "under construction", "february_2025": "under construction", "december_2025": "under construction" }, "geometry": { "type": "Polygon", "coordinates": [ [ [ 7.6731398, 45.0529828 ], [ 7.6739155, 45.0528368 ], [ 7.6735754, 45.0519347 ], [ 7.6727995, 45.0520807 ], [ 7.6731398, 45.0529828 ] ] ] } },
{ "type": "Feature", "properties": { "osm_id": 749439071, "height": 3.2, "has_osm_height": true, "code": "N098", "name": "TO EXPO", "july_2020": "procedure in progress", "october_2021": "procedure in progress", "july_2022": "procedure in progress", "december_2022": "procedure in progress", "april_2024": "under construction", "february_2025": "under construction", "december_2025": "under construction" }, "geometry": { "type": "Polygon", "coordinates": [ [ [ 7.6854553, 45.0524751 ], [ 7.6854975, 45.0525411 ], [ 7.6854359, 45.0525607 ], [ 7.6853938, 45.0524947 ], [ 7.6854553, 45.0524751 ] ] ] } },
{ "type": "Feature", "properties": { "osm_id": 810047132, "height": 9.0, "has_osm_height": false, "code": "N098", "name": "TO EXPO", "july_2020": "procedure in progress", "october_2021": "procedure in progress", "july_2022": "procedure in progress", "december_2022": "procedure in progress", "april_2024": "under construction", "february_2025": "under construction", "december_2025": "under construction" }, "geometry": { "type": "Polygon", "coordinates": [ [ [ 7.6895622, 45.0568218 ], [ 7.6896429, 45.0569404 ], [ 7.6897484, 45.0569046 ], [ 7.6896677, 45.056786 ], [ 7.6895622, 45.0568218 ] ] ] } },
{ "type": "Feature", "properties": { "osm_id": 810047134, "height": 9.0, "has_osm_height": false, "code": "N098", "name": "TO EXPO", "july_2020": "procedure in progress", "october_2021": "procedure in progress", "july_2022": "procedure in progress", "december_2022": "procedure in progress", "april_2024": "under construction", "february_2025": "under construction", "december_2025": "under construction" }, "geometry": { "type": "Polygon", "coordinates": [ [ [ 7.689143, 45.0567949 ], [ 7.6891205, 45.056762 ], [ 7.6891485, 45.0567524 ], [ 7.6891712, 45.0567852 ], [ 7.689143, 45.0567949 ] ] ] } },
{ "type": "Feature", "properties": { "osm_id": 810047135, "height": 9.0, "has_osm_height": false, "code": "N098", "name": "TO EXPO", "july_2020": "procedure in progress", "october_2021": "procedure in progress", "july_2022": "procedure in progress", "december_2022": "procedure in progress", "april_2024": "under construction", "february_2025": "under construction", "december_2025": "under construction" }, "geometry": { "type": "Polygon", "coordinates": [ [ [ 7.6887332, 45.0566595 ], [ 7.6887931, 45.056691 ], [ 7.6888262, 45.0566596 ], [ 7.6887663, 45.0566281 ], [ 7.6887332, 45.0566595 ] ] ] } },
{ "type": "Feature", "properties": { "osm_id": 810581993, "height": 9.0, "has_osm_height": false, "code": "N098", "name": "TO EXPO", "july_2020": "procedure in progress", "october_2021": "procedure in progress", "july_2022": "procedure in progress", "december_2022": "procedure in progress", "april_2024": "under construction", "february_2025": "under construction", "december_2025": "under construction" }, "geometry": { "type": "Polygon", "coordinates": [ [ [ 7.687587, 45.0543717 ], [ 7.6876535, 45.0543479 ], [ 7.6875977, 45.0542701 ], [ 7.6875313, 45.0542939 ], [ 7.687587, 45.0543717 ] ] ] } },
{ "type": "Feature", "properties": { "osm_id": 810581994, "height": 9.0, "has_osm_height": false, "code": "N098", "name": "TO EXPO", "july_2020": "procedure in progress", "october_2021": "procedure in progress", "july_2022": "procedure in progress", "december_2022": "procedure in progress", "april_2024": "under construction", "february_2025": "under construction", "december_2025": "under construction" }, "geometry": { "type": "Polygon", "coordinates": [ [ [ 7.6877035, 45.0545323 ], [ 7.6877648, 45.0545085 ], [ 7.6876873, 45.0544089 ], [ 7.687626, 45.0544327 ], [ 7.6877035, 45.0545323 ] ] ] } },
{ "type": "Feature", "properties": { "osm_id": 914641497, "height": 9.0, "has_osm_height": false, "code": "N098", "name": "TO EXPO", "july_2020": "procedure in progress", "october_2021": "procedure in progress", "july_2022": "procedure in progress", "december_2022": "procedure in progress", "april_2024": "under construction", "february_2025": "under construction", "december_2025": "under construction" }, "geometry": { "type": "Polygon", "coordinates": [ [ [ 7.6814927, 45.0501821 ], [ 7.6815411, 45.0501838 ], [ 7.6807753, 45.0491289 ], [ 7.6807464, 45.04914 ], [ 7.6814927, 45.0501821 ] ] ] } },
{ "type": "Feature", "properties": { "osm_id": 914641498, "height": 9.0, "has_osm_height": false, "code": "N098", "name": "TO EXPO", "july_2020": "procedure in progress", "october_2021": "procedure in progress", "july_2022": "procedure in progress", "december_2022": "procedure in progress", "april_2024": "under construction", "february_2025": "under construction", "december_2025": "under construction" }, "geometry": { "type": "Polygon", "coordinates": [ [ [ 7.6807564, 45.0491096 ], [ 7.680455, 45.0487025 ], [ 7.6804368, 45.0487247 ], [ 7.6807283, 45.0491205 ], [ 7.6807564, 45.0491096 ] ] ] } },
{ "type": "Feature", "properties": { "osm_id": 915561380, "height": 9.0, "has_osm_height": false, "code": "N098", "name": "TO EXPO", "july_2020": "procedure in progress", "october_2021": "procedure in progress", "july_2022": "procedure in progress", "december_2022": "procedure in progress", "april_2024": "under construction", "february_2025": "under construction", "december_2025": "under construction" }, "geometry": { "type": "Polygon", "coordinates": [ [ [ 7.6850139, 45.0473776 ], [ 7.6850199, 45.0473542 ], [ 7.6849922, 45.0473345 ], [ 7.6849589, 45.0473448 ], [ 7.6849511, 45.0473695 ], [ 7.6849819, 45.047387 ], [ 7.6850139, 45.0473776 ] ] ] } },
{ "type": "Feature", "properties": { "osm_id": 915561408, "height": 9.0, "has_osm_height": false, "code": "N098", "name": "TO EXPO", "july_2020": "procedure in progress", "october_2021": "procedure in progress", "july_2022": "procedure in progress", "december_2022": "procedure in progress", "april_2024": "under construction", "february_2025": "under construction", "december_2025": "under construction" }, "geometry": { "type": "Polygon", "coordinates": [ [ [ 7.6860153, 45.0509904 ], [ 7.6860135, 45.0509681 ], [ 7.6860407, 45.0509508 ], [ 7.6860696, 45.0509594 ], [ 7.6860766, 45.0509799 ], [ 7.6860503, 45.0509972 ], [ 7.6860153, 45.0509904 ] ] ] } },
{ "type": "Feature", "properties": { "osm_id": 915561409, "height": 9.0, "has_osm_height": false, "code": "N098", "name": "TO EXPO", "july_2020": "procedure in progress", "october_2021": "procedure in progress", "july_2022": "procedure in progress", "december_2022": "procedure in progress", "april_2024": "under construction", "february_2025": "under construction", "december_2025": "under construction" }, "geometry": { "type": "Polygon", "coordinates": [ [ [ 7.6862416, 45.0518478 ], [ 7.6862358, 45.0518252 ], [ 7.6862602, 45.0518075 ], [ 7.6862925, 45.0518145 ], [ 7.6863034, 45.0518381 ], [ 7.6862743, 45.0518535 ], [ 7.6862416, 45.0518478 ] ] ] } },
{ "type": "Feature", "properties": { "osm_id": 915561410, "height": 9.0, "has_osm_height": false, "code": "N098", "name": "TO EXPO", "july_2020": "procedure in progress", "october_2021": "procedure in progress", "july_2022": "procedure in progress", "december_2022": "procedure in progress", "april_2024": "under construction", "february_2025": "under construction", "december_2025": "under construction" }, "geometry": { "type": "Polygon", "coordinates": [ [ [ 7.6858335, 45.0505814 ], [ 7.6858299, 45.0505578 ], [ 7.6858589, 45.0505418 ], [ 7.6858878, 45.0505504 ], [ 7.6858935, 45.0505738 ], [ 7.6858685, 45.0505882 ], [ 7.6858335, 45.0505814 ] ] ] } },
{ "type": "Feature", "properties": { "osm_id": 923780960, "height": 9.0, "has_osm_height": false, "code": "N098", "name": "TO EXPO", "july_2020": "procedure in progress", "october_2021": "procedure in progress", "july_2022": "procedure in progress", "december_2022": "procedure in progress", "april_2024": "under construction", "february_2025": "under construction", "december_2025": "under construction" }, "geometry": { "type": "Polygon", "coordinates": [ [ [ 7.6846007, 45.0526454 ], [ 7.6847743, 45.0525928 ], [ 7.6849416, 45.0525441 ], [ 7.6851155, 45.0528307 ], [ 7.6849502, 45.052878 ], [ 7.6847821, 45.052932 ], [ 7.6846007, 45.0526454 ] ] ] } },
{ "type": "Feature", "properties": { "osm_id": 923784268, "height": 3.2, "has_osm_height": true, "code": "N098", "name": "TO EXPO", "july_2020": "procedure in progress", "october_2021": "procedure in progress", "july_2022": "procedure in progress", "december_2022": "procedure in progress", "april_2024": "under construction", "february_2025": "under construction", "december_2025": "under construction" }, "geometry": { "type": "Polygon", "coordinates": [ [ [ 7.6845396, 45.0526871 ], [ 7.684562, 45.0527213 ], [ 7.6845271, 45.0527327 ], [ 7.6846248, 45.0528816 ], [ 7.6846935, 45.0528591 ], [ 7.6845735, 45.052676 ], [ 7.6845396, 45.0526871 ] ] ] } },
{ "type": "Feature", "properties": { "osm_id": 924348665, "height": 9.0, "has_osm_height": false, "code": "N098", "name": "TO EXPO", "july_2020": "procedure in progress", "october_2021": "procedure in progress", "july_2022": "procedure in progress", "december_2022": "procedure in progress", "april_2024": "under construction", "february_2025": "under construction", "december_2025": "under construction" }, "geometry": { "type": "Polygon", "coordinates": [ [ [ 7.684765, 45.0523265 ], [ 7.6846979, 45.0523493 ], [ 7.6847978, 45.0525128 ], [ 7.6848334, 45.0525699 ], [ 7.6850734, 45.0524934 ], [ 7.6850379, 45.0524397 ], [ 7.6849329, 45.0522716 ], [ 7.6848722, 45.0522909 ], [ 7.684765, 45.0523265 ] ] ] } },
{ "type": "Feature", "properties": { "osm_id": 946757665, "height": 9.0, "has_osm_height": false, "code": "N089", "name": "PRONDA", "july_2020": "procedure in progress", "october_2021": "procedure in progress", "july_2022": "procedure in progress", "december_2022": "procedure in progress", "april_2024": "procedure in progress", "february_2025": "procedure in progress", "december_2025": "on hold" }, "geometry": { "type": "Polygon", "coordinates": [ [ [ 7.62237, 45.0646472 ], [ 7.6224356, 45.0646451 ], [ 7.622439, 45.0646996 ], [ 7.6225224, 45.0647541 ], [ 7.6224466, 45.0648527 ], [ 7.6223371, 45.0648108 ], [ 7.6223525, 45.0647907 ], [ 7.6223769, 45.064759 ], [ 7.62237, 45.0646472 ] ] ] } },
{ "type": "Feature", "properties": { "osm_id": 946757666, "height": 9.0, "has_osm_height": false, "code": "N089", "name": "PRONDA", "july_2020": "procedure in progress", "october_2021": "procedure in progress", "july_2022": "procedure in progress", "december_2022": "procedure in progress", "april_2024": "procedure in progress", "february_2025": "procedure in progress", "december_2025": "on hold" }, "geometry": { "type": "Polygon", "coordinates": [ [ [ 7.6219744, 45.0650261 ], [ 7.6219654, 45.0650085 ], [ 7.6219308, 45.064941 ], [ 7.6217774, 45.0649803 ], [ 7.621821, 45.0650653 ], [ 7.6219744, 45.0650261 ] ] ] } },
{ "type": "Feature", "properties": { "osm_id": 946757668, "height": 9.0, "has_osm_height": false, "code": "N089", "name": "PRONDA", "july_2020": "procedure in progress", "october_2021": "procedure in progress", "july_2022": "procedure in progress", "december_2022": "procedure in progress", "april_2024": "procedure in progress", "february_2025": "procedure in progress", "december_2025": "on hold" }, "geometry": { "type": "Polygon", "coordinates": [ [ [ 7.6209209, 45.0646989 ], [ 7.6209043, 45.0645788 ], [ 7.6210607, 45.0645706 ], [ 7.6210708, 45.0646195 ], [ 7.6210813, 45.0646695 ], [ 7.6210851, 45.0646919 ], [ 7.6209209, 45.0646989 ] ] ] } },
{ "type": "Feature", "properties": { "osm_id": 946757669, "height": 9.0, "has_osm_height": false, "code": "N089", "name": "PRONDA", "july_2020": "procedure in progress", "october_2021": "procedure in progress", "july_2022": "procedure in progress", "december_2022": "procedure in progress", "april_2024": "procedure in progress", "february_2025": "procedure in progress", "december_2025": "on hold" }, "geometry": { "type": "Polygon", "coordinates": [ [ [ 7.6210708, 45.0646195 ], [ 7.6211842, 45.0646088 ], [ 7.6211932, 45.0646601 ], [ 7.621148, 45.0646639 ], [ 7.6210813, 45.0646695 ], [ 7.6210708, 45.0646195 ] ] ] } },
{ "type": "Feature", "properties": { "osm_id": 946757670, "height": 9.0, "has_osm_height": false, "code": "N089", "name": "PRONDA", "july_2020": "procedure in progress", "october_2021": "procedure in progress", "july_2022": "procedure in progress", "december_2022": "procedure in progress", "april_2024": "procedure in progress", "february_2025": "procedure in progress", "december_2025": "on hold" }, "geometry": { "type": "Polygon", "coordinates": [ [ [ 7.6210851, 45.0646919 ], [ 7.6211533, 45.0646918 ], [ 7.621148, 45.0646639 ], [ 7.6210813, 45.0646695 ], [ 7.6210851, 45.0646919 ] ] ] } },
{ "type": "Feature", "properties": { "osm_id": 946757675, "height": 9.0, "has_osm_height": false, "code": "N089", "name": "PRONDA", "july_2020": "procedure in progress", "october_2021": "procedure in progress", "july_2022": "procedure in progress", "december_2022": "procedure in progress", "april_2024": "procedure in progress", "february_2025": "procedure in progress", "december_2025": "on hold" }, "geometry": { "type": "Polygon", "coordinates": [ [ [ 7.6218837, 45.0647597 ], [ 7.6220052, 45.0647542 ], [ 7.6219869, 45.0646449 ], [ 7.6220564, 45.0646416 ], [ 7.6220795, 45.064796 ], [ 7.6218978, 45.0648062 ], [ 7.6218837, 45.0647597 ] ] ] } },
{ "type": "Feature", "properties": { "osm_id": 946757677, "height": 9.0, "has_osm_height": false, "code": "N089", "name": "PRONDA", "july_2020": "procedure in progress", "october_2021": "procedure in progress", "july_2022": "procedure in progress", "december_2022": "procedure in progress", "april_2024": "procedure in progress", "february_2025": "procedure in progress", "december_2025": "on hold" }, "geometry": { "type": "Polygon", "coordinates": [ [ [ 7.6218978, 45.0648062 ], [ 7.6219308, 45.064941 ], [ 7.6219654, 45.0650085 ], [ 7.6221267, 45.0650004 ], [ 7.6220995, 45.0649782 ], [ 7.6220795, 45.064796 ], [ 7.6218978, 45.0648062 ] ] ] } },
{ "type": "Feature", "properties": { "osm_id": 946887999, "height": 9.0, "has_osm_height": false, "code": "N089", "name": "PRONDA", "july_2020": "procedure in progress", "october_2021": "procedure in progress", "july_2022": "procedure in progress", "december_2022": "procedure in progress", "april_2024": "procedure in progress", "february_2025": "procedure in progress", "december_2025": "on hold" }, "geometry": { "type": "Polygon", "coordinates": [ [ [ 7.6206012, 45.0672007 ], [ 7.6206356, 45.0671591 ], [ 7.6206132, 45.0671498 ], [ 7.6205525, 45.0671248 ], [ 7.6205276, 45.0671146 ], [ 7.620494, 45.0671562 ], [ 7.620517, 45.067166 ], [ 7.6205924, 45.0671971 ], [ 7.6206012, 45.0672007 ] ] ] } },
{ "type": "Feature", "properties": { "osm_id": 946894640, "height": 9.0, "has_osm_height": false, "code": "N089", "name": "PRONDA", "july_2020": "procedure in progress", "october_2021": "procedure in progress", "july_2022": "procedure in progress", "december_2022": "procedure in progress", "april_2024": "procedure in progress", "february_2025": "procedure in progress", "december_2025": "on hold" }, "geometry": { "type": "Polygon", "coordinates": [ [ [ 7.620699, 45.067095 ], [ 7.6207867, 45.0671281 ], [ 7.6208285, 45.0670788 ], [ 7.62074, 45.0670429 ], [ 7.620699, 45.067095 ] ] ] } },
{ "type": "Feature", "properties": { "osm_id": 993911444, "height": 9.0, "has_osm_height": false, "code": "N098", "name": "TO EXPO", "july_2020": "procedure in progress", "october_2021": "procedure in progress", "july_2022": "procedure in progress", "december_2022": "procedure in progress", "april_2024": "under construction", "february_2025": "under construction", "december_2025": "under construction" }, "geometry": { "type": "Polygon", "coordinates": [ [ [ 7.6836377, 45.0520214 ], [ 7.6837043, 45.0519646 ], [ 7.6839926, 45.0518867 ], [ 7.6842383, 45.0517043 ], [ 7.6842895, 45.0516828 ], [ 7.6836824, 45.0510151 ], [ 7.6832474, 45.0505834 ], [ 7.6831596, 45.0506071 ], [ 7.682875, 45.0506749 ], [ 7.6828208, 45.0507165 ], [ 7.6826285, 45.0508643 ], [ 7.6825493, 45.0509025 ], [ 7.6826755, 45.0510322 ], [ 7.6835485, 45.0519297 ], [ 7.6836377, 45.0520214 ] ] ] } },
{ "type": "Feature", "properties": { "osm_id": 996244503, "height": 9.0, "has_osm_height": false, "code": "N097", "name": "TNE B", "july_2020": "procedure in progress", "october_2021": "procedure in progress", "july_2022": "procedure in progress", "december_2022": "procedure in progress", "april_2024": "under construction", "february_2025": "under construction", "december_2025": "under construction" }, "geometry": { "type": "Polygon", "coordinates": [ [ [ 7.6124705, 45.0308239 ], [ 7.6124462, 45.0306328 ], [ 7.6131053, 45.0305836 ], [ 7.6130972, 45.0305034 ], [ 7.6132818, 45.0304886 ], [ 7.6133207, 45.0307644 ], [ 7.6124705, 45.0308239 ] ] ] } },
{ "type": "Feature", "properties": { "osm_id": 1003906949, "height": 3.2, "has_osm_height": true, "code": "N098", "name": "TO EXPO", "july_2020": "procedure in progress", "october_2021": "procedure in progress", "july_2022": "procedure in progress", "december_2022": "procedure in progress", "april_2024": "under construction", "february_2025": "under construction", "december_2025": "under construction" }, "geometry": { "type": "Polygon", "coordinates": [ [ [ 7.6857386, 45.0547019 ], [ 7.6858981, 45.054924 ], [ 7.6858208, 45.0549508 ], [ 7.68574, 45.0548334 ], [ 7.6856655, 45.0547251 ], [ 7.6857386, 45.0547019 ] ] ] } },
{ "type": "Feature", "properties": { "osm_id": 1003906951, "height": 3.2, "has_osm_height": true, "code": "N098", "name": "TO EXPO", "july_2020": "procedure in progress", "october_2021": "procedure in progress", "july_2022": "procedure in progress", "december_2022": "procedure in progress", "april_2024": "under construction", "february_2025": "under construction", "december_2025": "under construction" }, "geometry": { "type": "Polygon", "coordinates": [ [ [ 7.6871147, 45.0547545 ], [ 7.6871953, 45.05488 ], [ 7.6873269, 45.0548379 ], [ 7.6872463, 45.0547124 ], [ 7.6871147, 45.0547545 ] ] ] } },
{ "type": "Feature", "properties": { "osm_id": 1003906952, "height": 3.2, "has_osm_height": true, "code": "N098", "name": "TO EXPO", "july_2020": "procedure in progress", "october_2021": "procedure in progress", "july_2022": "procedure in progress", "december_2022": "procedure in progress", "april_2024": "under construction", "february_2025": "under construction", "december_2025": "under construction" }, "geometry": { "type": "Polygon", "coordinates": [ [ [ 7.6870407, 45.0544155 ], [ 7.6871171, 45.0545351 ], [ 7.6869995, 45.0545726 ], [ 7.686923, 45.054453 ], [ 7.6870407, 45.0544155 ] ] ] } },
{ "type": "Feature", "properties": { "osm_id": 1057707325, "height": 9.0, "has_osm_height": false, "code": "N098", "name": "TO EXPO", "july_2020": "procedure in progress", "october_2021": "procedure in progress", "july_2022": "procedure in progress", "december_2022": "procedure in progress", "april_2024": "under construction", "february_2025": "under construction", "december_2025": "under construction" }, "geometry": { "type": "Polygon", "coordinates": [ [ [ 7.6859674, 45.0546988 ], [ 7.6860062, 45.054764 ], [ 7.6859497, 45.0547808 ], [ 7.6859109, 45.0547155 ], [ 7.6859674, 45.0546988 ] ] ] } },
{ "type": "Feature", "properties": { "osm_id": 1057707329, "height": 9.0, "has_osm_height": false, "code": "N098", "name": "TO EXPO", "july_2020": "procedure in progress", "october_2021": "procedure in progress", "july_2022": "procedure in progress", "december_2022": "procedure in progress", "april_2024": "under construction", "february_2025": "under construction", "december_2025": "under construction" }, "geometry": { "type": "Polygon", "coordinates": [ [ [ 7.6854122, 45.0553164 ], [ 7.6855979, 45.0552505 ], [ 7.6855538, 45.0551884 ], [ 7.6856074, 45.0551694 ], [ 7.6855428, 45.0550785 ], [ 7.6855133, 45.0550889 ], [ 7.6854423, 45.054989 ], [ 7.685395, 45.0550058 ], [ 7.6853322, 45.0549174 ], [ 7.685084, 45.0550054 ], [ 7.6853015, 45.0553115 ], [ 7.6853871, 45.0552811 ], [ 7.6854122, 45.0553164 ] ] ] } },
{ "type": "Feature", "properties": { "osm_id": 1057707330, "height": 9.0, "has_osm_height": false, "code": "N098", "name": "TO EXPO", "july_2020": "procedure in progress", "october_2021": "procedure in progress", "july_2022": "procedure in progress", "december_2022": "procedure in progress", "april_2024": "under construction", "february_2025": "under construction", "december_2025": "under construction" }, "geometry": { "type": "Polygon", "coordinates": [ [ [ 7.6856394, 45.0553241 ], [ 7.6856671, 45.0553695 ], [ 7.6856168, 45.0553848 ], [ 7.685589, 45.0553394 ], [ 7.6856394, 45.0553241 ] ] ] } },
{ "type": "Feature", "properties": { "osm_id": 1057707344, "height": 9.0, "has_osm_height": false, "code": "N098", "name": "TO EXPO", "july_2020": "procedure in progress", "october_2021": "procedure in progress", "july_2022": "procedure in progress", "december_2022": "procedure in progress", "april_2024": "under construction", "february_2025": "under construction", "december_2025": "under construction" }, "geometry": { "type": "Polygon", "coordinates": [ [ [ 7.6871157, 45.0577609 ], [ 7.6872985, 45.0580282 ], [ 7.6873295, 45.0580176 ], [ 7.6873571, 45.058058 ], [ 7.687476, 45.0580175 ], [ 7.6874524, 45.0579829 ], [ 7.687522, 45.0579591 ], [ 7.6874767, 45.0578929 ], [ 7.687616, 45.0578454 ], [ 7.6875217, 45.0577075 ], [ 7.6873705, 45.0577591 ], [ 7.6873233, 45.05769 ], [ 7.6871157, 45.0577609 ] ] ] } },
{ "type": "Feature", "properties": { "osm_id": 1057707359, "height": 9.0, "has_osm_height": false, "code": "N098", "name": "TO EXPO", "july_2020": "procedure in progress", "october_2021": "procedure in progress", "july_2022": "procedure in progress", "december_2022": "procedure in progress", "april_2024": "under construction", "february_2025": "under construction", "december_2025": "under construction" }, "geometry": { "type": "Polygon", "coordinates": [ [ [ 7.684184, 45.0531193 ], [ 7.6842032, 45.0531015 ], [ 7.6841908, 45.0530778 ], [ 7.6841563, 45.0530756 ], [ 7.6841357, 45.053091 ], [ 7.6841505, 45.0531172 ], [ 7.684184, 45.0531193 ] ] ] } },
{ "type": "Feature", "properties": { "osm_id": 1057905854, "height": 9.0, "has_osm_height": false, "code": "N098", "name": "TO EXPO", "july_2020": "procedure in progress", "october_2021": "procedure in progress", "july_2022": "procedure in progress", "december_2022": "procedure in progress", "april_2024": "under construction", "february_2025": "under construction", "december_2025": "under construction" }, "geometry": { "type": "Polygon", "coordinates": [ [ [ 7.6881216, 45.0550599 ], [ 7.688178, 45.0550423 ], [ 7.6880522, 45.0548573 ], [ 7.687999, 45.0548729 ], [ 7.6881216, 45.0550599 ] ] ] } },
{ "type": "Feature", "properties": { "osm_id": 1058009422, "height": 3.2, "has_osm_height": true, "code": "N098", "name": "TO EXPO", "july_2020": "procedure in progress", "october_2021": "procedure in progress", "july_2022": "procedure in progress", "december_2022": "procedure in progress", "april_2024": "under construction", "february_2025": "under construction", "december_2025": "under construction" }, "geometry": { "type": "Polygon", "coordinates": [ [ [ 7.6880864, 45.0552742 ], [ 7.6881154, 45.055263 ], [ 7.6881176, 45.0552381 ], [ 7.6880892, 45.0552253 ], [ 7.6880569, 45.0552353 ], [ 7.6880535, 45.0552605 ], [ 7.6880864, 45.0552742 ] ] ] } },
{ "type": "Feature", "properties": { "osm_id": 1078499512, "height": 9.0, "has_osm_height": false, "code": "N098", "name": "TO EXPO", "july_2020": "procedure in progress", "october_2021": "procedure in progress", "july_2022": "procedure in progress", "december_2022": "procedure in progress", "april_2024": "under construction", "february_2025": "under construction", "december_2025": "under construction" }, "geometry": { "type": "Polygon", "coordinates": [ [ [ 7.6886137, 45.0554443 ], [ 7.6886698, 45.0554183 ], [ 7.6886954, 45.0554064 ], [ 7.6886107, 45.0553153 ], [ 7.6885727, 45.0553329 ], [ 7.688529, 45.0553532 ], [ 7.6886137, 45.0554443 ] ] ] } },
{ "type": "Feature", "properties": { "osm_id": 1078499513, "height": 9.0, "has_osm_height": false, "code": "N098", "name": "TO EXPO", "july_2020": "procedure in progress", "october_2021": "procedure in progress", "july_2022": "procedure in progress", "december_2022": "procedure in progress", "april_2024": "under construction", "february_2025": "under construction", "december_2025": "under construction" }, "geometry": { "type": "Polygon", "coordinates": [ [ [ 7.6887893, 45.0555764 ], [ 7.6888514, 45.0555471 ], [ 7.6887761, 45.0554675 ], [ 7.6887352, 45.0554869 ], [ 7.688714, 45.0554969 ], [ 7.6887893, 45.0555764 ] ] ] } },
{ "type": "Feature", "properties": { "osm_id": 1193870931, "height": 9.0, "has_osm_height": false, "code": "N098", "name": "TO EXPO", "july_2020": "procedure in progress", "october_2021": "procedure in progress", "july_2022": "procedure in progress", "december_2022": "procedure in progress", "april_2024": "under construction", "february_2025": "under construction", "december_2025": "under construction" }, "geometry": { "type": "Polygon", "coordinates": [ [ [ 7.6859415, 45.0507629 ], [ 7.6859379, 45.0507393 ], [ 7.6859669, 45.0507233 ], [ 7.6859958, 45.0507319 ], [ 7.6860015, 45.0507553 ], [ 7.6859765, 45.0507697 ], [ 7.6859415, 45.0507629 ] ] ] } },
{ "type": "Feature", "properties": { "osm_id": 1238803608, "height": 9.0, "has_osm_height": false, "code": "N097", "name": "TNE B", "july_2020": "procedure in progress", "october_2021": "procedure in progress", "july_2022": "procedure in progress", "december_2022": "procedure in progress", "april_2024": "under construction", "february_2025": "under construction", "december_2025": "under construction" }, "geometry": { "type": "Polygon", "coordinates": [ [ [ 7.6095408, 45.0293933 ], [ 7.6096269, 45.0295084 ], [ 7.6101548, 45.0293112 ], [ 7.6100687, 45.029196 ], [ 7.6095408, 45.0293933 ] ] ] } },
{ "type": "Feature", "properties": { "osm_id": 1263780696, "height": 9.0, "has_osm_height": false, "code": "N096", "name": "TNE C", "july_2020": "procedure in progress", "october_2021": "procedure in progress", "july_2022": "procedure in progress", "december_2022": "procedure in progress", "april_2024": "procedure in progress", "february_2025": "procedure in progress", "december_2025": "procedure in progress" }, "geometry": { "type": "Polygon", "coordinates": [ [ [ 7.6079252, 45.0240777 ], [ 7.6090049, 45.0236706 ], [ 7.6106498, 45.0258497 ], [ 7.6095701, 45.0262568 ], [ 7.6079252, 45.0240777 ] ] ] } },
{ "type": "Feature", "properties": { "osm_id": 1312576602, "height": 9.0, "has_osm_height": false, "code": "N093", "name": "SANGONE", "july_2020": "procedure in progress", "october_2021": "procedure in progress", "july_2022": "procedure in progress", "december_2022": "procedure in progress", "april_2024": "procedure in progress", "february_2025": "procedure in progress", "december_2025": "under construction" }, "geometry": { "type": "Polygon", "coordinates": [ [ [ 7.6283755, 45.0098447 ], [ 7.6283468, 45.0097932 ], [ 7.6284203, 45.0097728 ], [ 7.628449, 45.0098242 ], [ 7.6283755, 45.0098447 ] ] ] } },
{ "type": "Feature", "properties": { "osm_id": 1312576603, "height": 9.0, "has_osm_height": false, "code": "N093", "name": "SANGONE", "july_2020": "procedure in progress", "october_2021": "procedure in progress", "july_2022": "procedure in progress", "december_2022": "procedure in progress", "april_2024": "procedure in progress", "february_2025": "procedure in progress", "december_2025": "under construction" }, "geometry": { "type": "Polygon", "coordinates": [ [ [ 7.6280527, 45.0100107 ], [ 7.6281079, 45.0101112 ], [ 7.6281468, 45.0100998 ], [ 7.6280916, 45.0099992 ], [ 7.6280527, 45.0100107 ] ] ] } },
{ "type": "Feature", "properties": { "osm_id": 1315687610, "height": 9.0, "has_osm_height": false, "code": "N098", "name": "TO EXPO", "july_2020": "procedure in progress", "october_2021": "procedure in progress", "july_2022": "procedure in progress", "december_2022": "procedure in progress", "april_2024": "under construction", "february_2025": "under construction", "december_2025": "under construction" }, "geometry": { "type": "Polygon", "coordinates": [ [ [ 7.6840077, 45.0512 ], [ 7.6839965, 45.051194 ], [ 7.6839563, 45.0511419 ], [ 7.6839507, 45.05113 ], [ 7.6840469, 45.0510918 ], [ 7.6840591, 45.0510977 ], [ 7.6841104, 45.0511597 ], [ 7.6841058, 45.0511663 ], [ 7.6840077, 45.0512 ] ] ] } },
{ "type": "Feature", "properties": { "osm_id": 1333489064, "height": 3.2, "has_osm_height": true, "code": "N086", "name": "CASCINETTE", "july_2020": "procedure in progress", "october_2021": "procedure in progress", "july_2022": "procedure in progress", "december_2022": "under construction", "april_2024": "completed", "february_2025": "completed", "december_2025": "completed" }, "geometry": { "type": "Polygon", "coordinates": [ [ [ 7.715356, 45.1184594 ], [ 7.7153209, 45.1184338 ], [ 7.7157116, 45.1177666 ], [ 7.718722, 45.1186343 ], [ 7.7186164, 45.1188243 ], [ 7.7185889, 45.1188493 ], [ 7.7185692, 45.1188618 ], [ 7.7185368, 45.1188729 ], [ 7.7183569, 45.1188722 ], [ 7.7182065, 45.118859 ], [ 7.717827, 45.1188229 ], [ 7.7175733, 45.1187827 ], [ 7.717361, 45.1187418 ], [ 7.7170887, 45.1186772 ], [ 7.716723, 45.1185808 ], [ 7.7163553, 45.1184691 ], [ 7.7158539, 45.1183207 ], [ 7.7156681, 45.1183137 ], [ 7.7155717, 45.1183283 ], [ 7.7154616, 45.1184046 ], [ 7.715356, 45.1184594 ] ] ] } },
{ "type": "Feature", "properties": { "osm_id": 1333489065, "height": 3.2, "has_osm_height": true, "code": "N086", "name": "CASCINETTE", "july_2020": "procedure in progress", "october_2021": "procedure in progress", "july_2022": "procedure in progress", "december_2022": "under construction", "april_2024": "completed", "february_2025": "completed", "december_2025": "completed" }, "geometry": { "type": "Polygon", "coordinates": [ [ [ 7.7181858, 45.1194482 ], [ 7.7182324, 45.1194397 ], [ 7.7182535, 45.1194238 ], [ 7.7184232, 45.1191312 ], [ 7.7184263, 45.1191036 ], [ 7.7184067, 45.1190781 ], [ 7.7182865, 45.1190378 ], [ 7.7181167, 45.1189891 ], [ 7.7179124, 45.1189551 ], [ 7.7176885, 45.1189403 ], [ 7.7174541, 45.1189424 ], [ 7.7173144, 45.1189509 ], [ 7.7171386, 45.1189636 ], [ 7.7170379, 45.1189615 ], [ 7.7169312, 45.1189414 ], [ 7.7167509, 45.1188693 ], [ 7.7165571, 45.1187728 ], [ 7.7162941, 45.118619 ], [ 7.7161514, 45.1185565 ], [ 7.715956, 45.1185003 ], [ 7.7158223, 45.1184833 ], [ 7.7157562, 45.1184971 ], [ 7.7155924, 45.1185639 ], [ 7.7154692, 45.1186349 ], [ 7.7154527, 45.1186678 ], [ 7.7154963, 45.1187738 ], [ 7.7155534, 45.1188396 ], [ 7.7155909, 45.1188576 ], [ 7.7156465, 45.1188629 ], [ 7.7157397, 45.1188735 ], [ 7.7158734, 45.1189011 ], [ 7.7160657, 45.1189594 ], [ 7.7163993, 45.1190644 ], [ 7.7167885, 45.1191778 ], [ 7.7171325, 45.1192669 ], [ 7.7174841, 45.1193337 ], [ 7.7178718, 45.1193962 ], [ 7.7181858, 45.1194482 ] ] ] } },
{ "type": "Feature", "properties": { "osm_id": 1333489066, "height": 9.0, "has_osm_height": false, "code": "N086", "name": "CASCINETTE", "july_2020": "procedure in progress", "october_2021": "procedure in progress", "july_2022": "procedure in progress", "december_2022": "under construction", "april_2024": "completed", "february_2025": "completed", "december_2025": "completed" }, "geometry": { "type": "Polygon", "coordinates": [ [ [ 7.7146186, 45.1191328 ], [ 7.7150347, 45.1192533 ], [ 7.7151312, 45.1192257 ], [ 7.7153034, 45.1189165 ], [ 7.7152786, 45.118794 ], [ 7.7151742, 45.118817 ], [ 7.7151286, 45.1188244 ], [ 7.7150086, 45.1189938 ], [ 7.7149186, 45.1190426 ], [ 7.7148794, 45.1190315 ], [ 7.7148077, 45.119038 ], [ 7.714766, 45.1190122 ], [ 7.7146003, 45.1190453 ], [ 7.7146186, 45.1191328 ] ] ] } },
{ "type": "Feature", "properties": { "osm_id": 1333489067, "height": 9.0, "has_osm_height": false, "code": "N086", "name": "CASCINETTE", "july_2020": "procedure in progress", "october_2021": "procedure in progress", "july_2022": "procedure in progress", "december_2022": "under construction", "april_2024": "completed", "february_2025": "completed", "december_2025": "completed" }, "geometry": { "type": "Polygon", "coordinates": [ [ [ 7.7146251, 45.1188115 ], [ 7.7149981, 45.1185105 ], [ 7.7149107, 45.1183697 ], [ 7.7148403, 45.1183531 ], [ 7.714612, 45.1187812 ], [ 7.7146251, 45.1188115 ] ] ] } },
{ "type": "Feature", "properties": { "osm_id": 1337206107, "height": 9.0, "has_osm_height": false, "code": "N090", "name": "ROMANIA 1", "july_2020": "procedure in progress", "october_2021": "procedure in progress", "july_2022": "procedure in progress", "december_2022": "under construction", "april_2024": "completed", "february_2025": "completed", "december_2025": "completed" }, "geometry": { "type": "Polygon", "coordinates": [ [ [ 7.7186756, 45.1196189 ], [ 7.7187696, 45.119652 ], [ 7.7194325, 45.1198332 ], [ 7.7197144, 45.1200013 ], [ 7.7198621, 45.1200795 ], [ 7.7199141, 45.1200913 ], [ 7.7199561, 45.1200854 ], [ 7.7199762, 45.1200653 ], [ 7.7200148, 45.1199966 ], [ 7.7200467, 45.119832 ], [ 7.7200467, 45.1197917 ], [ 7.7200333, 45.119761 ], [ 7.7199964, 45.1197432 ], [ 7.7198118, 45.1196923 ], [ 7.7197933, 45.1196177 ], [ 7.7195835, 45.1195703 ], [ 7.7194207, 45.119504 ], [ 7.719315, 45.1195419 ], [ 7.719023, 45.1194176 ], [ 7.7188753, 45.1193773 ], [ 7.7188401, 45.1193714 ], [ 7.7188149, 45.119382 ], [ 7.7186605, 45.1195727 ], [ 7.7186538, 45.1195987 ], [ 7.7186756, 45.1196189 ] ] ] } },
{ "type": "Feature", "properties": { "osm_id": 1337206108, "height": 9.0, "has_osm_height": false, "code": "N090", "name": "ROMANIA 1", "july_2020": "procedure in progress", "october_2021": "procedure in progress", "july_2022": "procedure in progress", "december_2022": "under construction", "april_2024": "completed", "february_2025": "completed", "december_2025": "completed" }, "geometry": { "type": "Polygon", "coordinates": [ [ [ 7.7190213, 45.1187757 ], [ 7.7189559, 45.1188788 ], [ 7.7189509, 45.1189001 ], [ 7.7190398, 45.1189723 ], [ 7.7190398, 45.1190943 ], [ 7.719023, 45.119176 ], [ 7.7190012, 45.1192305 ], [ 7.7190029, 45.1192506 ], [ 7.7190213, 45.1192672 ], [ 7.7190952, 45.1192897 ], [ 7.7190767, 45.1193098 ], [ 7.7200769, 45.1195845 ], [ 7.7201575, 45.1196177 ], [ 7.7202061, 45.1196449 ], [ 7.7202313, 45.1196757 ], [ 7.720238, 45.1197219 ], [ 7.7202078, 45.1198687 ], [ 7.7201323, 45.1199978 ], [ 7.7201256, 45.1200215 ], [ 7.7201189, 45.1200558 ], [ 7.7201071, 45.1202808 ], [ 7.7201558, 45.1202844 ], [ 7.7201575, 45.1203507 ], [ 7.7201323, 45.1204347 ], [ 7.7201323, 45.1204537 ], [ 7.7203118, 45.1207225 ], [ 7.7204495, 45.1206751 ], [ 7.7211358, 45.1195064 ], [ 7.7211459, 45.1193216 ], [ 7.7210653, 45.1192956 ], [ 7.7210452, 45.1193276 ], [ 7.7208606, 45.1192683 ], [ 7.7207968, 45.1193726 ], [ 7.7202665, 45.119208 ], [ 7.720327, 45.1191026 ], [ 7.7195584, 45.1188693 ], [ 7.7195349, 45.1189119 ], [ 7.7190213, 45.1187757 ] ] ] } },
{ "type": "Feature", "properties": { "osm_id": 1373306365, "height": 9.0, "has_osm_height": false, "code": "N098", "name": "TO EXPO", "july_2020": "procedure in progress", "october_2021": "procedure in progress", "july_2022": "procedure in progress", "december_2022": "procedure in progress", "april_2024": "under construction", "february_2025": "under construction", "december_2025": "under construction" }, "geometry": { "type": "Polygon", "coordinates": [ [ [ 7.6890994, 45.0564935 ], [ 7.6890807, 45.056376 ], [ 7.6893838, 45.0563419 ], [ 7.6893999, 45.0564594 ], [ 7.6890994, 45.0564935 ] ] ] } },
{ "type": "Feature", "properties": { "osm_id": 1418357264, "height": 9.0, "has_osm_height": false, "code": "N089", "name": "PRONDA", "july_2020": "procedure in progress", "october_2021": "procedure in progress", "july_2022": "procedure in progress", "december_2022": "procedure in progress", "april_2024": "procedure in progress", "february_2025": "procedure in progress", "december_2025": "on hold" }, "geometry": { "type": "Polygon", "coordinates": [ [ [ 7.6203022, 45.0649169 ], [ 7.6196448, 45.0650596 ], [ 7.6194451, 45.0651053 ], [ 7.619355, 45.064842 ], [ 7.6202638, 45.0647492 ], [ 7.6202794, 45.0648176 ], [ 7.6203022, 45.0649169 ] ] ] } },
{ "type": "Feature", "properties": { "osm_id": 1418358178, "height": 9.0, "has_osm_height": false, "code": "N089", "name": "PRONDA", "july_2020": "procedure in progress", "october_2021": "procedure in progress", "july_2022": "procedure in progress", "december_2022": "procedure in progress", "april_2024": "procedure in progress", "february_2025": "procedure in progress", "december_2025": "on hold" }, "geometry": { "type": "Polygon", "coordinates": [ [ [ 7.6194451, 45.0651053 ], [ 7.6193253, 45.0651258 ], [ 7.6192351, 45.0648625 ], [ 7.619355, 45.064842 ], [ 7.6194451, 45.0651053 ] ] ] } },
{ "type": "Feature", "properties": { "osm_id": 1418358179, "height": 9.0, "has_osm_height": false, "code": "N089", "name": "PRONDA", "july_2020": "procedure in progress", "october_2021": "procedure in progress", "july_2022": "procedure in progress", "december_2022": "procedure in progress", "april_2024": "procedure in progress", "february_2025": "procedure in progress", "december_2025": "on hold" }, "geometry": { "type": "Polygon", "coordinates": [ [ [ 7.6194451, 45.0651053 ], [ 7.6193253, 45.0651258 ], [ 7.6193531, 45.0652012 ], [ 7.6194634, 45.0651789 ], [ 7.6194451, 45.0651053 ] ] ] } },
{ "type": "Feature", "properties": { "osm_id": 1418604989, "height": 9.0, "has_osm_height": false, "code": "N089", "name": "PRONDA", "july_2020": "procedure in progress", "october_2021": "procedure in progress", "july_2022": "procedure in progress", "december_2022": "procedure in progress", "april_2024": "procedure in progress", "february_2025": "procedure in progress", "december_2025": "on hold" }, "geometry": { "type": "Polygon", "coordinates": [ [ [ 7.6181196, 45.0666048 ], [ 7.6181224, 45.0665788 ], [ 7.6182159, 45.0665839 ], [ 7.618213, 45.0666098 ], [ 7.6181196, 45.0666048 ] ] ] } },
{ "type": "Feature", "properties": { "osm_id": 1418604990, "height": 9.0, "has_osm_height": false, "code": "N089", "name": "PRONDA", "july_2020": "procedure in progress", "october_2021": "procedure in progress", "july_2022": "procedure in progress", "december_2022": "procedure in progress", "april_2024": "procedure in progress", "february_2025": "procedure in progress", "december_2025": "on hold" }, "geometry": { "type": "Polygon", "coordinates": [ [ [ 7.6181224, 45.0665788 ], [ 7.6182159, 45.0665839 ], [ 7.6185011, 45.0665993 ], [ 7.6185101, 45.0665164 ], [ 7.6182269, 45.0665011 ], [ 7.6181313, 45.0664959 ], [ 7.6181224, 45.0665788 ] ] ] } },
{ "type": "Feature", "properties": { "osm_id": 1418604991, "height": 9.0, "has_osm_height": false, "code": "N089", "name": "PRONDA", "july_2020": "procedure in progress", "october_2021": "procedure in progress", "july_2022": "procedure in progress", "december_2022": "procedure in progress", "april_2024": "procedure in progress", "february_2025": "procedure in progress", "december_2025": "on hold" }, "geometry": { "type": "Polygon", "coordinates": [ [ [ 7.6181313, 45.0664959 ], [ 7.6181357, 45.0664449 ], [ 7.6182317, 45.0664494 ], [ 7.6182269, 45.0665011 ], [ 7.6181313, 45.0664959 ] ] ] } },
{ "type": "Feature", "properties": { "osm_id": 1418604992, "height": 9.0, "has_osm_height": false, "code": "N089", "name": "PRONDA", "july_2020": "procedure in progress", "october_2021": "procedure in progress", "july_2022": "procedure in progress", "december_2022": "procedure in progress", "april_2024": "procedure in progress", "february_2025": "procedure in progress", "december_2025": "on hold" }, "geometry": { "type": "Polygon", "coordinates": [ [ [ 7.6181357, 45.0664449 ], [ 7.6181403, 45.0663921 ], [ 7.6182368, 45.0663965 ], [ 7.6182317, 45.0664494 ], [ 7.6181357, 45.0664449 ] ] ] } },
{ "type": "Feature", "properties": { "osm_id": 1418604993, "height": 9.0, "has_osm_height": false, "code": "N089", "name": "PRONDA", "july_2020": "procedure in progress", "october_2021": "procedure in progress", "july_2022": "procedure in progress", "december_2022": "procedure in progress", "april_2024": "procedure in progress", "february_2025": "procedure in progress", "december_2025": "on hold" }, "geometry": { "type": "Polygon", "coordinates": [ [ [ 7.6181403, 45.0663921 ], [ 7.618144, 45.0663383 ], [ 7.6182426, 45.0663425 ], [ 7.6182368, 45.0663965 ], [ 7.6181403, 45.0663921 ] ] ] } },
{ "type": "Feature", "properties": { "osm_id": 1418604994, "height": 9.0, "has_osm_height": false, "code": "N089", "name": "PRONDA", "july_2020": "procedure in progress", "october_2021": "procedure in progress", "july_2022": "procedure in progress", "december_2022": "procedure in progress", "april_2024": "procedure in progress", "february_2025": "procedure in progress", "december_2025": "on hold" }, "geometry": { "type": "Polygon", "coordinates": [ [ [ 7.618144, 45.0663383 ], [ 7.6181488, 45.066281 ], [ 7.6182474, 45.0662851 ], [ 7.6182426, 45.0663425 ], [ 7.618144, 45.0663383 ] ] ] } },
{ "type": "Feature", "properties": { "osm_id": 1418604995, "height": 9.0, "has_osm_height": false, "code": "N089", "name": "PRONDA", "july_2020": "procedure in progress", "october_2021": "procedure in progress", "july_2022": "procedure in progress", "december_2022": "procedure in progress", "april_2024": "procedure in progress", "february_2025": "procedure in progress", "december_2025": "on hold" }, "geometry": { "type": "Polygon", "coordinates": [ [ [ 7.6183912, 45.0665053 ], [ 7.6184061, 45.0663107 ], [ 7.6186059, 45.0663182 ], [ 7.6185889, 45.0665137 ], [ 7.6183912, 45.0665053 ] ] ] } },
{ "type": "Feature", "properties": { "osm_id": 1418604996, "height": 9.0, "has_osm_height": false, "code": "N089", "name": "PRONDA", "july_2020": "procedure in progress", "october_2021": "procedure in progress", "july_2022": "procedure in progress", "december_2022": "procedure in progress", "april_2024": "procedure in progress", "february_2025": "procedure in progress", "december_2025": "on hold" }, "geometry": { "type": "Polygon", "coordinates": [ [ [ 7.6184061, 45.0663107 ], [ 7.6184144, 45.0662004 ], [ 7.6186142, 45.0662079 ], [ 7.6186059, 45.0663182 ], [ 7.6184061, 45.0663107 ] ] ] } },
{ "type": "Feature", "properties": { "osm_id": 1418604997, "height": 9.0, "has_osm_height": false, "code": "N089", "name": "PRONDA", "july_2020": "procedure in progress", "october_2021": "procedure in progress", "july_2022": "procedure in progress", "december_2022": "procedure in progress", "april_2024": "procedure in progress", "february_2025": "procedure in progress", "december_2025": "on hold" }, "geometry": { "type": "Polygon", "coordinates": [ [ [ 7.6186128, 45.0664268 ], [ 7.6186154, 45.0662793 ], [ 7.6188704, 45.0662815 ], [ 7.6188678, 45.0664291 ], [ 7.6186128, 45.0664268 ] ] ] } },
{ "type": "Feature", "properties": { "osm_id": 1418604998, "height": 9.0, "has_osm_height": false, "code": "N089", "name": "PRONDA", "july_2020": "procedure in progress", "october_2021": "procedure in progress", "july_2022": "procedure in progress", "december_2022": "procedure in progress", "april_2024": "procedure in progress", "february_2025": "procedure in progress", "december_2025": "on hold" }, "geometry": { "type": "Polygon", "coordinates": [ [ [ 7.6186128, 45.0664268 ], [ 7.618605, 45.06653 ], [ 7.6186796, 45.0665381 ], [ 7.6189169, 45.0665638 ], [ 7.6189264, 45.0664851 ], [ 7.618933, 45.0664304 ], [ 7.6188678, 45.0664291 ], [ 7.6186128, 45.0664268 ] ] ] } },
{ "type": "Feature", "properties": { "osm_id": 1418604999, "height": 9.0, "has_osm_height": false, "code": "N089", "name": "PRONDA", "july_2020": "procedure in progress", "october_2021": "procedure in progress", "july_2022": "procedure in progress", "december_2022": "procedure in progress", "april_2024": "procedure in progress", "february_2025": "procedure in progress", "december_2025": "on hold" }, "geometry": { "type": "Polygon", "coordinates": [ [ [ 7.6186796, 45.0665381 ], [ 7.6189169, 45.0665638 ], [ 7.6191045, 45.0665798 ], [ 7.6190968, 45.0666598 ], [ 7.6186655, 45.066625 ], [ 7.6186796, 45.0665381 ] ] ] } },
{ "type": "Feature", "properties": { "osm_id": 1418605000, "height": 9.0, "has_osm_height": false, "code": "N089", "name": "PRONDA", "july_2020": "procedure in progress", "october_2021": "procedure in progress", "july_2022": "procedure in progress", "december_2022": "procedure in progress", "april_2024": "procedure in progress", "february_2025": "procedure in progress", "december_2025": "on hold" }, "geometry": { "type": "Polygon", "coordinates": [ [ [ 7.6189169, 45.0665638 ], [ 7.6191045, 45.0665798 ], [ 7.6191114, 45.0664997 ], [ 7.6189264, 45.0664851 ], [ 7.6189169, 45.0665638 ] ] ] } },
{ "type": "Feature", "properties": { "osm_id": 1418605001, "height": 9.0, "has_osm_height": false, "code": "N089", "name": "PRONDA", "july_2020": "procedure in progress", "october_2021": "procedure in progress", "july_2022": "procedure in progress", "december_2022": "procedure in progress", "april_2024": "procedure in progress", "february_2025": "procedure in progress", "december_2025": "on hold" }, "geometry": { "type": "Polygon", "coordinates": [ [ [ 7.6180053, 45.0662617 ], [ 7.6182098, 45.0662701 ], [ 7.6182327, 45.0659924 ], [ 7.6180281, 45.065984 ], [ 7.6180053, 45.0662617 ] ] ] } },
{ "type": "Feature", "properties": { "osm_id": 1418605120, "height": 9.0, "has_osm_height": false, "code": "N089", "name": "PRONDA", "july_2020": "procedure in progress", "october_2021": "procedure in progress", "july_2022": "procedure in progress", "december_2022": "procedure in progress", "april_2024": "procedure in progress", "february_2025": "procedure in progress", "december_2025": "on hold" }, "geometry": { "type": "Polygon", "coordinates": [ [ [ 7.6205383, 45.0650698 ], [ 7.6204793, 45.0649506 ], [ 7.620629, 45.0649136 ], [ 7.6207425, 45.065143 ], [ 7.6206562, 45.0651643 ], [ 7.6206017, 45.0650542 ], [ 7.6205383, 45.0650698 ] ] ] } },
{ "type": "Feature", "properties": { "osm_id": 1426343353, "height": 3.2, "has_osm_height": true, "code": "N098", "name": "TO EXPO", "july_2020": "procedure in progress", "october_2021": "procedure in progress", "july_2022": "procedure in progress", "december_2022": "procedure in progress", "april_2024": "under construction", "february_2025": "under construction", "december_2025": "under construction" }, "geometry": { "type": "Polygon", "coordinates": [ [ [ 7.6899584, 45.0565078 ], [ 7.6900254, 45.0564733 ], [ 7.6899378, 45.0563922 ], [ 7.6898693, 45.0564272 ], [ 7.6899584, 45.0565078 ] ] ] } },
{ "type": "Feature", "properties": { "osm_id": 1434554648, "height": 9.0, "has_osm_height": false, "code": "N098", "name": "TO EXPO", "july_2020": "procedure in progress", "october_2021": "procedure in progress", "july_2022": "procedure in progress", "december_2022": "procedure in progress", "april_2024": "under construction", "february_2025": "under construction", "december_2025": "under construction" }, "geometry": { "type": "Polygon", "coordinates": [ [ [ 7.6845095, 45.0527592 ], [ 7.6845012, 45.0527363 ], [ 7.6845112, 45.0527337 ], [ 7.6844702, 45.0526315 ], [ 7.6844218, 45.0526404 ], [ 7.6844458, 45.0527075 ], [ 7.6844045, 45.0527144 ], [ 7.684419, 45.0527556 ], [ 7.6844338, 45.0527536 ], [ 7.6844398, 45.0527729 ], [ 7.6845095, 45.0527592 ] ] ] } },
{ "type": "Feature", "properties": { "osm_id": 147543871, "height": 9.0, "has_osm_height": false, "code": "N110", "name": "ID4", "july_2020": "on hold", "october_2021": "on hold", "july_2022": "on hold", "december_2022": "on hold", "april_2024": "on hold", "february_2025": "on hold", "december_2025": "on hold" }, "geometry": { "type": "Polygon", "coordinates": [ [ [ 7.5747401, 45.0149463 ], [ 7.5747724, 45.0150317 ], [ 7.574889, 45.0150097 ], [ 7.5749595, 45.0151965 ], [ 7.5754594, 45.0151021 ], [ 7.5753566, 45.0148299 ], [ 7.5751113, 45.0141806 ], [ 7.5738685, 45.0144152 ], [ 7.5741138, 45.0150645 ], [ 7.5741697, 45.015054 ], [ 7.5741845, 45.0150929 ], [ 7.5741417, 45.015101 ], [ 7.5741863, 45.0152189 ], [ 7.5747251, 45.0151172 ], [ 7.5746806, 45.0149993 ], [ 7.5746318, 45.0150085 ], [ 7.5746171, 45.0149695 ], [ 7.5747401, 45.0149463 ] ] ] } },
{ "type": "Feature", "properties": { "osm_id": 147543883, "height": 9.0, "has_osm_height": false, "code": "N110", "name": "ID4", "july_2020": "on hold", "october_2021": "on hold", "july_2022": "on hold", "december_2022": "on hold", "april_2024": "on hold", "february_2025": "on hold", "december_2025": "on hold" }, "geometry": { "type": "Polygon", "coordinates": [ [ [ 7.5738932, 45.0148969 ], [ 7.5740234, 45.0148724 ], [ 7.573812, 45.0143129 ], [ 7.5736819, 45.0143375 ], [ 7.5738932, 45.0148969 ] ] ] } },
{ "type": "Feature", "properties": { "osm_id": 199749902, "height": 9.0, "has_osm_height": false, "code": "N169", "name": "EX ASTANTERIA", "july_2020": "", "october_2021": "on hold", "july_2022": "on hold", "december_2022": "on hold", "april_2024": "procedure in progress", "february_2025": "under construction", "december_2025": "under construction" }, "geometry": { "type": "Polygon", "coordinates": [ [ [ 7.6827474, 45.087985 ], [ 7.6823906, 45.0874927 ], [ 7.6825301, 45.0873412 ], [ 7.6827313, 45.0873488 ], [ 7.6827205, 45.0874681 ], [ 7.6826347, 45.0874643 ], [ 7.6825999, 45.087504 ], [ 7.6828412, 45.0878449 ], [ 7.6828922, 45.0878335 ], [ 7.6829217, 45.0878714 ], [ 7.683021, 45.087843 ], [ 7.6830451, 45.0879188 ], [ 7.6827474, 45.087985 ] ] ] } },
{ "type": "Feature", "properties": { "osm_id": 215460102, "height": 9.0, "has_osm_height": false, "code": "N107", "name": "BRONDI", "july_2020": "on hold", "october_2021": "on hold", "july_2022": "on hold", "december_2022": "on hold", "april_2024": "on hold", "february_2025": "on hold", "december_2025": "on hold" }, "geometry": { "type": "Polygon", "coordinates": [ [ [ 7.7335061, 45.147046 ], [ 7.733872, 45.1469497 ], [ 7.7339014, 45.1470053 ], [ 7.7350154, 45.146712 ], [ 7.7347233, 45.14616 ], [ 7.7343029, 45.1462706 ], [ 7.7342159, 45.1462935 ], [ 7.7336093, 45.1464532 ], [ 7.7338495, 45.1469071 ], [ 7.7336523, 45.1469591 ], [ 7.7334124, 45.1465056 ], [ 7.7332437, 45.14655 ], [ 7.7335061, 45.147046 ] ] ] } },
{ "type": "Feature", "properties": { "osm_id": 285491804, "height": 9.0, "has_osm_height": false, "code": "N102", "name": "SANTA CROCE", "july_2020": "on hold", "october_2021": "on hold", "july_2022": "on hold", "december_2022": "on hold", "april_2024": "on hold", "february_2025": "under construction", "december_2025": "under construction" }, "geometry": { "type": "Polygon", "coordinates": [ [ [ 7.6825063, 45.0749573 ], [ 7.6825035, 45.0749216 ], [ 7.682501, 45.074889 ], [ 7.6825009, 45.0748875 ], [ 7.6824994, 45.0748517 ], [ 7.6824979, 45.0748157 ], [ 7.682694, 45.0747356 ], [ 7.6827481, 45.0748027 ], [ 7.6828403, 45.0747657 ], [ 7.6828691, 45.0748014 ], [ 7.6829424, 45.0748187 ], [ 7.682961, 45.0748187 ], [ 7.6829949, 45.0748235 ], [ 7.6830288, 45.0748463 ], [ 7.6830491, 45.0748798 ], [ 7.6830525, 45.0749013 ], [ 7.6830457, 45.0749336 ], [ 7.6830186, 45.0749563 ], [ 7.682978, 45.0749695 ], [ 7.6829089, 45.0749839 ], [ 7.6828052, 45.0749779 ], [ 7.6827764, 45.0750054 ], [ 7.6825357, 45.0750026 ], [ 7.6825063, 45.0749573 ] ] ] } },
{ "type": "Feature", "properties": { "osm_id": 292034355, "height": 9.0, "has_osm_height": false, "code": "N100", "name": "ORTIGARA", "july_2020": "under construction", "october_2021": "procedure in progress", "july_2022": "procedure in progress", "december_2022": "procedure in progress", "april_2024": "under construction", "february_2025": "under construction", "december_2025": "under construction" }, "geometry": { "type": "Polygon", "coordinates": [ [ [ 7.6264189, 45.0688086 ], [ 7.626903, 45.0686931 ], [ 7.6269352, 45.0687622 ], [ 7.6264524, 45.0688787 ], [ 7.6264189, 45.0688086 ] ] ] } },
{ "type": "Feature", "properties": { "osm_id": 292034361, "height": 9.0, "has_osm_height": false, "code": "N100", "name": "ORTIGARA", "july_2020": "under construction", "october_2021": "procedure in progress", "july_2022": "procedure in progress", "december_2022": "procedure in progress", "april_2024": "under construction", "february_2025": "under construction", "december_2025": "under construction" }, "geometry": { "type": "Polygon", "coordinates": [ [ [ 7.6265825, 45.0691307 ], [ 7.6264699, 45.0688863 ], [ 7.6269433, 45.0687689 ], [ 7.6271029, 45.0690691 ], [ 7.6266134, 45.069179 ], [ 7.6265825, 45.0691307 ] ] ] } },
{ "type": "Feature", "properties": { "osm_id": 304324087, "height": 9.0, "has_osm_height": false, "code": "N103", "name": "AERFERRISI", "july_2020": "on hold", "october_2021": "on hold", "july_2022": "on hold", "december_2022": "on hold", "april_2024": "removed", "february_2025": "", "december_2025": "" }, "geometry": { "type": "Polygon", "coordinates": [ [ [ 7.7303423, 45.1264948 ], [ 7.7303693, 45.1265282 ], [ 7.7305084, 45.1264709 ], [ 7.7302863, 45.1261843 ], [ 7.7305619, 45.1260777 ], [ 7.730572, 45.1260428 ], [ 7.7305045, 45.1259449 ], [ 7.7301956, 45.1260651 ], [ 7.7301711, 45.1260326 ], [ 7.7300256, 45.1260894 ], [ 7.7300465, 45.1261195 ], [ 7.7300725, 45.12611 ], [ 7.7300731, 45.126117 ], [ 7.7288482, 45.1265929 ], [ 7.7289404, 45.1267145 ], [ 7.7290527, 45.1266695 ], [ 7.7291508, 45.1267984 ], [ 7.7293761, 45.1267091 ], [ 7.7294716, 45.1268365 ], [ 7.7303423, 45.1264948 ] ] ] } },
{ "type": "Feature", "properties": { "osm_id": 304450402, "height": 9.0, "has_osm_height": false, "code": "N107", "name": "BRONDI", "july_2020": "on hold", "october_2021": "on hold", "july_2022": "on hold", "december_2022": "on hold", "april_2024": "on hold", "february_2025": "on hold", "december_2025": "on hold" }, "geometry": { "type": "Polygon", "coordinates": [ [ [ 7.7343029, 45.1462706 ], [ 7.7342913, 45.1462486 ], [ 7.7342045, 45.1462713 ], [ 7.734205, 45.1462722 ], [ 7.7342159, 45.1462935 ], [ 7.7343029, 45.1462706 ] ] ] } },
{ "type": "Feature", "properties": { "osm_id": 304461241, "height": 9.0, "has_osm_height": false, "code": "N108", "name": "BURGO", "july_2020": "on hold", "october_2021": "on hold", "july_2022": "on hold", "december_2022": "on hold", "april_2024": "under construction", "february_2025": "", "december_2025": "" }, "geometry": { "type": "Polygon", "coordinates": [ [ [ 7.7428592, 45.1123637 ], [ 7.7428686, 45.1124005 ], [ 7.7430137, 45.1123821 ], [ 7.7430043, 45.1123453 ], [ 7.7428592, 45.1123637 ] ] ] } },
{ "type": "Feature", "properties": { "osm_id": 304465888, "height": 9.0, "has_osm_height": false, "code": "N108", "name": "BURGO", "july_2020": "on hold", "october_2021": "on hold", "july_2022": "on hold", "december_2022": "on hold", "april_2024": "under construction", "february_2025": "", "december_2025": "" }, "geometry": { "type": "Polygon", "coordinates": [ [ [ 7.7399562, 45.1124866 ], [ 7.7399563, 45.1124631 ], [ 7.7399564, 45.1124511 ], [ 7.7399214, 45.1124511 ], [ 7.7399214, 45.1124866 ], [ 7.7399562, 45.1124866 ] ] ] } },
{ "type": "Feature", "properties": { "osm_id": 319281100, "height": 9.6, "has_osm_height": true, "code": "N102", "name": "SANTA CROCE", "july_2020": "on hold", "october_2021": "on hold", "july_2022": "on hold", "december_2022": "on hold", "april_2024": "on hold", "february_2025": "under construction", "december_2025": "under construction" }, "geometry": { "type": "Polygon", "coordinates": [ [ [ 7.682694, 45.0747356 ], [ 7.6833981, 45.0744522 ], [ 7.6835017, 45.0745806 ], [ 7.6834759, 45.0745909 ], [ 7.6835077, 45.0746303 ], [ 7.6832567, 45.0747173 ], [ 7.683195, 45.0746702 ], [ 7.6830806, 45.0747127 ], [ 7.6828691, 45.0748014 ], [ 7.6828403, 45.0747657 ], [ 7.6827481, 45.0748027 ], [ 7.682694, 45.0747356 ] ] ] } },
{ "type": "Feature", "properties": { "osm_id": 319281101, "height": 9.0, "has_osm_height": false, "code": "N102", "name": "SANTA CROCE", "july_2020": "on hold", "october_2021": "on hold", "july_2022": "on hold", "december_2022": "on hold", "april_2024": "on hold", "february_2025": "under construction", "december_2025": "under construction" }, "geometry": { "type": "Polygon", "coordinates": [ [ [ 7.6838501, 45.0755175 ], [ 7.6838539, 45.0755166 ], [ 7.6838609, 45.0754957 ], [ 7.6836838, 45.0752664 ], [ 7.6837019, 45.0752529 ], [ 7.6838964, 45.0751831 ], [ 7.6837941, 45.0750514 ], [ 7.6835941, 45.0751276 ], [ 7.6835804, 45.0751077 ], [ 7.6835563, 45.0751174 ], [ 7.6832567, 45.0747173 ], [ 7.683195, 45.0746702 ], [ 7.6830806, 45.0747127 ], [ 7.6836753, 45.0754579 ], [ 7.683702, 45.0754828 ], [ 7.6837654, 45.0755614 ], [ 7.6838132, 45.0755452 ], [ 7.6838501, 45.0755175 ] ] ] } },
{ "type": "Feature", "properties": { "osm_id": 319281102, "height": 9.0, "has_osm_height": false, "code": "N102", "name": "SANTA CROCE", "july_2020": "on hold", "october_2021": "on hold", "july_2022": "on hold", "december_2022": "on hold", "april_2024": "on hold", "february_2025": "under construction", "december_2025": "under construction" }, "geometry": { "type": "Polygon", "coordinates": [ [ [ 7.6825357, 45.0750026 ], [ 7.6827647, 45.0753556 ], [ 7.6830269, 45.0752692 ], [ 7.6831292, 45.0754241 ], [ 7.6833205, 45.075361 ], [ 7.6831336, 45.0750744 ], [ 7.6831682, 45.0750614 ], [ 7.6830491, 45.0748798 ], [ 7.6830525, 45.0749013 ], [ 7.6830457, 45.0749336 ], [ 7.6830186, 45.0749563 ], [ 7.682978, 45.0749695 ], [ 7.6829089, 45.0749839 ], [ 7.6829984, 45.0751156 ], [ 7.6828652, 45.0751544 ], [ 7.6827764, 45.0750054 ], [ 7.6825357, 45.0750026 ] ] ] } },
{ "type": "Feature", "properties": { "osm_id": 319281106, "height": 9.0, "has_osm_height": false, "code": "N102", "name": "SANTA CROCE", "july_2020": "on hold", "october_2021": "on hold", "july_2022": "on hold", "december_2022": "on hold", "april_2024": "on hold", "february_2025": "under construction", "december_2025": "under construction" }, "geometry": { "type": "Polygon", "coordinates": [ [ [ 7.6831292, 45.0754241 ], [ 7.6833163, 45.0757392 ], [ 7.6837682, 45.0755957 ], [ 7.6837654, 45.0755614 ], [ 7.683702, 45.0754828 ], [ 7.6836753, 45.0754579 ], [ 7.6834393, 45.0755418 ], [ 7.6833205, 45.075361 ], [ 7.6831292, 45.0754241 ] ] ] } },
{ "type": "Feature", "properties": { "osm_id": 457059130, "height": 9.0, "has_osm_height": false, "code": "N104", "name": "ANTONELLI", "july_2020": "procedure in progress", "october_2021": "procedure in progress", "july_2022": "procedure in progress", "december_2022": "procedure in progress", "april_2024": "procedure in progress", "february_2025": "procedure in progress", "december_2025": "procedure in progress" }, "geometry": { "type": "Polygon", "coordinates": [ [ [ 7.5913954, 45.0754467 ], [ 7.5912889, 45.0749392 ], [ 7.5918187, 45.0748837 ], [ 7.5919252, 45.0753913 ], [ 7.5913954, 45.0754467 ] ] ] } },
{ "type": "Feature", "properties": { "osm_id": 1175338917, "height": 9.0, "has_osm_height": false, "code": "N163", "name": "ZOOPROFILATTICO", "july_2020": "procedure in progress", "october_2021": "procedure in progress", "july_2022": "procedure in progress", "december_2022": "procedure in progress", "april_2024": "procedure in progress", "february_2025": "removed", "december_2025": "" }, "geometry": { "type": "Polygon", "coordinates": [ [ [ 7.7041031, 45.0851306 ], [ 7.704249, 45.0851406 ], [ 7.7042718, 45.0849744 ], [ 7.7041259, 45.0849644 ], [ 7.7041031, 45.0851306 ] ] ] } },
{ "type": "Feature", "properties": { "osm_id": 1175338919, "height": 9.0, "has_osm_height": false, "code": "N163", "name": "ZOOPROFILATTICO", "july_2020": "procedure in progress", "october_2021": "procedure in progress", "july_2022": "procedure in progress", "december_2022": "procedure in progress", "april_2024": "procedure in progress", "february_2025": "removed", "december_2025": "" }, "geometry": { "type": "Polygon", "coordinates": [ [ [ 7.7040803, 45.0853021 ], [ 7.7042611, 45.0853101 ], [ 7.7042691, 45.0852207 ], [ 7.7040883, 45.0852126 ], [ 7.7040803, 45.0853021 ] ] ] } },
{ "type": "Feature", "properties": { "osm_id": 1376682835, "height": 9.0, "has_osm_height": false, "code": "N109", "name": "SCOLMATORE", "july_2020": "under construction", "october_2021": "under construction", "july_2022": "under construction", "december_2022": "under construction", "april_2024": "completed", "february_2025": "completed", "december_2025": "completed" }, "geometry": { "type": "Polygon", "coordinates": [ [ [ 7.6913017, 44.9904163 ], [ 7.6915989, 44.9902917 ], [ 7.6915465, 44.9902292 ], [ 7.6912493, 44.9903538 ], [ 7.6913017, 44.9904163 ] ] ] } },
{ "type": "Feature", "properties": { "osm_id": 1376684628, "height": 9.0, "has_osm_height": false, "code": "N109", "name": "SCOLMATORE", "july_2020": "under construction", "october_2021": "under construction", "july_2022": "under construction", "december_2022": "under construction", "april_2024": "completed", "february_2025": "completed", "december_2025": "completed" }, "geometry": { "type": "Polygon", "coordinates": [ [ [ 7.6834985, 44.993255 ], [ 7.6837608, 44.993155 ], [ 7.6836561, 44.9930176 ], [ 7.6833938, 44.9931176 ], [ 7.6834985, 44.993255 ] ] ] } },
{ "type": "Feature", "properties": { "osm_id": 1376684629, "height": 9.0, "has_osm_height": false, "code": "N109", "name": "SCOLMATORE", "july_2020": "under construction", "october_2021": "under construction", "july_2022": "under construction", "december_2022": "under construction", "april_2024": "completed", "february_2025": "completed", "december_2025": "completed" }, "geometry": { "type": "Polygon", "coordinates": [ [ [ 7.6839062, 44.9932888 ], [ 7.684189, 44.9931875 ], [ 7.6842482, 44.9932702 ], [ 7.6839654, 44.9933715 ], [ 7.6839062, 44.9932888 ] ] ] } },
{ "type": "Feature", "properties": { "osm_id": 1376684632, "height": 9.0, "has_osm_height": false, "code": "N109", "name": "SCOLMATORE", "july_2020": "under construction", "october_2021": "under construction", "july_2022": "under construction", "december_2022": "under construction", "april_2024": "completed", "february_2025": "completed", "december_2025": "completed" }, "geometry": { "type": "Polygon", "coordinates": [ [ [ 7.6857731, 44.9925435 ], [ 7.6857948, 44.9924892 ], [ 7.6857691, 44.9924841 ], [ 7.6857932, 44.9924239 ], [ 7.6857359, 44.9924124 ], [ 7.6857486, 44.9923808 ], [ 7.6859065, 44.9924124 ], [ 7.6858481, 44.9925585 ], [ 7.6857731, 44.9925435 ] ] ] } },
{ "type": "Feature", "properties": { "osm_id": 1376684633, "height": 9.0, "has_osm_height": false, "code": "N109", "name": "SCOLMATORE", "july_2020": "under construction", "october_2021": "under construction", "july_2022": "under construction", "december_2022": "under construction", "april_2024": "completed", "february_2025": "completed", "december_2025": "completed" }, "geometry": { "type": "Polygon", "coordinates": [ [ [ 7.6855728, 44.9922173 ], [ 7.6856565, 44.992238 ], [ 7.6857262, 44.9920968 ], [ 7.6856424, 44.9920762 ], [ 7.6855728, 44.9922173 ] ] ] } },
{ "type": "Feature", "properties": { "osm_id": 1376684634, "height": 9.0, "has_osm_height": false, "code": "N109", "name": "SCOLMATORE", "july_2020": "under construction", "october_2021": "under construction", "july_2022": "under construction", "december_2022": "under construction", "april_2024": "completed", "february_2025": "completed", "december_2025": "completed" }, "geometry": { "type": "Polygon", "coordinates": [ [ [ 7.685302, 44.9925001 ], [ 7.6853375, 44.9923522 ], [ 7.6854549, 44.9923659 ], [ 7.685483, 44.9922389 ], [ 7.6856232, 44.9922521 ], [ 7.6856024, 44.992347 ], [ 7.6856352, 44.9923503 ], [ 7.6856198, 44.9924029 ], [ 7.6856131, 44.9925485 ], [ 7.6854555, 44.9925414 ], [ 7.6853342, 44.992531 ], [ 7.685302, 44.9925001 ] ] ] } },
{ "type": "Feature", "properties": { "osm_id": 132211360, "height": 9.0, "has_osm_height": false, "code": "N111", "name": "BORGARETTO", "july_2020": "on hold", "october_2021": "on hold", "july_2022": "on hold", "december_2022": "on hold", "april_2024": "removed", "february_2025": "", "december_2025": "" }, "geometry": { "type": "Polygon", "coordinates": [ [ [ 7.5942086, 45.0080021 ], [ 7.5951876, 45.0086499 ], [ 7.5957763, 45.0082052 ], [ 7.5959835, 45.0083423 ], [ 7.5963536, 45.0080627 ], [ 7.5951674, 45.0072778 ], [ 7.5942086, 45.0080021 ] ] ] } },
{ "type": "Feature", "properties": { "osm_id": 140235286, "height": 9.0, "has_osm_height": false, "code": "N111", "name": "BORGARETTO", "july_2020": "on hold", "october_2021": "on hold", "july_2022": "on hold", "december_2022": "on hold", "april_2024": "removed", "february_2025": "", "december_2025": "" }, "geometry": { "type": "Polygon", "coordinates": [ [ [ 7.5954232, 45.0088059 ], [ 7.5960729, 45.0085855 ], [ 7.5960162, 45.0085021 ], [ 7.5953666, 45.0087225 ], [ 7.5954232, 45.0088059 ] ] ] } },
{ "type": "Feature", "properties": { "osm_id": 215439666, "height": 9.0, "has_osm_height": false, "code": "N118", "name": "UMBRIA", "july_2020": "on hold", "october_2021": "on hold", "july_2022": "on hold", "december_2022": "on hold", "april_2024": "on hold", "february_2025": "on hold", "december_2025": "on hold" }, "geometry": { "type": "Polygon", "coordinates": [ [ [ 7.7455675, 45.1183883 ], [ 7.745489, 45.118335 ], [ 7.7454145, 45.1183896 ], [ 7.7451549, 45.1182131 ], [ 7.7454077, 45.118028 ], [ 7.7452096, 45.1178934 ], [ 7.7453558, 45.1177863 ], [ 7.7455407, 45.1179121 ], [ 7.7458189, 45.1177083 ], [ 7.7456327, 45.1175817 ], [ 7.7457408, 45.1175025 ], [ 7.745928, 45.1176298 ], [ 7.7459911, 45.1175869 ], [ 7.7463002, 45.1177428 ], [ 7.7462144, 45.1178056 ], [ 7.7462916, 45.1178581 ], [ 7.7455675, 45.1183883 ] ] ] } },
{ "type": "Feature", "properties": { "osm_id": 237537683, "height": 9.0, "has_osm_height": false, "code": "N116", "name": "PAVIA", "july_2020": "on hold", "october_2021": "on hold", "july_2022": "on hold", "december_2022": "on hold", "april_2024": "removed", "february_2025": "", "december_2025": "" }, "geometry": { "type": "Polygon", "coordinates": [ [ [ 7.55165, 45.0667611 ], [ 7.5514621, 45.0667931 ], [ 7.5516257, 45.0672736 ], [ 7.5518225, 45.0672401 ], [ 7.5518367, 45.0672818 ], [ 7.5521382, 45.0672305 ], [ 7.552185, 45.0673678 ], [ 7.5535148, 45.0671419 ], [ 7.5535444, 45.0672288 ], [ 7.5540136, 45.0671491 ], [ 7.5539789, 45.0670471 ], [ 7.5543136, 45.0669903 ], [ 7.5542664, 45.0668516 ], [ 7.5540147, 45.0661124 ], [ 7.5515705, 45.0665276 ], [ 7.55165, 45.0667611 ] ] ] } },
{ "type": "Feature", "properties": { "osm_id": 304471922, "height": 9.0, "has_osm_height": false, "code": "N121", "name": "CASCINA FIORITA", "july_2020": "procedure in progress", "october_2021": "procedure in progress", "july_2022": "under construction", "december_2022": "under construction", "april_2024": "under construction", "february_2025": "under construction", "december_2025": "completed" }, "geometry": { "type": "Polygon", "coordinates": [ [ [ 7.7505492, 45.1542827 ], [ 7.7505786, 45.1543195 ], [ 7.7503893, 45.1543954 ], [ 7.7501759, 45.1544809 ], [ 7.7502513, 45.1545751 ], [ 7.750464, 45.1544898 ], [ 7.7504423, 45.1544629 ], [ 7.7507158, 45.1543534 ], [ 7.7506641, 45.1542888 ], [ 7.7506326, 45.1542493 ], [ 7.7504452, 45.154015 ], [ 7.750438, 45.154006 ], [ 7.7504029, 45.1539621 ], [ 7.7503193, 45.1539956 ], [ 7.7503482, 45.1540317 ], [ 7.7503528, 45.1540375 ], [ 7.7505492, 45.1542827 ] ] ] } },
{ "type": "Feature", "properties": { "osm_id": 304471936, "height": 9.0, "has_osm_height": false, "code": "N121", "name": "CASCINA FIORITA", "july_2020": "procedure in progress", "october_2021": "procedure in progress", "july_2022": "under construction", "december_2022": "under construction", "april_2024": "under construction", "february_2025": "under construction", "december_2025": "completed" }, "geometry": { "type": "Polygon", "coordinates": [ [ [ 7.7499418, 45.1541246 ], [ 7.7501259, 45.1543905 ], [ 7.7502122, 45.1543606 ], [ 7.7500284, 45.1540946 ], [ 7.7499418, 45.1541246 ] ] ] } },
{ "type": "Feature", "properties": { "osm_id": 439024509, "height": 9.0, "has_osm_height": false, "code": "N120", "name": "CASTELLO", "july_2020": "procedure in progress", "october_2021": "procedure in progress", "july_2022": "procedure in progress", "december_2022": "procedure in progress", "april_2024": "procedure in progress", "february_2025": "procedure in progress", "december_2025": "on hold" }, "geometry": { "type": "Polygon", "coordinates": [ [ [ 7.5735322, 45.0838498 ], [ 7.5736401, 45.0837936 ], [ 7.5741763, 45.0840634 ], [ 7.5746966, 45.0843058 ], [ 7.5737127, 45.0846932 ], [ 7.5734242, 45.0842084 ], [ 7.5733517, 45.0841322 ], [ 7.5733269, 45.0841422 ], [ 7.5732296, 45.0840285 ], [ 7.5733464, 45.0839597 ], [ 7.5735339, 45.0841784 ], [ 7.5737534, 45.0845532 ], [ 7.5744364, 45.0842896 ], [ 7.5741037, 45.0841484 ], [ 7.5735322, 45.0838498 ] ] ] } },
{ "type": "Feature", "properties": { "osm_id": 459619588, "height": 9.0, "has_osm_height": false, "code": "N117", "name": "POSTIGLIONE", "july_2020": "on hold", "october_2021": "on hold", "july_2022": "on hold", "december_2022": "on hold", "april_2024": "removed", "february_2025": "", "december_2025": "" }, "geometry": { "type": "Polygon", "coordinates": [ [ [ 7.72762, 44.9759487 ], [ 7.7276103, 44.9755504 ], [ 7.7285793, 44.9755387 ], [ 7.7285889, 44.975937 ], [ 7.72762, 44.9759487 ] ] ] } },
{ "type": "Feature", "properties": { "osm_id": 459895073, "height": 9.0, "has_osm_height": false, "code": "N115", "name": "MOLINO PASCOLO", "july_2020": "on hold", "october_2021": "on hold", "july_2022": "on hold", "december_2022": "on hold", "april_2024": "on hold", "february_2025": "removed", "december_2025": "" }, "geometry": { "type": "Polygon", "coordinates": [ [ [ 7.7043348, 44.984937 ], [ 7.7042067, 44.9843379 ], [ 7.7044375, 44.9843132 ], [ 7.7044245, 44.9842521 ], [ 7.7056556, 44.9841204 ], [ 7.7057837, 44.9847414 ], [ 7.7058252, 44.9849324 ], [ 7.7057618, 44.9849393 ], [ 7.7045996, 44.9850663 ], [ 7.7045667, 44.9849122 ], [ 7.7043348, 44.984937 ] ] ] } },
{ "type": "Feature", "properties": { "osm_id": 459895074, "height": 9.0, "has_osm_height": false, "code": "N115", "name": "MOLINO PASCOLO", "july_2020": "on hold", "october_2021": "on hold", "july_2022": "on hold", "december_2022": "on hold", "april_2024": "on hold", "february_2025": "removed", "december_2025": "" }, "geometry": { "type": "Polygon", "coordinates": [ [ [ 7.7049356, 44.9851861 ], [ 7.7049146, 44.9850967 ], [ 7.7053672, 44.9850434 ], [ 7.7053883, 44.9851327 ], [ 7.7049356, 44.9851861 ] ] ] } },
{ "type": "Feature", "properties": { "osm_id": 459895075, "height": 9.0, "has_osm_height": false, "code": "N115", "name": "MOLINO PASCOLO", "july_2020": "on hold", "october_2021": "on hold", "july_2022": "on hold", "december_2022": "on hold", "april_2024": "on hold", "february_2025": "removed", "december_2025": "" }, "geometry": { "type": "Polygon", "coordinates": [ [ [ 7.7057337, 44.9855798 ], [ 7.7056262, 44.9850848 ], [ 7.7057896, 44.985067 ], [ 7.7057618, 44.9849393 ], [ 7.7058252, 44.9849324 ], [ 7.7057837, 44.9847414 ], [ 7.706031, 44.9847145 ], [ 7.7060994, 44.985029 ], [ 7.7062365, 44.9850141 ], [ 7.706332, 44.9854537 ], [ 7.7061381, 44.9854748 ], [ 7.7061511, 44.9855344 ], [ 7.7057337, 44.9855798 ] ] ] } },
{ "type": "Feature", "properties": { "osm_id": 459895076, "height": 9.0, "has_osm_height": false, "code": "N115", "name": "MOLINO PASCOLO", "july_2020": "on hold", "october_2021": "on hold", "july_2022": "on hold", "december_2022": "on hold", "april_2024": "on hold", "february_2025": "removed", "december_2025": "" }, "geometry": { "type": "Polygon", "coordinates": [ [ [ 7.704964, 44.9860159 ], [ 7.7049356, 44.9858762 ], [ 7.705073, 44.9858622 ], [ 7.7051015, 44.9860019 ], [ 7.704964, 44.9860159 ] ] ] } },
{ "type": "Feature", "properties": { "osm_id": 459895077, "height": 9.0, "has_osm_height": false, "code": "N115", "name": "MOLINO PASCOLO", "july_2020": "on hold", "october_2021": "on hold", "july_2022": "on hold", "december_2022": "on hold", "april_2024": "on hold", "february_2025": "removed", "december_2025": "" }, "geometry": { "type": "Polygon", "coordinates": [ [ [ 7.7051203, 44.9860212 ], [ 7.7051132, 44.9859886 ], [ 7.7051775, 44.9859817 ], [ 7.7051435, 44.9858249 ], [ 7.7052826, 44.9858098 ], [ 7.7052909, 44.9858481 ], [ 7.7056824, 44.9858056 ], [ 7.7057152, 44.9859566 ], [ 7.7051203, 44.9860212 ] ] ] } },
{ "type": "Feature", "properties": { "osm_id": 1065785726, "height": 9.0, "has_osm_height": false, "code": "N112", "name": "ALBENGA", "july_2020": "on hold", "october_2021": "on hold", "july_2022": "on hold", "december_2022": "on hold", "april_2024": "removed", "february_2025": "", "december_2025": "" }, "geometry": { "type": "Polygon", "coordinates": [ [ [ 7.5521952, 45.0644801 ], [ 7.5532513, 45.0643241 ], [ 7.553264, 45.0643668 ], [ 7.5533411, 45.0643554 ], [ 7.5534824, 45.0648327 ], [ 7.5533951, 45.0648456 ], [ 7.5534042, 45.0648765 ], [ 7.5533554, 45.0648837 ], [ 7.5533495, 45.0648637 ], [ 7.5526402, 45.0649685 ], [ 7.5526542, 45.0650157 ], [ 7.552554, 45.0650305 ], [ 7.552544, 45.0649969 ], [ 7.5523564, 45.0650246 ], [ 7.5521952, 45.0644801 ] ] ] } },
{ "type": "Feature", "properties": { "osm_id": 1321782073, "height": 9.0, "has_osm_height": false, "code": "N114", "name": "GALIMBERTI", "july_2020": "on hold", "october_2021": "under construction", "july_2022": "completed", "december_2022": "completed", "april_2024": "completed", "february_2025": "on hold", "december_2025": "on hold" }, "geometry": { "type": "Polygon", "coordinates": [ [ [ 7.5637669, 45.0639884 ], [ 7.5641675, 45.0639163 ], [ 7.5640422, 45.0635689 ], [ 7.5639771, 45.0635806 ], [ 7.5639006, 45.0633684 ], [ 7.5635651, 45.0634287 ], [ 7.5637669, 45.0639884 ] ] ] } },
{ "type": "Feature", "properties": { "osm_id": 1419931328, "height": 9.0, "has_osm_height": false, "code": "N119", "name": "FERRERO 1", "july_2020": "on hold", "october_2021": "on hold", "july_2022": "under construction", "december_2022": "under construction", "april_2024": "completed", "february_2025": "completed", "december_2025": "completed" }, "geometry": { "type": "Polygon", "coordinates": [ [ [ 7.5515651, 45.0628797 ], [ 7.551576, 45.0629128 ], [ 7.551452, 45.0629332 ], [ 7.5514411, 45.0629 ], [ 7.5515651, 45.0628797 ] ] ] } },
{ "type": "Feature", "properties": { "osm_id": 1419931329, "height": 9.0, "has_osm_height": false, "code": "N119", "name": "FERRERO 1", "july_2020": "on hold", "october_2021": "on hold", "july_2022": "under construction", "december_2022": "under construction", "april_2024": "completed", "february_2025": "completed", "december_2025": "completed" }, "geometry": { "type": "Polygon", "coordinates": [ [ [ 7.5510775, 45.0629611 ], [ 7.5510884, 45.0629943 ], [ 7.5509644, 45.0630147 ], [ 7.5509535, 45.0629815 ], [ 7.5510775, 45.0629611 ] ] ] } },
{ "type": "Feature", "properties": { "osm_id": 1419931330, "height": 9.0, "has_osm_height": false, "code": "N119", "name": "FERRERO 1", "july_2020": "on hold", "october_2021": "on hold", "july_2022": "under construction", "december_2022": "under construction", "april_2024": "completed", "february_2025": "completed", "december_2025": "completed" }, "geometry": { "type": "Polygon", "coordinates": [ [ [ 7.5520899, 45.0619341 ], [ 7.5523404, 45.0626734 ], [ 7.5517386, 45.0627751 ], [ 7.5514882, 45.0620357 ], [ 7.5520899, 45.0619341 ] ] ] } },
{ "type": "Feature", "properties": { "osm_id": 1419931331, "height": 9.0, "has_osm_height": false, "code": "N119", "name": "FERRERO 1", "july_2020": "on hold", "october_2021": "on hold", "july_2022": "under construction", "december_2022": "under construction", "april_2024": "completed", "february_2025": "completed", "december_2025": "completed" }, "geometry": { "type": "Polygon", "coordinates": [ [ [ 7.5514136, 45.0621415 ], [ 7.5516416, 45.0628129 ], [ 7.5508467, 45.0629491 ], [ 7.5507974, 45.0628049 ], [ 7.5507551, 45.0628127 ], [ 7.5507926, 45.0629081 ], [ 7.5504672, 45.062964 ], [ 7.5503935, 45.0627367 ], [ 7.5507197, 45.0626814 ], [ 7.5507385, 45.0627263 ], [ 7.5507828, 45.0627199 ], [ 7.5506293, 45.0622935 ], [ 7.5506385, 45.0622904 ], [ 7.5506178, 45.0622285 ], [ 7.5507738, 45.0622048 ], [ 7.5507902, 45.0622518 ], [ 7.5514136, 45.0621415 ] ] ] } },
{ "type": "Feature", "properties": { "osm_id": 1419931332, "height": 9.0, "has_osm_height": false, "code": "N119", "name": "FERRERO 1", "july_2020": "on hold", "october_2021": "on hold", "july_2022": "under construction", "december_2022": "under construction", "april_2024": "completed", "february_2025": "completed", "december_2025": "completed" }, "geometry": { "type": "Polygon", "coordinates": [ [ [ 7.550516, 45.0629749 ], [ 7.5505389, 45.0630421 ], [ 7.5505095, 45.0630471 ], [ 7.5504171, 45.0630628 ], [ 7.5503941, 45.0629957 ], [ 7.550516, 45.0629749 ] ] ] } },
{ "type": "Feature", "properties": { "osm_id": 1419931333, "height": 9.0, "has_osm_height": false, "code": "N119", "name": "FERRERO 1", "july_2020": "on hold", "october_2021": "on hold", "july_2022": "under construction", "december_2022": "under construction", "april_2024": "completed", "february_2025": "completed", "december_2025": "completed" }, "geometry": { "type": "Polygon", "coordinates": [ [ [ 7.5503507, 45.0630039 ], [ 7.5503681, 45.0630597 ], [ 7.5503049, 45.0630696 ], [ 7.5502874, 45.0630138 ], [ 7.5503507, 45.0630039 ] ] ] } },
{ "type": "Feature", "properties": { "osm_id": 1419994638, "height": 9.0, "has_osm_height": false, "code": "N113", "name": "DI VITTORIO", "july_2020": "on hold", "october_2021": "on hold", "july_2022": "on hold", "december_2022": "on hold", "april_2024": "removed", "february_2025": "", "december_2025": "" }, "geometry": { "type": "Polygon", "coordinates": [ [ [ 7.5599811, 45.0643371 ], [ 7.560134, 45.0647529 ], [ 7.5614169, 45.0645368 ], [ 7.5613952, 45.0644709 ], [ 7.5613492, 45.0644789 ], [ 7.5612727, 45.0642559 ], [ 7.5612531, 45.0642198 ], [ 7.5612182, 45.0641252 ], [ 7.5599811, 45.0643371 ] ] ] } },
{ "type": "Feature", "properties": { "osm_id": 1419994639, "height": 9.0, "has_osm_height": false, "code": "N113", "name": "DI VITTORIO", "july_2020": "on hold", "october_2021": "on hold", "july_2022": "on hold", "december_2022": "on hold", "april_2024": "removed", "february_2025": "", "december_2025": "" }, "geometry": { "type": "Polygon", "coordinates": [ [ [ 7.5614938, 45.0642192 ], [ 7.5615099, 45.0642688 ], [ 7.561619, 45.0642512 ], [ 7.5615863, 45.06415 ], [ 7.5616139, 45.0641455 ], [ 7.5615852, 45.0640567 ], [ 7.5612913, 45.0641042 ], [ 7.5613246, 45.0642072 ], [ 7.5612531, 45.0642198 ], [ 7.5612727, 45.0642559 ], [ 7.5614938, 45.0642192 ] ] ] } },
{ "type": "Feature", "properties": { "osm_id": 1433345058, "height": 9.0, "has_osm_height": false, "code": "N178", "name": "DATA CENTER", "july_2020": "", "october_2021": "", "july_2022": "under construction", "december_2022": "under construction", "april_2024": "completed", "february_2025": "completed", "december_2025": "completed" }, "geometry": { "type": "Polygon", "coordinates": [ [ [ 7.7423628, 45.1458579 ], [ 7.7425241, 45.1460638 ], [ 7.742561, 45.1460495 ], [ 7.7425428, 45.1460263 ], [ 7.742594, 45.1460063 ], [ 7.7427377, 45.1461898 ], [ 7.7426863, 45.1462098 ], [ 7.7426682, 45.1461867 ], [ 7.7426356, 45.1461994 ], [ 7.7427944, 45.1464021 ], [ 7.7428213, 45.1463916 ], [ 7.7429455, 45.1465501 ], [ 7.74234, 45.1467862 ], [ 7.7422276, 45.1466427 ], [ 7.7422502, 45.1466338 ], [ 7.7420819, 45.146419 ], [ 7.7420436, 45.1464339 ], [ 7.7419428, 45.1463053 ], [ 7.7419716, 45.1462941 ], [ 7.7416896, 45.1459338 ], [ 7.7418185, 45.1458837 ], [ 7.7419302, 45.1460263 ], [ 7.7423628, 45.1458579 ] ] ] } },
{ "type": "Feature", "properties": { "osm_id": 1433345064, "height": 9.0, "has_osm_height": false, "code": "N178", "name": "DATA CENTER", "july_2020": "", "october_2021": "", "july_2022": "under construction", "december_2022": "under construction", "april_2024": "completed", "february_2025": "completed", "december_2025": "completed" }, "geometry": { "type": "Polygon", "coordinates": [ [ [ 7.7426307, 45.1467419 ], [ 7.7426657, 45.1467859 ], [ 7.7424466, 45.1468727 ], [ 7.7424116, 45.1468287 ], [ 7.7426307, 45.1467419 ] ] ] } },
{ "type": "Feature", "properties": { "osm_id": 1433345065, "height": 9.0, "has_osm_height": false, "code": "N122", "name": "REISIERA", "july_2020": "procedure in progress", "october_2021": "procedure in progress", "july_2022": "procedure in progress", "december_2022": "procedure in progress", "april_2024": "procedure in progress", "february_2025": "procedure in progress", "december_2025": "procedure in progress" }, "geometry": { "type": "Polygon", "coordinates": [ [ [ 7.741853, 45.1469762 ], [ 7.7419362, 45.1469432 ], [ 7.7418633, 45.1468519 ], [ 7.7417801, 45.1468849 ], [ 7.741853, 45.1469762 ] ] ] } },
{ "type": "Feature", "properties": { "osm_id": 1433345065, "height": 9.0, "has_osm_height": false, "code": "N178", "name": "DATA CENTER", "july_2020": "", "october_2021": "", "july_2022": "under construction", "december_2022": "under construction", "april_2024": "completed", "february_2025": "completed", "december_2025": "completed" }, "geometry": { "type": "Polygon", "coordinates": [ [ [ 7.741853, 45.1469762 ], [ 7.7419362, 45.1469432 ], [ 7.7418633, 45.1468519 ], [ 7.7417801, 45.1468849 ], [ 7.741853, 45.1469762 ] ] ] } },
{ "type": "Feature", "properties": { "osm_id": 1433345065, "height": 9.0, "has_osm_height": false, "code": "N122", "name": "REISIERA", "july_2020": "procedure in progress", "october_2021": "procedure in progress", "july_2022": "procedure in progress", "december_2022": "procedure in progress", "april_2024": "procedure in progress", "february_2025": "procedure in progress", "december_2025": "procedure in progress" }, "geometry": { "type": "Polygon", "coordinates": [ [ [ 7.741853, 45.1469762 ], [ 7.7419362, 45.1469432 ], [ 7.7418633, 45.1468519 ], [ 7.7417801, 45.1468849 ], [ 7.741853, 45.1469762 ] ] ] } },
{ "type": "Feature", "properties": { "osm_id": 1433345065, "height": 9.0, "has_osm_height": false, "code": "N178", "name": "DATA CENTER", "july_2020": "", "october_2021": "", "july_2022": "under construction", "december_2022": "under construction", "april_2024": "completed", "february_2025": "completed", "december_2025": "completed" }, "geometry": { "type": "Polygon", "coordinates": [ [ [ 7.741853, 45.1469762 ], [ 7.7419362, 45.1469432 ], [ 7.7418633, 45.1468519 ], [ 7.7417801, 45.1468849 ], [ 7.741853, 45.1469762 ] ] ] } },
{ "type": "Feature", "properties": { "osm_id": 1433345066, "height": 9.0, "has_osm_height": false, "code": "N122", "name": "REISIERA", "july_2020": "procedure in progress", "october_2021": "procedure in progress", "july_2022": "procedure in progress", "december_2022": "procedure in progress", "april_2024": "procedure in progress", "february_2025": "procedure in progress", "december_2025": "procedure in progress" }, "geometry": { "type": "Polygon", "coordinates": [ [ [ 7.7421287, 45.1470034 ], [ 7.742152, 45.1470345 ], [ 7.7420411, 45.1470759 ], [ 7.7420177, 45.1470448 ], [ 7.7421287, 45.1470034 ] ] ] } },
{ "type": "Feature", "properties": { "osm_id": 1433345066, "height": 9.0, "has_osm_height": false, "code": "N178", "name": "DATA CENTER", "july_2020": "", "october_2021": "", "july_2022": "under construction", "december_2022": "under construction", "april_2024": "completed", "february_2025": "completed", "december_2025": "completed" }, "geometry": { "type": "Polygon", "coordinates": [ [ [ 7.7421287, 45.1470034 ], [ 7.742152, 45.1470345 ], [ 7.7420411, 45.1470759 ], [ 7.7420177, 45.1470448 ], [ 7.7421287, 45.1470034 ] ] ] } },
{ "type": "Feature", "properties": { "osm_id": 1433345066, "height": 9.0, "has_osm_height": false, "code": "N122", "name": "REISIERA", "july_2020": "procedure in progress", "october_2021": "procedure in progress", "july_2022": "procedure in progress", "december_2022": "procedure in progress", "april_2024": "procedure in progress", "february_2025": "procedure in progress", "december_2025": "procedure in progress" }, "geometry": { "type": "Polygon", "coordinates": [ [ [ 7.7421287, 45.1470034 ], [ 7.742152, 45.1470345 ], [ 7.7420411, 45.1470759 ], [ 7.7420177, 45.1470448 ], [ 7.7421287, 45.1470034 ] ] ] } },
{ "type": "Feature", "properties": { "osm_id": 1433345066, "height": 9.0, "has_osm_height": false, "code": "N178", "name": "DATA CENTER", "july_2020": "", "october_2021": "", "july_2022": "under construction", "december_2022": "under construction", "april_2024": "completed", "february_2025": "completed", "december_2025": "completed" }, "geometry": { "type": "Polygon", "coordinates": [ [ [ 7.7421287, 45.1470034 ], [ 7.742152, 45.1470345 ], [ 7.7420411, 45.1470759 ], [ 7.7420177, 45.1470448 ], [ 7.7421287, 45.1470034 ] ] ] } },
{ "type": "Feature", "properties": { "osm_id": 1433345067, "height": 9.0, "has_osm_height": false, "code": "N122", "name": "REISIERA", "july_2020": "procedure in progress", "october_2021": "procedure in progress", "july_2022": "procedure in progress", "december_2022": "procedure in progress", "april_2024": "procedure in progress", "february_2025": "procedure in progress", "december_2025": "procedure in progress" }, "geometry": { "type": "Polygon", "coordinates": [ [ [ 7.7419037, 45.1470217 ], [ 7.7419666, 45.1470975 ], [ 7.7420006, 45.1470835 ], [ 7.7419378, 45.1470077 ], [ 7.7419037, 45.1470217 ] ] ] } },
{ "type": "Feature", "properties": { "osm_id": 1433345067, "height": 9.0, "has_osm_height": false, "code": "N178", "name": "DATA CENTER", "july_2020": "", "october_2021": "", "july_2022": "under construction", "december_2022": "under construction", "april_2024": "completed", "february_2025": "completed", "december_2025": "completed" }, "geometry": { "type": "Polygon", "coordinates": [ [ [ 7.7419037, 45.1470217 ], [ 7.7419666, 45.1470975 ], [ 7.7420006, 45.1470835 ], [ 7.7419378, 45.1470077 ], [ 7.7419037, 45.1470217 ] ] ] } },
{ "type": "Feature", "properties": { "osm_id": 1433345067, "height": 9.0, "has_osm_height": false, "code": "N122", "name": "REISIERA", "july_2020": "procedure in progress", "october_2021": "procedure in progress", "july_2022": "procedure in progress", "december_2022": "procedure in progress", "april_2024": "procedure in progress", "february_2025": "procedure in progress", "december_2025": "procedure in progress" }, "geometry": { "type": "Polygon", "coordinates": [ [ [ 7.7419037, 45.1470217 ], [ 7.7419666, 45.1470975 ], [ 7.7420006, 45.1470835 ], [ 7.7419378, 45.1470077 ], [ 7.7419037, 45.1470217 ] ] ] } },
{ "type": "Feature", "properties": { "osm_id": 1433345067, "height": 9.0, "has_osm_height": false, "code": "N178", "name": "DATA CENTER", "july_2020": "", "october_2021": "", "july_2022": "under construction", "december_2022": "under construction", "april_2024": "completed", "february_2025": "completed", "december_2025": "completed" }, "geometry": { "type": "Polygon", "coordinates": [ [ [ 7.7419037, 45.1470217 ], [ 7.7419666, 45.1470975 ], [ 7.7420006, 45.1470835 ], [ 7.7419378, 45.1470077 ], [ 7.7419037, 45.1470217 ] ] ] } },
{ "type": "Feature", "properties": { "osm_id": 1455965457, "height": 9.0, "has_osm_height": false, "code": "N119", "name": "FERRERO 1", "july_2020": "on hold", "october_2021": "on hold", "july_2022": "under construction", "december_2022": "under construction", "april_2024": "completed", "february_2025": "completed", "december_2025": "completed" }, "geometry": { "type": "Polygon", "coordinates": [ [ [ 7.5525073, 45.061747 ], [ 7.5527013, 45.0623265 ], [ 7.5525776, 45.0623471 ], [ 7.552547, 45.0622557 ], [ 7.5524161, 45.0622775 ], [ 7.5523358, 45.0620373 ], [ 7.5522969, 45.0620438 ], [ 7.552214, 45.061796 ], [ 7.5525073, 45.061747 ] ] ] } },
{ "type": "Feature", "properties": { "osm_id": 94564751, "height": 9.0, "has_osm_height": false, "code": "N129", "name": "COMAU", "july_2020": "procedure in progress", "october_2021": "procedure in progress", "july_2022": "procedure in progress", "december_2022": "procedure in progress", "april_2024": "under construction", "february_2025": "under construction", "december_2025": "under construction" }, "geometry": { "type": "Polygon", "coordinates": [ [ [ 7.5903585, 45.0092032 ], [ 7.5896536, 45.0094132 ], [ 7.589541, 45.0092243 ], [ 7.5894219, 45.0092598 ], [ 7.5889347, 45.0084425 ], [ 7.5890542, 45.0084069 ], [ 7.5886002, 45.0076451 ], [ 7.5898506, 45.0072726 ], [ 7.5909054, 45.0090422 ], [ 7.5905006, 45.0091628 ], [ 7.5905705, 45.0092801 ], [ 7.5909883, 45.0091557 ], [ 7.5910879, 45.0093227 ], [ 7.5907102, 45.0094353 ], [ 7.5908594, 45.0096856 ], [ 7.5906295, 45.0097541 ], [ 7.5904823, 45.0095071 ], [ 7.589955, 45.0096642 ], [ 7.5898603, 45.0095053 ], [ 7.5904363, 45.0093337 ], [ 7.5903585, 45.0092032 ] ] ] } },
{ "type": "Feature", "properties": { "osm_id": 124718382, "height": 9.0, "has_osm_height": false, "code": "N125", "name": "DON SAPINO", "july_2020": "on hold", "october_2021": "on hold", "july_2022": "on hold", "december_2022": "on hold", "april_2024": "on hold", "february_2025": "on hold", "december_2025": "on hold" }, "geometry": { "type": "Polygon", "coordinates": [ [ [ 7.6141324, 45.1172395 ], [ 7.6143573, 45.1171736 ], [ 7.6145924, 45.1175738 ], [ 7.6143678, 45.1176395 ], [ 7.6145848, 45.1180088 ], [ 7.6138747, 45.1182166 ], [ 7.6137428, 45.1179921 ], [ 7.6138832, 45.117951 ], [ 7.6138446, 45.1178853 ], [ 7.613768, 45.1179077 ], [ 7.6134913, 45.1174369 ], [ 7.6134271, 45.1174557 ], [ 7.6136707, 45.1178701 ], [ 7.6136048, 45.1178894 ], [ 7.613645, 45.1179578 ], [ 7.6135494, 45.1179858 ], [ 7.6135032, 45.1179072 ], [ 7.6135828, 45.1178839 ], [ 7.6132307, 45.1172847 ], [ 7.6133079, 45.1172621 ], [ 7.6133443, 45.117324 ], [ 7.6134215, 45.1173014 ], [ 7.6133249, 45.117137 ], [ 7.6139923, 45.1169417 ], [ 7.613969, 45.1169021 ], [ 7.6142122, 45.1168309 ], [ 7.6143035, 45.1169864 ], [ 7.6140306, 45.1170662 ], [ 7.6141324, 45.1172395 ] ] ] } },
{ "type": "Feature", "properties": { "osm_id": 159512415, "height": 9.0, "has_osm_height": false, "code": "N124", "name": "DON SAPINO 2", "july_2020": "on hold", "october_2021": "on hold", "july_2022": "on hold", "december_2022": "on hold", "april_2024": "removed", "february_2025": "", "december_2025": "" }, "geometry": { "type": "Polygon", "coordinates": [ [ [ 7.6131174, 45.1222218 ], [ 7.6157268, 45.1214426 ], [ 7.6164059, 45.1212398 ], [ 7.6161906, 45.1208808 ], [ 7.6129021, 45.1218628 ], [ 7.6131174, 45.1222218 ] ] ] } },
{ "type": "Feature", "properties": { "osm_id": 166717248, "height": 9.0, "has_osm_height": false, "code": "N132", "name": "ERGOM", "july_2020": "on hold", "october_2021": "on hold", "july_2022": "on hold", "december_2022": "on hold", "april_2024": "on hold", "february_2025": "on hold", "december_2025": "on hold" }, "geometry": { "type": "Polygon", "coordinates": [ [ [ 7.6488305, 45.1507544 ], [ 7.6488968, 45.15076 ], [ 7.6491162, 45.1494615 ], [ 7.6487686, 45.1494323 ], [ 7.6488419, 45.1489985 ], [ 7.6479516, 45.1489237 ], [ 7.6476589, 45.150656 ], [ 7.6477721, 45.1506655 ], [ 7.6477624, 45.1507227 ], [ 7.6488209, 45.1508116 ], [ 7.6488305, 45.1507544 ] ] ] } },
{ "type": "Feature", "properties": { "osm_id": 312738289, "height": 9.6, "has_osm_height": true, "code": "N131", "name": "CTREA", "july_2020": "procedure in progress", "october_2021": "procedure in progress", "july_2022": "procedure in progress", "december_2022": "procedure in progress", "april_2024": "under construction", "february_2025": "completed", "december_2025": "completed" }, "geometry": { "type": "Polygon", "coordinates": [ [ [ 7.5795008, 45.0731152 ], [ 7.5795085, 45.0730265 ], [ 7.5795112, 45.0730047 ], [ 7.5796294, 45.0730096 ], [ 7.5796555, 45.0730107 ], [ 7.5796868, 45.073012 ], [ 7.5799401, 45.0730225 ], [ 7.5799352, 45.0730671 ], [ 7.57993, 45.0731137 ], [ 7.5796539, 45.0731017 ], [ 7.5796521, 45.0731217 ], [ 7.5795008, 45.0731152 ] ] ] } },
{ "type": "Feature", "properties": { "osm_id": 449915080, "height": 9.0, "has_osm_height": false, "code": "N123", "name": "CORTI", "july_2020": "procedure in progress", "october_2021": "procedure in progress", "july_2022": "procedure in progress", "december_2022": "procedure in progress", "april_2024": "removed", "february_2025": "", "december_2025": "" }, "geometry": { "type": "Polygon", "coordinates": [ [ [ 7.5589739, 45.0717561 ], [ 7.5589339, 45.0716007 ], [ 7.5590176, 45.07159 ], [ 7.5590577, 45.0717453 ], [ 7.5589739, 45.0717561 ] ] ] } },
{ "type": "Feature", "properties": { "osm_id": 449915081, "height": 9.0, "has_osm_height": false, "code": "N123", "name": "CORTI", "july_2020": "procedure in progress", "october_2021": "procedure in progress", "july_2022": "procedure in progress", "december_2022": "procedure in progress", "april_2024": "removed", "february_2025": "", "december_2025": "" }, "geometry": { "type": "Polygon", "coordinates": [ [ [ 7.5589339, 45.0716007 ], [ 7.5588654, 45.0713954 ], [ 7.5589805, 45.0713774 ], [ 7.5590176, 45.07159 ], [ 7.5589339, 45.0716007 ] ] ] } },
{ "type": "Feature", "properties": { "osm_id": 450360931, "height": 6.4, "has_osm_height": true, "code": "N131", "name": "CTREA", "july_2020": "procedure in progress", "october_2021": "procedure in progress", "july_2022": "procedure in progress", "december_2022": "procedure in progress", "april_2024": "under construction", "february_2025": "completed", "december_2025": "completed" }, "geometry": { "type": "Polygon", "coordinates": [ [ [ 7.578614, 45.0736291 ], [ 7.5786633, 45.073192 ], [ 7.578678, 45.0729907 ], [ 7.5795085, 45.0730265 ], [ 7.5795008, 45.0731152 ], [ 7.5796521, 45.0731217 ], [ 7.5796539, 45.0731017 ], [ 7.57993, 45.0731137 ], [ 7.5799097, 45.0733488 ], [ 7.5798406, 45.0733458 ], [ 7.5798363, 45.0733958 ], [ 7.5794672, 45.0733799 ], [ 7.5794425, 45.0736653 ], [ 7.578614, 45.0736291 ] ] ] } },
{ "type": "Feature", "properties": { "osm_id": 450360932, "height": 9.0, "has_osm_height": false, "code": "N131", "name": "CTREA", "july_2020": "procedure in progress", "october_2021": "procedure in progress", "july_2022": "procedure in progress", "december_2022": "procedure in progress", "april_2024": "under construction", "february_2025": "completed", "december_2025": "completed" }, "geometry": { "type": "Polygon", "coordinates": [ [ [ 7.5778665, 45.0732637 ], [ 7.5778735, 45.0731858 ], [ 7.5781914, 45.0732001 ], [ 7.5781896, 45.0732191 ], [ 7.5781843, 45.0732781 ], [ 7.5778665, 45.0732637 ] ] ] } },
{ "type": "Feature", "properties": { "osm_id": 457059128, "height": 9.0, "has_osm_height": false, "code": "N128", "name": "CHIARA", "july_2020": "procedure in progress", "october_2021": "procedure in progress", "july_2022": "procedure in progress", "december_2022": "procedure in progress", "april_2024": "removed", "february_2025": "", "december_2025": "" }, "geometry": { "type": "Polygon", "coordinates": [ [ [ 7.5940588, 45.0747708 ], [ 7.5945066, 45.0747244 ], [ 7.5944824, 45.0746083 ], [ 7.594399, 45.0746169 ], [ 7.5943775, 45.0745132 ], [ 7.5942919, 45.0745221 ], [ 7.5942748, 45.0744402 ], [ 7.5942983, 45.0744378 ], [ 7.5942305, 45.0741116 ], [ 7.5941747, 45.0741174 ], [ 7.5941666, 45.0740784 ], [ 7.5939202, 45.0741039 ], [ 7.5940588, 45.0747708 ] ] ] } },
{ "type": "Feature", "properties": { "osm_id": 457059131, "height": 9.6, "has_osm_height": true, "code": "N128", "name": "CHIARA", "july_2020": "procedure in progress", "october_2021": "procedure in progress", "july_2022": "procedure in progress", "december_2022": "procedure in progress", "april_2024": "removed", "february_2025": "", "december_2025": "" }, "geometry": { "type": "Polygon", "coordinates": [ [ [ 7.5940546, 45.073993 ], [ 7.5940257, 45.0738424 ], [ 7.5941947, 45.0738481 ], [ 7.5942209, 45.0739759 ], [ 7.5940546, 45.073993 ] ] ] } },
{ "type": "Feature", "properties": { "osm_id": 457059141, "height": 9.0, "has_osm_height": false, "code": "N134", "name": "LATTES", "july_2020": "procedure in progress", "october_2021": "procedure in progress", "july_2022": "procedure in progress", "december_2022": "procedure in progress", "april_2024": "procedure in progress", "february_2025": "procedure in progress", "december_2025": "procedure in progress" }, "geometry": { "type": "Polygon", "coordinates": [ [ [ 7.5921479, 45.0755789 ], [ 7.5925411, 45.0755618 ], [ 7.5924782, 45.0748382 ], [ 7.592129, 45.0748534 ], [ 7.5921484, 45.075076 ], [ 7.5921043, 45.0750779 ], [ 7.5921479, 45.0755789 ] ] ] } },
{ "type": "Feature", "properties": { "osm_id": 459580701, "height": 9.0, "has_osm_height": false, "code": "N133", "name": "ILTE", "july_2020": "on hold", "october_2021": "on hold", "july_2022": "procedure in progress", "december_2022": "procedure in progress", "april_2024": "procedure in progress", "february_2025": "procedure in progress", "december_2025": "procedure in progress" }, "geometry": { "type": "Polygon", "coordinates": [ [ [ 7.7150688, 44.9705031 ], [ 7.7151548, 44.9702848 ], [ 7.7153, 44.9703134 ], [ 7.715214, 44.9705317 ], [ 7.7150688, 44.9705031 ] ] ] } },
{ "type": "Feature", "properties": { "osm_id": 459619435, "height": 9.0, "has_osm_height": false, "code": "N133", "name": "ILTE", "july_2020": "on hold", "october_2021": "on hold", "july_2022": "procedure in progress", "december_2022": "procedure in progress", "april_2024": "procedure in progress", "february_2025": "procedure in progress", "december_2025": "procedure in progress" }, "geometry": { "type": "Polygon", "coordinates": [ [ [ 7.7171993, 44.9703261 ], [ 7.717194, 44.9700997 ], [ 7.7175045, 44.9700961 ], [ 7.7175559, 44.9701099 ], [ 7.7175779, 44.9701341 ], [ 7.7178029, 44.9701307 ], [ 7.7178224, 44.9701064 ], [ 7.7178689, 44.9700909 ], [ 7.7181945, 44.9700871 ], [ 7.7181998, 44.9703144 ], [ 7.7171993, 44.9703261 ] ] ] } },
{ "type": "Feature", "properties": { "osm_id": 459619437, "height": 9.0, "has_osm_height": false, "code": "N133", "name": "ILTE", "july_2020": "on hold", "october_2021": "on hold", "july_2022": "procedure in progress", "december_2022": "procedure in progress", "april_2024": "procedure in progress", "february_2025": "procedure in progress", "december_2025": "procedure in progress" }, "geometry": { "type": "Polygon", "coordinates": [ [ [ 7.7154455, 44.9718152 ], [ 7.7154203, 44.970971 ], [ 7.7165168, 44.9709649 ], [ 7.7165168, 44.9706972 ], [ 7.718357, 44.9706841 ], [ 7.7183607, 44.9707602 ], [ 7.718587, 44.9707576 ], [ 7.718587, 44.9710017 ], [ 7.7183607, 44.9710043 ], [ 7.7183644, 44.9711985 ], [ 7.7187205, 44.9711959 ], [ 7.7187243, 44.9713324 ], [ 7.7183644, 44.9713376 ], [ 7.7183718, 44.9715948 ], [ 7.7187317, 44.9715843 ], [ 7.7187354, 44.97165 ], [ 7.7186834, 44.9716526 ], [ 7.7186834, 44.9717471 ], [ 7.7183755, 44.9717471 ], [ 7.7183913, 44.972166 ], [ 7.7187428, 44.9721644 ], [ 7.7187502, 44.9722956 ], [ 7.7183959, 44.9722935 ], [ 7.7184019, 44.9725607 ], [ 7.7187576, 44.9725607 ], [ 7.7187575, 44.9726837 ], [ 7.7184889, 44.9726857 ], [ 7.7184045, 44.9726858 ], [ 7.7184126, 44.9730804 ], [ 7.7180453, 44.973083 ], [ 7.718049, 44.9733507 ], [ 7.7172699, 44.9733612 ], [ 7.7172625, 44.9731014 ], [ 7.7156561, 44.9731119 ], [ 7.715619, 44.9718127 ], [ 7.7154455, 44.9718152 ] ] ] } },
{ "type": "Feature", "properties": { "osm_id": 459619440, "height": 9.0, "has_osm_height": false, "code": "N133", "name": "ILTE", "july_2020": "on hold", "october_2021": "on hold", "july_2022": "procedure in progress", "december_2022": "procedure in progress", "april_2024": "procedure in progress", "february_2025": "procedure in progress", "december_2025": "procedure in progress" }, "geometry": { "type": "Polygon", "coordinates": [ [ [ 7.7187205, 44.9711959 ], [ 7.7187243, 44.9713324 ], [ 7.7187317, 44.9715843 ], [ 7.7187354, 44.97165 ], [ 7.7187428, 44.9721644 ], [ 7.7187502, 44.9722956 ], [ 7.7187576, 44.9725607 ], [ 7.7187575, 44.9726837 ], [ 7.718763, 44.973066 ], [ 7.7187725, 44.9732059 ], [ 7.7197, 44.9731933 ], [ 7.7196703, 44.9715843 ], [ 7.7200265, 44.9715817 ], [ 7.720019, 44.9710515 ], [ 7.7201674, 44.9710542 ], [ 7.7201674, 44.9708389 ], [ 7.7196072, 44.9708442 ], [ 7.7196147, 44.9710594 ], [ 7.7196518, 44.9710594 ], [ 7.7196518, 44.9711801 ], [ 7.7187205, 44.9711959 ] ] ] } },
{ "type": "Feature", "properties": { "osm_id": 459619443, "height": 9.0, "has_osm_height": false, "code": "N133", "name": "ILTE", "july_2020": "on hold", "october_2021": "on hold", "july_2022": "procedure in progress", "december_2022": "procedure in progress", "april_2024": "procedure in progress", "february_2025": "procedure in progress", "december_2025": "procedure in progress" }, "geometry": { "type": "Polygon", "coordinates": [ [ [ 7.7184889, 44.9726857 ], [ 7.7184908, 44.9728158 ], [ 7.7185369, 44.9728155 ], [ 7.7185405, 44.9730676 ], [ 7.718763, 44.973066 ], [ 7.7187575, 44.9726837 ], [ 7.7184889, 44.9726857 ] ] ] } },
{ "type": "Feature", "properties": { "osm_id": 459619445, "height": 9.0, "has_osm_height": false, "code": "N133", "name": "ILTE", "july_2020": "on hold", "october_2021": "on hold", "july_2022": "procedure in progress", "december_2022": "procedure in progress", "april_2024": "procedure in progress", "february_2025": "procedure in progress", "december_2025": "procedure in progress" }, "geometry": { "type": "Polygon", "coordinates": [ [ [ 7.7186721, 44.970438 ], [ 7.7186676, 44.9702849 ], [ 7.7187908, 44.9702831 ], [ 7.7189486, 44.9701564 ], [ 7.7191874, 44.9701534 ], [ 7.7193431, 44.9702635 ], [ 7.7194923, 44.9702635 ], [ 7.7194923, 44.9703329 ], [ 7.7194604, 44.9703329 ], [ 7.7194604, 44.9703721 ], [ 7.7194966, 44.9703721 ], [ 7.7194966, 44.9704279 ], [ 7.719358, 44.9704279 ], [ 7.7191938, 44.9705517 ], [ 7.718955, 44.9705531 ], [ 7.7188441, 44.9704355 ], [ 7.7186721, 44.970438 ] ] ] } },
{ "type": "Feature", "properties": { "osm_id": 459619447, "height": 9.0, "has_osm_height": false, "code": "N133", "name": "ILTE", "july_2020": "on hold", "october_2021": "on hold", "july_2022": "procedure in progress", "december_2022": "procedure in progress", "april_2024": "procedure in progress", "february_2025": "procedure in progress", "december_2025": "procedure in progress" }, "geometry": { "type": "Polygon", "coordinates": [ [ [ 7.7198667, 44.9731964 ], [ 7.7198477, 44.9726129 ], [ 7.7200437, 44.9726097 ], [ 7.7200627, 44.9731932 ], [ 7.7198667, 44.9731964 ] ] ] } },
{ "type": "Feature", "properties": { "osm_id": 459619449, "height": 9.0, "has_osm_height": false, "code": "N133", "name": "ILTE", "july_2020": "on hold", "october_2021": "on hold", "july_2022": "procedure in progress", "december_2022": "procedure in progress", "april_2024": "procedure in progress", "february_2025": "procedure in progress", "december_2025": "procedure in progress" }, "geometry": { "type": "Polygon", "coordinates": [ [ [ 7.7194607, 44.9739498 ], [ 7.7194496, 44.9734981 ], [ 7.719963, 44.9734918 ], [ 7.7199741, 44.9739435 ], [ 7.7194607, 44.9739498 ] ] ] } },
{ "type": "Feature", "properties": { "osm_id": 1091896143, "height": 9.0, "has_osm_height": false, "code": "N127", "name": "CEAT PIRELLI", "july_2020": "on hold", "october_2021": "on hold", "july_2022": "procedure in progress", "december_2022": "procedure in progress", "april_2024": "removed", "february_2025": "", "december_2025": "" }, "geometry": { "type": "Polygon", "coordinates": [ [ [ 7.7832849, 45.162523 ], [ 7.7867547, 45.1642326 ], [ 7.7856947, 45.1653023 ], [ 7.7822245, 45.1635932 ], [ 7.7832849, 45.162523 ] ] ] } },
{ "type": "Feature", "properties": { "osm_id": 1101481454, "height": 9.0, "has_osm_height": false, "code": "N133", "name": "ILTE", "july_2020": "on hold", "october_2021": "on hold", "july_2022": "procedure in progress", "december_2022": "procedure in progress", "april_2024": "procedure in progress", "february_2025": "procedure in progress", "december_2025": "procedure in progress" }, "geometry": { "type": "Polygon", "coordinates": [ [ [ 7.7176575, 44.9750789 ], [ 7.7176594, 44.9751808 ], [ 7.7177597, 44.9751798 ], [ 7.717993, 44.9751776 ], [ 7.7179911, 44.9750757 ], [ 7.7176575, 44.9750789 ] ] ] } },
{ "type": "Feature", "properties": { "osm_id": 1101481456, "height": 9.0, "has_osm_height": false, "code": "N133", "name": "ILTE", "july_2020": "on hold", "october_2021": "on hold", "july_2022": "procedure in progress", "december_2022": "procedure in progress", "april_2024": "procedure in progress", "february_2025": "procedure in progress", "december_2025": "procedure in progress" }, "geometry": { "type": "Polygon", "coordinates": [ [ [ 7.7176107, 44.9741427 ], [ 7.7176189, 44.9743219 ], [ 7.7178734, 44.9743161 ], [ 7.7178652, 44.9741369 ], [ 7.7176107, 44.9741427 ] ] ] } },
{ "type": "Feature", "properties": { "osm_id": 1101481457, "height": 9.0, "has_osm_height": false, "code": "N133", "name": "ILTE", "july_2020": "on hold", "october_2021": "on hold", "july_2022": "procedure in progress", "december_2022": "procedure in progress", "april_2024": "procedure in progress", "february_2025": "procedure in progress", "december_2025": "procedure in progress" }, "geometry": { "type": "Polygon", "coordinates": [ [ [ 7.7197375, 44.9717011 ], [ 7.7197495, 44.9719667 ], [ 7.7200578, 44.9719597 ], [ 7.7200458, 44.9716941 ], [ 7.7197375, 44.9717011 ] ] ] } },
{ "type": "Feature", "properties": { "osm_id": 1183758809, "height": 9.0, "has_osm_height": false, "code": "N130", "name": "CONCERIA", "july_2020": "on hold", "october_2021": "on hold", "july_2022": "on hold", "december_2022": "on hold", "april_2024": "on hold", "february_2025": "on hold", "december_2025": "on hold" }, "geometry": { "type": "Polygon", "coordinates": [ [ [ 7.6505532, 45.1543942 ], [ 7.6505221, 45.1544666 ], [ 7.6503392, 45.1544276 ], [ 7.6503703, 45.1543552 ], [ 7.6505532, 45.1543942 ] ] ] } },
{ "type": "Feature", "properties": { "osm_id": 1183758812, "height": 9.0, "has_osm_height": false, "code": "N130", "name": "CONCERIA", "july_2020": "on hold", "october_2021": "on hold", "july_2022": "on hold", "december_2022": "on hold", "april_2024": "on hold", "february_2025": "on hold", "december_2025": "on hold" }, "geometry": { "type": "Polygon", "coordinates": [ [ [ 7.6495277, 45.1542048 ], [ 7.6495534, 45.1540735 ], [ 7.6498574, 45.1541031 ], [ 7.6498317, 45.1542344 ], [ 7.6495277, 45.1542048 ] ] ] } },
{ "type": "Feature", "properties": { "osm_id": 1183758813, "height": 9.0, "has_osm_height": false, "code": "N130", "name": "CONCERIA", "july_2020": "on hold", "october_2021": "on hold", "july_2022": "on hold", "december_2022": "on hold", "april_2024": "on hold", "february_2025": "on hold", "december_2025": "on hold" }, "geometry": { "type": "Polygon", "coordinates": [ [ [ 7.649651, 45.1535461 ], [ 7.6501738, 45.1535529 ], [ 7.650172, 45.153621 ], [ 7.6500755, 45.1536197 ], [ 7.650073, 45.1537162 ], [ 7.6496466, 45.1537106 ], [ 7.649651, 45.1535461 ] ] ] } },
{ "type": "Feature", "properties": { "osm_id": 1183758814, "height": 9.0, "has_osm_height": false, "code": "N130", "name": "CONCERIA", "july_2020": "on hold", "october_2021": "on hold", "july_2022": "on hold", "december_2022": "on hold", "april_2024": "on hold", "february_2025": "on hold", "december_2025": "on hold" }, "geometry": { "type": "Polygon", "coordinates": [ [ [ 7.6496025, 45.1551458 ], [ 7.6497144, 45.1551545 ], [ 7.6497244, 45.1551354 ], [ 7.6498043, 45.1551424 ], [ 7.6498186, 45.1551233 ], [ 7.6498847, 45.1551284 ], [ 7.6499825, 45.1544943 ], [ 7.6499187, 45.1544894 ], [ 7.6499224, 45.1544656 ], [ 7.6497802, 45.1544546 ], [ 7.6497752, 45.1544864 ], [ 7.6497069, 45.1544811 ], [ 7.6496025, 45.1551458 ] ] ] } },
{ "type": "Feature", "properties": { "osm_id": 1183758815, "height": 9.0, "has_osm_height": false, "code": "N130", "name": "CONCERIA", "july_2020": "on hold", "october_2021": "on hold", "july_2022": "on hold", "december_2022": "on hold", "april_2024": "on hold", "february_2025": "on hold", "december_2025": "on hold" }, "geometry": { "type": "Polygon", "coordinates": [ [ [ 7.6487676, 45.1552747 ], [ 7.6489046, 45.1552878 ], [ 7.6488854, 45.1553879 ], [ 7.6490776, 45.1554062 ], [ 7.6490963, 45.1553087 ], [ 7.6493557, 45.1553334 ], [ 7.6493894, 45.1551573 ], [ 7.6494782, 45.1551657 ], [ 7.6496201, 45.1544237 ], [ 7.649646, 45.1544195 ], [ 7.6496693, 45.1542984 ], [ 7.6495109, 45.1542832 ], [ 7.6495199, 45.1542368 ], [ 7.6493401, 45.1542196 ], [ 7.6493741, 45.1540434 ], [ 7.6491888, 45.1540256 ], [ 7.6491401, 45.1542784 ], [ 7.6489989, 45.1542649 ], [ 7.6489071, 45.1547419 ], [ 7.6487392, 45.154726 ], [ 7.6487233, 45.1548192 ], [ 7.6488527, 45.1548314 ], [ 7.6487676, 45.1552747 ] ] ] } },
{ "type": "Feature", "properties": { "osm_id": 1183758816, "height": 9.0, "has_osm_height": false, "code": "N130", "name": "CONCERIA", "july_2020": "on hold", "october_2021": "on hold", "july_2022": "on hold", "december_2022": "on hold", "april_2024": "on hold", "february_2025": "on hold", "december_2025": "on hold" }, "geometry": { "type": "Polygon", "coordinates": [ [ [ 7.6485449, 45.1552322 ], [ 7.6486511, 45.1552413 ], [ 7.6487233, 45.1548192 ], [ 7.6487392, 45.154726 ], [ 7.6488015, 45.1543619 ], [ 7.6488413, 45.1543653 ], [ 7.6488609, 45.1542505 ], [ 7.6487151, 45.1542381 ], [ 7.6485449, 45.1552322 ] ] ] } },
{ "type": "Feature", "properties": { "osm_id": 1223068802, "height": 9.0, "has_osm_height": false, "code": "N132", "name": "ERGOM", "july_2020": "on hold", "october_2021": "on hold", "july_2022": "on hold", "december_2022": "on hold", "april_2024": "on hold", "february_2025": "on hold", "december_2025": "on hold" }, "geometry": { "type": "Polygon", "coordinates": [ [ [ 7.6486816, 45.1509811 ], [ 7.648697, 45.150882 ], [ 7.6487553, 45.1508865 ], [ 7.6487585, 45.1508659 ], [ 7.648823, 45.1508709 ], [ 7.6488045, 45.1509905 ], [ 7.6486816, 45.1509811 ] ] ] } },
{ "type": "Feature", "properties": { "osm_id": 1276172193, "height": 9.0, "has_osm_height": false, "code": "N127", "name": "CEAT PIRELLI", "july_2020": "on hold", "october_2021": "on hold", "july_2022": "procedure in progress", "december_2022": "procedure in progress", "april_2024": "removed", "february_2025": "", "december_2025": "" }, "geometry": { "type": "Polygon", "coordinates": [ [ [ 7.7871709, 45.1637838 ], [ 7.7872226, 45.1638242 ], [ 7.7873598, 45.1639314 ], [ 7.787394, 45.1639581 ], [ 7.787614, 45.1638182 ], [ 7.7875778, 45.1637899 ], [ 7.7874328, 45.1636766 ], [ 7.7873909, 45.1636439 ], [ 7.7871709, 45.1637838 ] ] ] } },
{ "type": "Feature", "properties": { "osm_id": 1276172195, "height": 9.0, "has_osm_height": false, "code": "N127", "name": "CEAT PIRELLI", "july_2020": "on hold", "october_2021": "on hold", "july_2022": "procedure in progress", "december_2022": "procedure in progress", "april_2024": "removed", "february_2025": "", "december_2025": "" }, "geometry": { "type": "Polygon", "coordinates": [ [ [ 7.7840066, 45.1620311 ], [ 7.7865677, 45.163281 ], [ 7.7873862, 45.1624472 ], [ 7.7848252, 45.1611972 ], [ 7.7840066, 45.1620311 ] ] ] } },
{ "type": "Feature", "properties": { "osm_id": 1307692897, "height": 9.0, "has_osm_height": false, "code": "N133", "name": "ILTE", "july_2020": "on hold", "october_2021": "on hold", "july_2022": "procedure in progress", "december_2022": "procedure in progress", "april_2024": "procedure in progress", "february_2025": "procedure in progress", "december_2025": "procedure in progress" }, "geometry": { "type": "Polygon", "coordinates": [ [ [ 7.7192477, 44.9751955 ], [ 7.7193224, 44.9751957 ], [ 7.7193233, 44.9749472 ], [ 7.7192448, 44.9749476 ], [ 7.7192477, 44.9751955 ] ] ] } },
{ "type": "Feature", "properties": { "osm_id": 224106507, "height": 9.0, "has_osm_height": false, "code": "N138", "name": "MARTINI", "july_2020": "on hold", "october_2021": "on hold", "july_2022": "on hold", "december_2022": "on hold", "april_2024": "on hold", "february_2025": "on hold", "december_2025": "on hold" }, "geometry": { "type": "Polygon", "coordinates": [ [ [ 7.6373364, 45.143758 ], [ 7.6376099, 45.1434052 ], [ 7.6368875, 45.1431266 ], [ 7.6366141, 45.1434795 ], [ 7.6373364, 45.143758 ] ] ] } },
{ "type": "Feature", "properties": { "osm_id": 304323932, "height": 9.0, "has_osm_height": false, "code": "N142", "name": "PIRELLI", "july_2020": "procedure in progress", "october_2021": "procedure in progress", "july_2022": "procedure in progress", "december_2022": "procedure in progress", "april_2024": "procedure in progress", "february_2025": "procedure in progress", "december_2025": "under construction" }, "geometry": { "type": "Polygon", "coordinates": [ [ [ 7.7381536, 45.1263377 ], [ 7.7380849, 45.1264548 ], [ 7.7382898, 45.126515 ], [ 7.7383252, 45.1264547 ], [ 7.7381664, 45.126408 ], [ 7.7381782, 45.126388 ], [ 7.7382307, 45.1264034 ], [ 7.7382995, 45.1264236 ], [ 7.7383214, 45.1263862 ], [ 7.7384567, 45.1261546 ], [ 7.7382914, 45.1261028 ], [ 7.7381536, 45.1263377 ] ] ] } },
{ "type": "Feature", "properties": { "osm_id": 304323957, "height": 9.0, "has_osm_height": false, "code": "N142", "name": "PIRELLI", "july_2020": "procedure in progress", "october_2021": "procedure in progress", "july_2022": "procedure in progress", "december_2022": "procedure in progress", "april_2024": "procedure in progress", "february_2025": "procedure in progress", "december_2025": "under construction" }, "geometry": { "type": "Polygon", "coordinates": [ [ [ 7.7445243, 45.1254308 ], [ 7.7443232, 45.1253699 ], [ 7.7442881, 45.1254259 ], [ 7.7443679, 45.1254498 ], [ 7.7444133, 45.1254635 ], [ 7.7444901, 45.1254865 ], [ 7.7444861, 45.1254929 ], [ 7.7445466, 45.125511 ], [ 7.7445601, 45.1254892 ], [ 7.7446542, 45.1253369 ], [ 7.7445918, 45.1253185 ], [ 7.7445317, 45.1254185 ], [ 7.7445243, 45.1254308 ] ] ] } },
{ "type": "Feature", "properties": { "osm_id": 304324012, "height": 9.0, "has_osm_height": false, "code": "N136", "name": "LUCCHINI", "july_2020": "on hold", "october_2021": "on hold", "july_2022": "on hold", "december_2022": "on hold", "april_2024": "on hold", "february_2025": "on hold", "december_2025": "on hold" }, "geometry": { "type": "Polygon", "coordinates": [ [ [ 7.7437125, 45.1448924 ], [ 7.7436782, 45.1449041 ], [ 7.7437002, 45.1449363 ], [ 7.7439245, 45.1452631 ], [ 7.7441726, 45.1456246 ], [ 7.7441949, 45.145657 ], [ 7.7443103, 45.1456172 ], [ 7.7442866, 45.1455828 ], [ 7.7440376, 45.1452218 ], [ 7.7440231, 45.1452008 ], [ 7.7439952, 45.1452104 ], [ 7.7437904, 45.1449132 ], [ 7.7438229, 45.144902 ], [ 7.7437964, 45.1448635 ], [ 7.7437125, 45.1448924 ] ] ] } },
{ "type": "Feature", "properties": { "osm_id": 304324041, "height": 9.0, "has_osm_height": false, "code": "N142", "name": "PIRELLI", "july_2020": "procedure in progress", "october_2021": "procedure in progress", "july_2022": "procedure in progress", "december_2022": "procedure in progress", "april_2024": "procedure in progress", "february_2025": "procedure in progress", "december_2025": "under construction" }, "geometry": { "type": "Polygon", "coordinates": [ [ [ 7.7379114, 45.1266027 ], [ 7.738007, 45.1266324 ], [ 7.7380608, 45.1266492 ], [ 7.7381034, 45.1265828 ], [ 7.7380499, 45.1265676 ], [ 7.7380246, 45.1265604 ], [ 7.7380146, 45.1265767 ], [ 7.7379422, 45.1265539 ], [ 7.7379319, 45.1265507 ], [ 7.7381985, 45.1260964 ], [ 7.7381063, 45.1260729 ], [ 7.7380426, 45.126178 ], [ 7.7377899, 45.1265949 ], [ 7.7378793, 45.1266227 ], [ 7.7378948, 45.1265975 ], [ 7.7379114, 45.1266027 ] ] ] } },
{ "type": "Feature", "properties": { "osm_id": 304324140, "height": 9.0, "has_osm_height": false, "code": "N136", "name": "LUCCHINI", "july_2020": "on hold", "october_2021": "on hold", "july_2022": "on hold", "december_2022": "on hold", "april_2024": "on hold", "february_2025": "on hold", "december_2025": "on hold" }, "geometry": { "type": "Polygon", "coordinates": [ [ [ 7.7460478, 45.1466956 ], [ 7.74615, 45.1468481 ], [ 7.7460455, 45.1468866 ], [ 7.7461932, 45.1471015 ], [ 7.7464255, 45.1470229 ], [ 7.7465633, 45.1472262 ], [ 7.7467928, 45.1471458 ], [ 7.7469291, 45.1473517 ], [ 7.7497973, 45.1463756 ], [ 7.749662, 45.1461753 ], [ 7.7495124, 45.1459539 ], [ 7.7491672, 45.1460756 ], [ 7.7490235, 45.1458711 ], [ 7.7485964, 45.1460176 ], [ 7.7475517, 45.1463759 ], [ 7.7474913, 45.1462877 ], [ 7.7468473, 45.1465082 ], [ 7.7468369, 45.1464924 ], [ 7.7464444, 45.1458961 ], [ 7.7461769, 45.1459861 ], [ 7.7455914, 45.1450991 ], [ 7.745354, 45.1451855 ], [ 7.7453436, 45.1451893 ], [ 7.7449566, 45.1445952 ], [ 7.7447183, 45.1446749 ], [ 7.7444531, 45.1447636 ], [ 7.744224, 45.1448402 ], [ 7.7446471, 45.1454696 ], [ 7.7455777, 45.1468538 ], [ 7.7457981, 45.1467796 ], [ 7.7460478, 45.1466956 ] ] ] } },
{ "type": "Feature", "properties": { "osm_id": 304324156, "height": 9.0, "has_osm_height": false, "code": "N142", "name": "PIRELLI", "july_2020": "procedure in progress", "october_2021": "procedure in progress", "july_2022": "procedure in progress", "december_2022": "procedure in progress", "april_2024": "procedure in progress", "february_2025": "procedure in progress", "december_2025": "under construction" }, "geometry": { "type": "Polygon", "coordinates": [ [ [ 7.7384294, 45.1264639 ], [ 7.7384021, 45.1265092 ], [ 7.7384837, 45.1265337 ], [ 7.7385109, 45.1264885 ], [ 7.7384294, 45.1264639 ] ] ] } },
{ "type": "Feature", "properties": { "osm_id": 304324177, "height": 9.0, "has_osm_height": false, "code": "N142", "name": "PIRELLI", "july_2020": "procedure in progress", "october_2021": "procedure in progress", "july_2022": "procedure in progress", "december_2022": "procedure in progress", "april_2024": "procedure in progress", "february_2025": "procedure in progress", "december_2025": "under construction" }, "geometry": { "type": "Polygon", "coordinates": [ [ [ 7.7377457, 45.1258709 ], [ 7.7377019, 45.1259487 ], [ 7.7378827, 45.1259998 ], [ 7.7379267, 45.1259219 ], [ 7.7377457, 45.1258709 ] ] ] } },
{ "type": "Feature", "properties": { "osm_id": 304324257, "height": 9.0, "has_osm_height": false, "code": "N142", "name": "PIRELLI", "july_2020": "procedure in progress", "october_2021": "procedure in progress", "july_2022": "procedure in progress", "december_2022": "procedure in progress", "april_2024": "procedure in progress", "february_2025": "procedure in progress", "december_2025": "under construction" }, "geometry": { "type": "Polygon", "coordinates": [ [ [ 7.7384683, 45.1266143 ], [ 7.7385014, 45.1265634 ], [ 7.7383739, 45.1265219 ], [ 7.7383408, 45.1265729 ], [ 7.7384683, 45.1266143 ] ] ] } },
{ "type": "Feature", "properties": { "osm_id": 304324286, "height": 9.0, "has_osm_height": false, "code": "N142", "name": "PIRELLI", "july_2020": "procedure in progress", "october_2021": "procedure in progress", "july_2022": "procedure in progress", "december_2022": "procedure in progress", "april_2024": "procedure in progress", "february_2025": "procedure in progress", "december_2025": "under construction" }, "geometry": { "type": "Polygon", "coordinates": [ [ [ 7.7385189, 45.1262583 ], [ 7.7384088, 45.1264415 ], [ 7.7385444, 45.1264824 ], [ 7.7386544, 45.1262991 ], [ 7.7385189, 45.1262583 ] ] ] } },
{ "type": "Feature", "properties": { "osm_id": 304324300, "height": 9.0, "has_osm_height": false, "code": "N142", "name": "PIRELLI", "july_2020": "procedure in progress", "october_2021": "procedure in progress", "july_2022": "procedure in progress", "december_2022": "procedure in progress", "april_2024": "procedure in progress", "february_2025": "procedure in progress", "december_2025": "under construction" }, "geometry": { "type": "Polygon", "coordinates": [ [ [ 7.7373807, 45.1259753 ], [ 7.7373447, 45.1260398 ], [ 7.7376013, 45.1261116 ], [ 7.7376373, 45.1260472 ], [ 7.7373807, 45.1259753 ] ] ] } },
{ "type": "Feature", "properties": { "osm_id": 304324348, "height": 9.0, "has_osm_height": false, "code": "N142", "name": "PIRELLI", "july_2020": "procedure in progress", "october_2021": "procedure in progress", "july_2022": "procedure in progress", "december_2022": "procedure in progress", "april_2024": "procedure in progress", "february_2025": "procedure in progress", "december_2025": "under construction" }, "geometry": { "type": "Polygon", "coordinates": [ [ [ 7.7431405, 45.1248817 ], [ 7.743152, 45.1248622 ], [ 7.7430187, 45.1248259 ], [ 7.7429622, 45.1249188 ], [ 7.7430946, 45.1249592 ], [ 7.7431405, 45.1248817 ] ] ] } },
{ "type": "Feature", "properties": { "osm_id": 304324377, "height": 9.0, "has_osm_height": false, "code": "N142", "name": "PIRELLI", "july_2020": "procedure in progress", "october_2021": "procedure in progress", "july_2022": "procedure in progress", "december_2022": "procedure in progress", "april_2024": "procedure in progress", "february_2025": "procedure in progress", "december_2025": "under construction" }, "geometry": { "type": "Polygon", "coordinates": [ [ [ 7.7377611, 45.1260672 ], [ 7.7376727, 45.1262121 ], [ 7.7376517, 45.1262465 ], [ 7.7376311, 45.1262802 ], [ 7.7378021, 45.1263325 ], [ 7.7379322, 45.1261194 ], [ 7.7377611, 45.1260672 ] ] ] } },
{ "type": "Feature", "properties": { "osm_id": 304324424, "height": 9.0, "has_osm_height": false, "code": "N142", "name": "PIRELLI", "july_2020": "procedure in progress", "october_2021": "procedure in progress", "july_2022": "procedure in progress", "december_2022": "procedure in progress", "april_2024": "procedure in progress", "february_2025": "procedure in progress", "december_2025": "under construction" }, "geometry": { "type": "Polygon", "coordinates": [ [ [ 7.7375058, 45.1261286 ], [ 7.7374648, 45.1261982 ], [ 7.7374159, 45.1261838 ], [ 7.7373647, 45.1262705 ], [ 7.7374644, 45.1262999 ], [ 7.7375562, 45.1261434 ], [ 7.7375058, 45.1261286 ] ] ] } },
{ "type": "Feature", "properties": { "osm_id": 304324463, "height": 9.0, "has_osm_height": false, "code": "N142", "name": "PIRELLI", "july_2020": "procedure in progress", "october_2021": "procedure in progress", "july_2022": "procedure in progress", "december_2022": "procedure in progress", "april_2024": "procedure in progress", "february_2025": "procedure in progress", "december_2025": "under construction" }, "geometry": { "type": "Polygon", "coordinates": [ [ [ 7.7376352, 45.1254226 ], [ 7.7376215, 45.1254458 ], [ 7.7375868, 45.1255049 ], [ 7.7376407, 45.1255227 ], [ 7.7376769, 45.1255347 ], [ 7.7376503, 45.1255784 ], [ 7.7385391, 45.1258506 ], [ 7.7386435, 45.1258825 ], [ 7.7386598, 45.1258558 ], [ 7.7386761, 45.1258291 ], [ 7.7387127, 45.1258403 ], [ 7.7387666, 45.1258568 ], [ 7.7387955, 45.1258093 ], [ 7.7388179, 45.1257727 ], [ 7.7388279, 45.1257741 ], [ 7.7388391, 45.1257551 ], [ 7.7388551, 45.1257281 ], [ 7.7388677, 45.1257066 ], [ 7.7389212, 45.125616 ], [ 7.7389918, 45.1254962 ], [ 7.7390119, 45.1254623 ], [ 7.7390213, 45.1254463 ], [ 7.739093, 45.1253246 ], [ 7.7392503, 45.1250581 ], [ 7.7392617, 45.1250388 ], [ 7.7392622, 45.1250379 ], [ 7.7392625, 45.1250374 ], [ 7.7392864, 45.124997 ], [ 7.7392866, 45.1249965 ], [ 7.7393267, 45.1249285 ], [ 7.7394171, 45.1247753 ], [ 7.7394801, 45.124794 ], [ 7.7396256, 45.1248373 ], [ 7.7396806, 45.1247447 ], [ 7.7398166, 45.1245157 ], [ 7.7399538, 45.1242846 ], [ 7.7399842, 45.1242335 ], [ 7.7400178, 45.124177 ], [ 7.739982, 45.1241664 ], [ 7.7398539, 45.1241284 ], [ 7.7398095, 45.1241153 ], [ 7.7396928, 45.1240807 ], [ 7.7395737, 45.1240454 ], [ 7.739049, 45.1238899 ], [ 7.738993, 45.1238733 ], [ 7.7389224, 45.1238524 ], [ 7.7388797, 45.1238397 ], [ 7.7388507, 45.1238311 ], [ 7.7387993, 45.1238158 ], [ 7.7387449, 45.1237996 ], [ 7.7386856, 45.1237819 ], [ 7.738625, 45.1237638 ], [ 7.7386184, 45.1237746 ], [ 7.7386029, 45.1237997 ], [ 7.7385853, 45.1238282 ], [ 7.7385341, 45.1239112 ], [ 7.7384762, 45.1240049 ], [ 7.7384114, 45.1241098 ], [ 7.7383264, 45.1242475 ], [ 7.7382336, 45.1243979 ], [ 7.7381447, 45.1245418 ], [ 7.7380652, 45.1246707 ], [ 7.7379499, 45.1248574 ], [ 7.7376357, 45.1253662 ], [ 7.7376064, 45.1254137 ], [ 7.7376352, 45.1254226 ] ] ] } },
{ "type": "Feature", "properties": { "osm_id": 304324479, "height": 9.0, "has_osm_height": false, "code": "N142", "name": "PIRELLI", "july_2020": "procedure in progress", "october_2021": "procedure in progress", "july_2022": "procedure in progress", "december_2022": "procedure in progress", "april_2024": "procedure in progress", "february_2025": "procedure in progress", "december_2025": "under construction" }, "geometry": { "type": "Polygon", "coordinates": [ [ [ 7.7432236, 45.1249071 ], [ 7.7431006, 45.1251118 ], [ 7.7431972, 45.1251413 ], [ 7.7432212, 45.1251487 ], [ 7.7432459, 45.1251562 ], [ 7.743367, 45.1249496 ], [ 7.7432236, 45.1249071 ] ] ] } },
{ "type": "Feature", "properties": { "osm_id": 304324492, "height": 9.0, "has_osm_height": false, "code": "N136", "name": "LUCCHINI", "july_2020": "on hold", "october_2021": "on hold", "july_2022": "on hold", "december_2022": "on hold", "april_2024": "on hold", "february_2025": "on hold", "december_2025": "on hold" }, "geometry": { "type": "Polygon", "coordinates": [ [ [ 7.7439594, 45.1446957 ], [ 7.7438993, 45.1447046 ], [ 7.743889, 45.1447062 ], [ 7.7439017, 45.1447601 ], [ 7.7439745, 45.1447492 ], [ 7.7446569, 45.1446481 ], [ 7.7446413, 45.1445942 ], [ 7.7439594, 45.1446957 ] ] ] } },
{ "type": "Feature", "properties": { "osm_id": 304324501, "height": 9.0, "has_osm_height": false, "code": "N142", "name": "PIRELLI", "july_2020": "procedure in progress", "october_2021": "procedure in progress", "july_2022": "procedure in progress", "december_2022": "procedure in progress", "april_2024": "procedure in progress", "february_2025": "procedure in progress", "december_2025": "under construction" }, "geometry": { "type": "Polygon", "coordinates": [ [ [ 7.7419897, 45.1245048 ], [ 7.7419877, 45.1245082 ], [ 7.7419376, 45.1245948 ], [ 7.7420722, 45.1246353 ], [ 7.742048, 45.1246724 ], [ 7.7423006, 45.1247491 ], [ 7.7423761, 45.1246229 ], [ 7.7419897, 45.1245048 ] ] ] } },
{ "type": "Feature", "properties": { "osm_id": 304456552, "height": 9.0, "has_osm_height": false, "code": "N142", "name": "PIRELLI", "july_2020": "procedure in progress", "october_2021": "procedure in progress", "july_2022": "procedure in progress", "december_2022": "procedure in progress", "april_2024": "procedure in progress", "february_2025": "procedure in progress", "december_2025": "under construction" }, "geometry": { "type": "Polygon", "coordinates": [ [ [ 7.7438057, 45.1250672 ], [ 7.7437819, 45.1251064 ], [ 7.7438575, 45.1251276 ], [ 7.7438799, 45.1250882 ], [ 7.7438057, 45.1250672 ] ] ] } },
{ "type": "Feature", "properties": { "osm_id": 304456555, "height": 9.0, "has_osm_height": false, "code": "N142", "name": "PIRELLI", "july_2020": "procedure in progress", "october_2021": "procedure in progress", "july_2022": "procedure in progress", "december_2022": "procedure in progress", "april_2024": "procedure in progress", "february_2025": "procedure in progress", "december_2025": "under construction" }, "geometry": { "type": "Polygon", "coordinates": [ [ [ 7.743152, 45.1248622 ], [ 7.7431405, 45.1248817 ], [ 7.7431749, 45.1248915 ], [ 7.7431847, 45.124875 ], [ 7.743152, 45.1248622 ] ] ] } },
{ "type": "Feature", "properties": { "osm_id": 304456557, "height": 9.0, "has_osm_height": false, "code": "N142", "name": "PIRELLI", "july_2020": "procedure in progress", "october_2021": "procedure in progress", "july_2022": "procedure in progress", "december_2022": "procedure in progress", "april_2024": "procedure in progress", "february_2025": "procedure in progress", "december_2025": "under construction" }, "geometry": { "type": "Polygon", "coordinates": [ [ [ 7.7389781, 45.1237833 ], [ 7.7390093, 45.1237312 ], [ 7.7388502, 45.1236836 ], [ 7.7388192, 45.1237358 ], [ 7.7389781, 45.1237833 ] ] ] } },
{ "type": "Feature", "properties": { "osm_id": 304456558, "height": 9.0, "has_osm_height": false, "code": "N142", "name": "PIRELLI", "july_2020": "procedure in progress", "october_2021": "procedure in progress", "july_2022": "procedure in progress", "december_2022": "procedure in progress", "april_2024": "procedure in progress", "february_2025": "procedure in progress", "december_2025": "under construction" }, "geometry": { "type": "Polygon", "coordinates": [ [ [ 7.7442531, 45.1252083 ], [ 7.7442412, 45.1252271 ], [ 7.7442862, 45.1252402 ], [ 7.7442973, 45.1252223 ], [ 7.7442531, 45.1252083 ] ] ] } },
{ "type": "Feature", "properties": { "osm_id": 304456561, "height": 9.0, "has_osm_height": false, "code": "N142", "name": "PIRELLI", "july_2020": "procedure in progress", "october_2021": "procedure in progress", "july_2022": "procedure in progress", "december_2022": "procedure in progress", "april_2024": "procedure in progress", "february_2025": "procedure in progress", "december_2025": "under construction" }, "geometry": { "type": "Polygon", "coordinates": [ [ [ 7.7441762, 45.1251852 ], [ 7.7441649, 45.125204 ], [ 7.7442198, 45.1252203 ], [ 7.744231, 45.1252017 ], [ 7.7441762, 45.1251852 ] ] ] } },
{ "type": "Feature", "properties": { "osm_id": 304456563, "height": 9.0, "has_osm_height": false, "code": "N142", "name": "PIRELLI", "july_2020": "procedure in progress", "october_2021": "procedure in progress", "july_2022": "procedure in progress", "december_2022": "procedure in progress", "april_2024": "procedure in progress", "february_2025": "procedure in progress", "december_2025": "under construction" }, "geometry": { "type": "Polygon", "coordinates": [ [ [ 7.7440095, 45.1251328 ], [ 7.7439903, 45.1251652 ], [ 7.7440721, 45.1251886 ], [ 7.7440897, 45.1251577 ], [ 7.7440095, 45.1251328 ] ] ] } },
{ "type": "Feature", "properties": { "osm_id": 304456564, "height": 9.0, "has_osm_height": false, "code": "N142", "name": "PIRELLI", "july_2020": "procedure in progress", "october_2021": "procedure in progress", "july_2022": "procedure in progress", "december_2022": "procedure in progress", "april_2024": "procedure in progress", "february_2025": "procedure in progress", "december_2025": "under construction" }, "geometry": { "type": "Polygon", "coordinates": [ [ [ 7.7443518, 45.1254574 ], [ 7.7443382, 45.1254749 ], [ 7.7443833, 45.1254901 ], [ 7.7443973, 45.125471 ], [ 7.7443518, 45.1254574 ] ] ] } },
{ "type": "Feature", "properties": { "osm_id": 304456566, "height": 9.0, "has_osm_height": false, "code": "N142", "name": "PIRELLI", "july_2020": "procedure in progress", "october_2021": "procedure in progress", "july_2022": "procedure in progress", "december_2022": "procedure in progress", "april_2024": "procedure in progress", "february_2025": "procedure in progress", "december_2025": "under construction" }, "geometry": { "type": "Polygon", "coordinates": [ [ [ 7.7404494, 45.1241217 ], [ 7.7404369, 45.1241429 ], [ 7.7406493, 45.1242071 ], [ 7.7406923, 45.1241348 ], [ 7.7404797, 45.1240722 ], [ 7.7404478, 45.1240628 ], [ 7.7404185, 45.1241127 ], [ 7.7404494, 45.1241217 ] ] ] } },
{ "type": "Feature", "properties": { "osm_id": 304456568, "height": 9.0, "has_osm_height": false, "code": "N142", "name": "PIRELLI", "july_2020": "procedure in progress", "october_2021": "procedure in progress", "july_2022": "procedure in progress", "december_2022": "procedure in progress", "april_2024": "procedure in progress", "february_2025": "procedure in progress", "december_2025": "under construction" }, "geometry": { "type": "Polygon", "coordinates": [ [ [ 7.7439057, 45.1253069 ], [ 7.7439373, 45.1253166 ], [ 7.7439547, 45.1252878 ], [ 7.7439236, 45.1252776 ], [ 7.7439193, 45.1252848 ], [ 7.7437268, 45.1252276 ], [ 7.7437037, 45.1252647 ], [ 7.7438953, 45.1253237 ], [ 7.7439057, 45.1253069 ] ] ] } },
{ "type": "Feature", "properties": { "osm_id": 304465133, "height": 9.0, "has_osm_height": false, "code": "N136", "name": "LUCCHINI", "july_2020": "on hold", "october_2021": "on hold", "july_2022": "on hold", "december_2022": "on hold", "april_2024": "on hold", "february_2025": "on hold", "december_2025": "on hold" }, "geometry": { "type": "Polygon", "coordinates": [ [ [ 7.7442688, 45.1457149 ], [ 7.7442254, 45.1457297 ], [ 7.7443085, 45.1458522 ], [ 7.744357, 45.1458356 ], [ 7.7443311, 45.1457975 ], [ 7.744331, 45.1457974 ], [ 7.7442738, 45.1457132 ], [ 7.7443001, 45.1457045 ], [ 7.744277, 45.1456728 ], [ 7.7442469, 45.1456821 ], [ 7.7442688, 45.1457149 ] ] ] } },
{ "type": "Feature", "properties": { "osm_id": 304465168, "height": 9.0, "has_osm_height": false, "code": "N142", "name": "PIRELLI", "july_2020": "procedure in progress", "october_2021": "procedure in progress", "july_2022": "procedure in progress", "december_2022": "procedure in progress", "april_2024": "procedure in progress", "february_2025": "procedure in progress", "december_2025": "under construction" }, "geometry": { "type": "Polygon", "coordinates": [ [ [ 7.7430308, 45.1282506 ], [ 7.7430254, 45.1282595 ], [ 7.7430238, 45.1282622 ], [ 7.743019, 45.1282701 ], [ 7.7430298, 45.1282733 ], [ 7.7430313, 45.1282708 ], [ 7.7430836, 45.1282864 ], [ 7.7431358, 45.1283021 ], [ 7.7431344, 45.1283045 ], [ 7.7431452, 45.1283078 ], [ 7.7431508, 45.1282985 ], [ 7.7431571, 45.128288 ], [ 7.743164, 45.1282764 ], [ 7.7431009, 45.1282577 ], [ 7.7430377, 45.1282389 ], [ 7.7430308, 45.1282506 ] ] ] } },
{ "type": "Feature", "properties": { "osm_id": 304465250, "height": 9.0, "has_osm_height": false, "code": "N142", "name": "PIRELLI", "july_2020": "procedure in progress", "october_2021": "procedure in progress", "july_2022": "procedure in progress", "december_2022": "procedure in progress", "april_2024": "procedure in progress", "february_2025": "procedure in progress", "december_2025": "under construction" }, "geometry": { "type": "Polygon", "coordinates": [ [ [ 7.7414124, 45.1254639 ], [ 7.741388, 45.1255054 ], [ 7.7414236, 45.125516 ], [ 7.7414488, 45.1254748 ], [ 7.7414124, 45.1254639 ] ] ] } },
{ "type": "Feature", "properties": { "osm_id": 304465287, "height": 9.0, "has_osm_height": false, "code": "N142", "name": "PIRELLI", "july_2020": "procedure in progress", "october_2021": "procedure in progress", "july_2022": "procedure in progress", "december_2022": "procedure in progress", "april_2024": "procedure in progress", "february_2025": "procedure in progress", "december_2025": "under construction" }, "geometry": { "type": "Polygon", "coordinates": [ [ [ 7.7415063, 45.1256996 ], [ 7.741564, 45.1256015 ], [ 7.741521, 45.1255888 ], [ 7.7414631, 45.1256868 ], [ 7.7415063, 45.1256996 ] ] ] } },
{ "type": "Feature", "properties": { "osm_id": 304465314, "height": 9.0, "has_osm_height": false, "code": "N136", "name": "LUCCHINI", "july_2020": "on hold", "october_2021": "on hold", "july_2022": "on hold", "december_2022": "on hold", "april_2024": "on hold", "february_2025": "on hold", "december_2025": "on hold" }, "geometry": { "type": "Polygon", "coordinates": [ [ [ 7.7456431, 45.1470458 ], [ 7.7456167, 45.1470513 ], [ 7.7456313, 45.1470864 ], [ 7.7456579, 45.1470808 ], [ 7.7456431, 45.1470458 ] ] ] } },
{ "type": "Feature", "properties": { "osm_id": 304465328, "height": 9.0, "has_osm_height": false, "code": "N136", "name": "LUCCHINI", "july_2020": "on hold", "october_2021": "on hold", "july_2022": "on hold", "december_2022": "on hold", "april_2024": "on hold", "february_2025": "on hold", "december_2025": "on hold" }, "geometry": { "type": "Polygon", "coordinates": [ [ [ 7.7457871, 45.1476004 ], [ 7.7455807, 45.1476413 ], [ 7.745606, 45.1477054 ], [ 7.7458124, 45.1476646 ], [ 7.7457871, 45.1476004 ] ] ] } },
{ "type": "Feature", "properties": { "osm_id": 304465337, "height": 9.0, "has_osm_height": false, "code": "N142", "name": "PIRELLI", "july_2020": "procedure in progress", "october_2021": "procedure in progress", "july_2022": "procedure in progress", "december_2022": "procedure in progress", "april_2024": "procedure in progress", "february_2025": "procedure in progress", "december_2025": "under construction" }, "geometry": { "type": "Polygon", "coordinates": [ [ [ 7.7395833, 45.1251376 ], [ 7.7395771, 45.1251478 ], [ 7.7395998, 45.1251546 ], [ 7.739606, 45.1251444 ], [ 7.7395833, 45.1251376 ] ] ] } },
{ "type": "Feature", "properties": { "osm_id": 304465342, "height": 9.0, "has_osm_height": false, "code": "N142", "name": "PIRELLI", "july_2020": "procedure in progress", "october_2021": "procedure in progress", "july_2022": "procedure in progress", "december_2022": "procedure in progress", "april_2024": "procedure in progress", "february_2025": "procedure in progress", "december_2025": "under construction" }, "geometry": { "type": "Polygon", "coordinates": [ [ [ 7.7377874, 45.1267026 ], [ 7.7377766, 45.1267211 ], [ 7.7378453, 45.1267415 ], [ 7.7378561, 45.1267229 ], [ 7.7377874, 45.1267026 ] ] ] } },
{ "type": "Feature", "properties": { "osm_id": 304465366, "height": 9.0, "has_osm_height": false, "code": "N136", "name": "LUCCHINI", "july_2020": "on hold", "october_2021": "on hold", "july_2022": "on hold", "december_2022": "on hold", "april_2024": "on hold", "february_2025": "on hold", "december_2025": "on hold" }, "geometry": { "type": "Polygon", "coordinates": [ [ [ 7.7476325, 45.1472817 ], [ 7.7474952, 45.1472863 ], [ 7.7474983, 45.1473346 ], [ 7.7476358, 45.1473302 ], [ 7.7476325, 45.1472817 ] ] ] } },
{ "type": "Feature", "properties": { "osm_id": 304465367, "height": 9.0, "has_osm_height": false, "code": "N136", "name": "LUCCHINI", "july_2020": "on hold", "october_2021": "on hold", "july_2022": "on hold", "december_2022": "on hold", "april_2024": "on hold", "february_2025": "on hold", "december_2025": "on hold" }, "geometry": { "type": "Polygon", "coordinates": [ [ [ 7.7455653, 45.1471622 ], [ 7.7456497, 45.1471333 ], [ 7.7456296, 45.1471039 ], [ 7.7455452, 45.1471327 ], [ 7.7455653, 45.1471622 ] ] ] } },
{ "type": "Feature", "properties": { "osm_id": 304465445, "height": 9.0, "has_osm_height": false, "code": "N136", "name": "LUCCHINI", "july_2020": "on hold", "october_2021": "on hold", "july_2022": "on hold", "december_2022": "on hold", "april_2024": "on hold", "february_2025": "on hold", "december_2025": "on hold" }, "geometry": { "type": "Polygon", "coordinates": [ [ [ 7.7458644, 45.1470257 ], [ 7.7457777, 45.1470369 ], [ 7.7457827, 45.1470565 ], [ 7.7458694, 45.1470454 ], [ 7.7458644, 45.1470257 ] ] ] } },
{ "type": "Feature", "properties": { "osm_id": 304465544, "height": 9.0, "has_osm_height": false, "code": "N142", "name": "PIRELLI", "july_2020": "procedure in progress", "october_2021": "procedure in progress", "july_2022": "procedure in progress", "december_2022": "procedure in progress", "april_2024": "procedure in progress", "february_2025": "procedure in progress", "december_2025": "under construction" }, "geometry": { "type": "Polygon", "coordinates": [ [ [ 7.7409462, 45.1265616 ], [ 7.7409862, 45.1265741 ], [ 7.7410366, 45.1264892 ], [ 7.7409962, 45.1264771 ], [ 7.7409462, 45.1265616 ] ] ] } },
{ "type": "Feature", "properties": { "osm_id": 304465567, "height": 9.0, "has_osm_height": false, "code": "N136", "name": "LUCCHINI", "july_2020": "on hold", "october_2021": "on hold", "july_2022": "on hold", "december_2022": "on hold", "april_2024": "on hold", "february_2025": "on hold", "december_2025": "on hold" }, "geometry": { "type": "Polygon", "coordinates": [ [ [ 7.7476116, 45.1474489 ], [ 7.7475484, 45.1474553 ], [ 7.7475524, 45.1474749 ], [ 7.7476155, 45.1474685 ], [ 7.7476116, 45.1474489 ] ] ] } },
{ "type": "Feature", "properties": { "osm_id": 304465576, "height": 9.0, "has_osm_height": false, "code": "N142", "name": "PIRELLI", "july_2020": "procedure in progress", "october_2021": "procedure in progress", "july_2022": "procedure in progress", "december_2022": "procedure in progress", "april_2024": "procedure in progress", "february_2025": "procedure in progress", "december_2025": "under construction" }, "geometry": { "type": "Polygon", "coordinates": [ [ [ 7.7443006, 45.1261103 ], [ 7.7442414, 45.1262055 ], [ 7.7442908, 45.1262209 ], [ 7.7443499, 45.1261257 ], [ 7.7443006, 45.1261103 ] ] ] } },
{ "type": "Feature", "properties": { "osm_id": 304465610, "height": 9.0, "has_osm_height": false, "code": "N142", "name": "PIRELLI", "july_2020": "procedure in progress", "october_2021": "procedure in progress", "july_2022": "procedure in progress", "december_2022": "procedure in progress", "april_2024": "procedure in progress", "february_2025": "procedure in progress", "december_2025": "under construction" }, "geometry": { "type": "Polygon", "coordinates": [ [ [ 7.7429418, 45.1248299 ], [ 7.742706, 45.1247602 ], [ 7.7426464, 45.1248607 ], [ 7.7428822, 45.1249304 ], [ 7.7429418, 45.1248299 ] ] ] } },
{ "type": "Feature", "properties": { "osm_id": 304465682, "height": 9.0, "has_osm_height": false, "code": "N142", "name": "PIRELLI", "july_2020": "procedure in progress", "october_2021": "procedure in progress", "july_2022": "procedure in progress", "december_2022": "procedure in progress", "april_2024": "procedure in progress", "february_2025": "procedure in progress", "december_2025": "under construction" }, "geometry": { "type": "Polygon", "coordinates": [ [ [ 7.7411868, 45.1258457 ], [ 7.7411631, 45.125886 ], [ 7.7412, 45.1258972 ], [ 7.7412246, 45.1258549 ], [ 7.7411868, 45.1258457 ] ] ] } },
{ "type": "Feature", "properties": { "osm_id": 304465733, "height": 9.0, "has_osm_height": false, "code": "N136", "name": "LUCCHINI", "july_2020": "on hold", "october_2021": "on hold", "july_2022": "on hold", "december_2022": "on hold", "april_2024": "on hold", "february_2025": "on hold", "december_2025": "on hold" }, "geometry": { "type": "Polygon", "coordinates": [ [ [ 7.7451297, 45.144526 ], [ 7.745072, 45.1445353 ], [ 7.7451389, 45.1446361 ], [ 7.7451754, 45.1446242 ], [ 7.7451297, 45.144526 ] ] ] } },
{ "type": "Feature", "properties": { "osm_id": 304465737, "height": 9.0, "has_osm_height": false, "code": "N142", "name": "PIRELLI", "july_2020": "procedure in progress", "october_2021": "procedure in progress", "july_2022": "procedure in progress", "december_2022": "procedure in progress", "april_2024": "procedure in progress", "february_2025": "procedure in progress", "december_2025": "under construction" }, "geometry": { "type": "Polygon", "coordinates": [ [ [ 7.740075, 45.1273977 ], [ 7.7401185, 45.1273264 ], [ 7.7400529, 45.1273064 ], [ 7.7400092, 45.1273776 ], [ 7.740075, 45.1273977 ] ] ] } },
{ "type": "Feature", "properties": { "osm_id": 304465776, "height": 9.0, "has_osm_height": false, "code": "N142", "name": "PIRELLI", "july_2020": "procedure in progress", "october_2021": "procedure in progress", "july_2022": "procedure in progress", "december_2022": "procedure in progress", "april_2024": "procedure in progress", "february_2025": "procedure in progress", "december_2025": "under construction" }, "geometry": { "type": "Polygon", "coordinates": [ [ [ 7.7410322, 45.1264077 ], [ 7.7410762, 45.1264223 ], [ 7.7412288, 45.1261652 ], [ 7.7411839, 45.126152 ], [ 7.7410322, 45.1264077 ] ] ] } },
{ "type": "Feature", "properties": { "osm_id": 304465796, "height": 9.0, "has_osm_height": false, "code": "N136", "name": "LUCCHINI", "july_2020": "on hold", "october_2021": "on hold", "july_2022": "on hold", "december_2022": "on hold", "april_2024": "on hold", "february_2025": "on hold", "december_2025": "on hold" }, "geometry": { "type": "Polygon", "coordinates": [ [ [ 7.7459767, 45.1470746 ], [ 7.7458743, 45.1470865 ], [ 7.7458983, 45.1471906 ], [ 7.7460008, 45.1471788 ], [ 7.7459767, 45.1470746 ] ] ] } },
{ "type": "Feature", "properties": { "osm_id": 304465871, "height": 9.0, "has_osm_height": false, "code": "N142", "name": "PIRELLI", "july_2020": "procedure in progress", "october_2021": "procedure in progress", "july_2022": "procedure in progress", "december_2022": "procedure in progress", "april_2024": "procedure in progress", "february_2025": "procedure in progress", "december_2025": "under construction" }, "geometry": { "type": "Polygon", "coordinates": [ [ [ 7.7428308, 45.125225 ], [ 7.7428165, 45.1252477 ], [ 7.7428407, 45.1252553 ], [ 7.7428555, 45.1252329 ], [ 7.7428308, 45.125225 ] ] ] } },
{ "type": "Feature", "properties": { "osm_id": 304465897, "height": 9.0, "has_osm_height": false, "code": "N142", "name": "PIRELLI", "july_2020": "procedure in progress", "october_2021": "procedure in progress", "july_2022": "procedure in progress", "december_2022": "procedure in progress", "april_2024": "procedure in progress", "february_2025": "procedure in progress", "december_2025": "under construction" }, "geometry": { "type": "Polygon", "coordinates": [ [ [ 7.7379711, 45.1259426 ], [ 7.7379692, 45.1259462 ], [ 7.7379474, 45.1259871 ], [ 7.7380034, 45.1260021 ], [ 7.7380273, 45.1259577 ], [ 7.7379711, 45.1259426 ] ] ] } },
{ "type": "Feature", "properties": { "osm_id": 304465968, "height": 9.0, "has_osm_height": false, "code": "N136", "name": "LUCCHINI", "july_2020": "on hold", "october_2021": "on hold", "july_2022": "on hold", "december_2022": "on hold", "april_2024": "on hold", "february_2025": "on hold", "december_2025": "on hold" }, "geometry": { "type": "Polygon", "coordinates": [ [ [ 7.7471748, 45.1458962 ], [ 7.7470913, 45.1459001 ], [ 7.7470888, 45.1459129 ], [ 7.7470765, 45.145916 ], [ 7.747076, 45.1459451 ], [ 7.747183, 45.1459439 ], [ 7.7471748, 45.1458962 ] ] ] } },
{ "type": "Feature", "properties": { "osm_id": 304465997, "height": 9.0, "has_osm_height": false, "code": "N136", "name": "LUCCHINI", "july_2020": "on hold", "october_2021": "on hold", "july_2022": "on hold", "december_2022": "on hold", "april_2024": "on hold", "february_2025": "on hold", "december_2025": "on hold" }, "geometry": { "type": "Polygon", "coordinates": [ [ [ 7.7476408, 45.1473508 ], [ 7.7476079, 45.1473543 ], [ 7.7476101, 45.1473646 ], [ 7.7476279, 45.1474471 ], [ 7.747661, 45.1474436 ], [ 7.7476434, 45.1473627 ], [ 7.7476408, 45.1473508 ] ] ] } },
{ "type": "Feature", "properties": { "osm_id": 304466001, "height": 9.0, "has_osm_height": false, "code": "N142", "name": "PIRELLI", "july_2020": "procedure in progress", "october_2021": "procedure in progress", "july_2022": "procedure in progress", "december_2022": "procedure in progress", "april_2024": "procedure in progress", "february_2025": "procedure in progress", "december_2025": "under construction" }, "geometry": { "type": "Polygon", "coordinates": [ [ [ 7.742574, 45.1249465 ], [ 7.7428462, 45.1250269 ], [ 7.7429003, 45.1249357 ], [ 7.7428822, 45.1249304 ], [ 7.7426464, 45.1248607 ], [ 7.7426281, 45.1248553 ], [ 7.742574, 45.1249465 ] ] ] } },
{ "type": "Feature", "properties": { "osm_id": 304466055, "height": 9.0, "has_osm_height": false, "code": "N142", "name": "PIRELLI", "july_2020": "procedure in progress", "october_2021": "procedure in progress", "july_2022": "procedure in progress", "december_2022": "procedure in progress", "april_2024": "procedure in progress", "february_2025": "procedure in progress", "december_2025": "under construction" }, "geometry": { "type": "Polygon", "coordinates": [ [ [ 7.7417028, 45.125281 ], [ 7.7416737, 45.1253317 ], [ 7.7416958, 45.1253386 ], [ 7.7417258, 45.1252882 ], [ 7.7417434, 45.125294 ], [ 7.7417936, 45.1252095 ], [ 7.7417514, 45.1251962 ], [ 7.7417028, 45.125281 ] ] ] } },
{ "type": "Feature", "properties": { "osm_id": 304466092, "height": 9.0, "has_osm_height": false, "code": "N136", "name": "LUCCHINI", "july_2020": "on hold", "october_2021": "on hold", "july_2022": "on hold", "december_2022": "on hold", "april_2024": "on hold", "february_2025": "on hold", "december_2025": "on hold" }, "geometry": { "type": "Polygon", "coordinates": [ [ [ 7.7452626, 45.1447565 ], [ 7.7453396, 45.1447343 ], [ 7.7452984, 45.1446626 ], [ 7.745284, 45.1446668 ], [ 7.7452627, 45.1446291 ], [ 7.7451936, 45.1446487 ], [ 7.7452102, 45.144678 ], [ 7.7451837, 45.1446855 ], [ 7.7452298, 45.1447659 ], [ 7.7452626, 45.1447565 ] ] ] } },
{ "type": "Feature", "properties": { "osm_id": 304470121, "height": 9.0, "has_osm_height": false, "code": "N142", "name": "PIRELLI", "july_2020": "procedure in progress", "october_2021": "procedure in progress", "july_2022": "procedure in progress", "december_2022": "procedure in progress", "april_2024": "procedure in progress", "february_2025": "procedure in progress", "december_2025": "under construction" }, "geometry": { "type": "Polygon", "coordinates": [ [ [ 7.7428407, 45.1252553 ], [ 7.7430559, 45.1253198 ], [ 7.7431166, 45.1252189 ], [ 7.7429014, 45.1251544 ], [ 7.7428555, 45.1252329 ], [ 7.7428407, 45.1252553 ] ] ] } },
{ "type": "Feature", "properties": { "osm_id": 543306241, "height": 9.0, "has_osm_height": false, "code": "N135", "name": "LIRI", "july_2020": "procedure in progress", "october_2021": "procedure in progress", "july_2022": "procedure in progress", "december_2022": "procedure in progress", "april_2024": "procedure in progress", "february_2025": "procedure in progress", "december_2025": "on hold" }, "geometry": { "type": "Polygon", "coordinates": [ [ [ 7.6315283, 44.9820125 ], [ 7.6322014, 44.98171 ], [ 7.6322431, 44.9817563 ], [ 7.6327462, 44.9815302 ], [ 7.6326956, 44.9814738 ], [ 7.6328702, 44.9813953 ], [ 7.6323465, 44.9808123 ], [ 7.6313649, 44.9812535 ], [ 7.6313265, 44.9812107 ], [ 7.6311154, 44.9813056 ], [ 7.6312342, 44.9814378 ], [ 7.6311229, 44.9814878 ], [ 7.6313845, 44.9817791 ], [ 7.6311929, 44.9818652 ], [ 7.6313329, 44.982021 ], [ 7.6314775, 44.981956 ], [ 7.6315283, 44.9820125 ] ] ] } },
{ "type": "Feature", "properties": { "osm_id": 543306242, "height": 9.0, "has_osm_height": false, "code": "N135", "name": "LIRI", "july_2020": "procedure in progress", "october_2021": "procedure in progress", "july_2022": "procedure in progress", "december_2022": "procedure in progress", "april_2024": "procedure in progress", "february_2025": "procedure in progress", "december_2025": "on hold" }, "geometry": { "type": "Polygon", "coordinates": [ [ [ 7.6314266, 44.9809019 ], [ 7.631573, 44.9808366 ], [ 7.6312768, 44.9805043 ], [ 7.631578, 44.98037 ], [ 7.6320225, 44.9808687 ], [ 7.6323122, 44.9807395 ], [ 7.6316425, 44.9799881 ], [ 7.6309052, 44.9803169 ], [ 7.6314266, 44.9809019 ] ] ] } },
{ "type": "Feature", "properties": { "osm_id": 543306243, "height": 9.0, "has_osm_height": false, "code": "N135", "name": "LIRI", "july_2020": "procedure in progress", "october_2021": "procedure in progress", "july_2022": "procedure in progress", "december_2022": "procedure in progress", "april_2024": "procedure in progress", "february_2025": "procedure in progress", "december_2025": "on hold" }, "geometry": { "type": "Polygon", "coordinates": [ [ [ 7.6322894, 44.9806075 ], [ 7.6329053, 44.9803336 ], [ 7.6327811, 44.9801939 ], [ 7.6321653, 44.9804679 ], [ 7.6322894, 44.9806075 ] ] ] } },
{ "type": "Feature", "properties": { "osm_id": 543306248, "height": 9.0, "has_osm_height": false, "code": "N135", "name": "LIRI", "july_2020": "procedure in progress", "october_2021": "procedure in progress", "july_2022": "procedure in progress", "december_2022": "procedure in progress", "april_2024": "procedure in progress", "february_2025": "procedure in progress", "december_2025": "on hold" }, "geometry": { "type": "Polygon", "coordinates": [ [ [ 7.6305128, 44.9798355 ], [ 7.6313761, 44.9793454 ], [ 7.63122, 44.9792078 ], [ 7.6304158, 44.9796643 ], [ 7.6304573, 44.9797009 ], [ 7.6303982, 44.9797345 ], [ 7.6305128, 44.9798355 ] ] ] } },
{ "type": "Feature", "properties": { "osm_id": 543306249, "height": 9.0, "has_osm_height": false, "code": "N135", "name": "LIRI", "july_2020": "procedure in progress", "october_2021": "procedure in progress", "july_2022": "procedure in progress", "december_2022": "procedure in progress", "april_2024": "procedure in progress", "february_2025": "procedure in progress", "december_2025": "on hold" }, "geometry": { "type": "Polygon", "coordinates": [ [ [ 7.6315225, 44.9798343 ], [ 7.6317236, 44.9797436 ], [ 7.6314737, 44.9794665 ], [ 7.6312726, 44.9795573 ], [ 7.6315225, 44.9798343 ] ] ] } },
{ "type": "Feature", "properties": { "osm_id": 543306839, "height": 9.0, "has_osm_height": false, "code": "N135", "name": "LIRI", "july_2020": "procedure in progress", "october_2021": "procedure in progress", "july_2022": "procedure in progress", "december_2022": "procedure in progress", "april_2024": "procedure in progress", "february_2025": "procedure in progress", "december_2025": "on hold" }, "geometry": { "type": "Polygon", "coordinates": [ [ [ 7.6336295, 44.9807613 ], [ 7.6339413, 44.9806211 ], [ 7.633732, 44.9803883 ], [ 7.6334203, 44.9805284 ], [ 7.6336295, 44.9807613 ] ] ] } },
{ "type": "Feature", "properties": { "osm_id": 543306840, "height": 9.0, "has_osm_height": false, "code": "N135", "name": "LIRI", "july_2020": "procedure in progress", "october_2021": "procedure in progress", "july_2022": "procedure in progress", "december_2022": "procedure in progress", "april_2024": "procedure in progress", "february_2025": "procedure in progress", "december_2025": "on hold" }, "geometry": { "type": "Polygon", "coordinates": [ [ [ 7.6340143, 44.9810182 ], [ 7.6342703, 44.9809077 ], [ 7.6342, 44.9808262 ], [ 7.633944, 44.9809367 ], [ 7.6340143, 44.9810182 ] ] ] } },
{ "type": "Feature", "properties": { "osm_id": 547506818, "height": 9.0, "has_osm_height": false, "code": "N144", "name": "FERMI", "july_2020": "procedure in progress", "october_2021": "procedure in progress", "july_2022": "procedure in progress", "december_2022": "procedure in progress", "april_2024": "procedure in progress", "february_2025": "procedure in progress", "december_2025": "on hold" }, "geometry": { "type": "Polygon", "coordinates": [ [ [ 7.587481, 45.0737625 ], [ 7.5874897, 45.0737725 ], [ 7.5869404, 45.0740114 ], [ 7.5868598, 45.073919 ], [ 7.587003, 45.0738567 ], [ 7.5874091, 45.07368 ], [ 7.587481, 45.0737625 ] ] ] } },
{ "type": "Feature", "properties": { "osm_id": 547506819, "height": 9.0, "has_osm_height": false, "code": "N144", "name": "FERMI", "july_2020": "procedure in progress", "october_2021": "procedure in progress", "july_2022": "procedure in progress", "december_2022": "procedure in progress", "april_2024": "procedure in progress", "february_2025": "procedure in progress", "december_2025": "on hold" }, "geometry": { "type": "Polygon", "coordinates": [ [ [ 7.5872603, 45.073522 ], [ 7.5873793, 45.073466 ], [ 7.5875402, 45.0734659 ], [ 7.5874824, 45.0736065 ], [ 7.587635, 45.0736377 ], [ 7.5876127, 45.0737091 ], [ 7.587481, 45.0737625 ], [ 7.5874091, 45.07368 ], [ 7.5872603, 45.073522 ] ] ] } },
{ "type": "Feature", "properties": { "osm_id": 547506820, "height": 9.0, "has_osm_height": false, "code": "N144", "name": "FERMI", "july_2020": "procedure in progress", "october_2021": "procedure in progress", "july_2022": "procedure in progress", "december_2022": "procedure in progress", "april_2024": "procedure in progress", "february_2025": "procedure in progress", "december_2025": "on hold" }, "geometry": { "type": "Polygon", "coordinates": [ [ [ 7.5868022, 45.0736403 ], [ 7.587003, 45.0738567 ], [ 7.5874091, 45.07368 ], [ 7.5872603, 45.073522 ], [ 7.5872129, 45.0734619 ], [ 7.5868022, 45.0736403 ] ] ] } },
{ "type": "Feature", "properties": { "osm_id": 547506821, "height": 9.0, "has_osm_height": false, "code": "N144", "name": "FERMI", "july_2020": "procedure in progress", "october_2021": "procedure in progress", "july_2022": "procedure in progress", "december_2022": "procedure in progress", "april_2024": "procedure in progress", "february_2025": "procedure in progress", "december_2025": "on hold" }, "geometry": { "type": "Polygon", "coordinates": [ [ [ 7.587635, 45.0736377 ], [ 7.5877029, 45.0734724 ], [ 7.5875503, 45.0734412 ], [ 7.5875402, 45.0734659 ], [ 7.5874824, 45.0736065 ], [ 7.587635, 45.0736377 ] ] ] } },
{ "type": "Feature", "properties": { "osm_id": 549222377, "height": 9.0, "has_osm_height": false, "code": "N140", "name": "PININFARINA", "july_2020": "procedure in progress", "october_2021": "procedure in progress", "july_2022": "procedure in progress", "december_2022": "procedure in progress", "april_2024": "under construction", "february_2025": "under construction", "december_2025": "procedure in progress" }, "geometry": { "type": "Polygon", "coordinates": [ [ [ 7.6199421, 45.0559554 ], [ 7.6205054, 45.0558396 ], [ 7.6204009, 45.0555857 ], [ 7.6198375, 45.0557014 ], [ 7.6199421, 45.0559554 ] ] ] } },
{ "type": "Feature", "properties": { "osm_id": 549222379, "height": 9.0, "has_osm_height": false, "code": "N140", "name": "PININFARINA", "july_2020": "procedure in progress", "october_2021": "procedure in progress", "july_2022": "procedure in progress", "december_2022": "procedure in progress", "april_2024": "under construction", "february_2025": "under construction", "december_2025": "procedure in progress" }, "geometry": { "type": "Polygon", "coordinates": [ [ [ 7.6206276, 45.0553064 ], [ 7.6201434, 45.0554044 ], [ 7.6201855, 45.0555083 ], [ 7.6197482, 45.0555967 ], [ 7.6197043, 45.0554885 ], [ 7.619305, 45.0555693 ], [ 7.6193189, 45.0556038 ], [ 7.6190237, 45.0556635 ], [ 7.6186752, 45.0548043 ], [ 7.6202914, 45.0544772 ], [ 7.6203627, 45.0546532 ], [ 7.6206276, 45.0553064 ] ] ] } },
{ "type": "Feature", "properties": { "osm_id": 549222381, "height": 9.0, "has_osm_height": false, "code": "N140", "name": "PININFARINA", "july_2020": "procedure in progress", "october_2021": "procedure in progress", "july_2022": "procedure in progress", "december_2022": "procedure in progress", "april_2024": "under construction", "february_2025": "under construction", "december_2025": "procedure in progress" }, "geometry": { "type": "Polygon", "coordinates": [ [ [ 7.6206276, 45.0553064 ], [ 7.6203627, 45.0546532 ], [ 7.6207946, 45.0545654 ], [ 7.6207173, 45.0543758 ], [ 7.6228196, 45.0539483 ], [ 7.6228804, 45.0540975 ], [ 7.6233225, 45.0540076 ], [ 7.6234946, 45.0544299 ], [ 7.6233918, 45.0544508 ], [ 7.6233449, 45.0543359 ], [ 7.6231746, 45.0543705 ], [ 7.6234163, 45.0549637 ], [ 7.6210922, 45.0554363 ], [ 7.6210078, 45.0552291 ], [ 7.6206276, 45.0553064 ] ] ] } },
{ "type": "Feature", "properties": { "osm_id": 841984038, "height": 9.0, "has_osm_height": false, "code": "N141", "name": "SANDRETTO", "july_2020": "procedure in progress", "october_2021": "procedure in progress", "july_2022": "procedure in progress", "december_2022": "procedure in progress", "april_2024": "procedure in progress", "february_2025": "procedure in progress", "december_2025": "procedure in progress" }, "geometry": { "type": "Polygon", "coordinates": [ [ [ 7.5985433, 45.0764252 ], [ 7.5991127, 45.0763545 ], [ 7.5992405, 45.0769095 ], [ 7.5996614, 45.0768591 ], [ 7.5996594, 45.0768728 ], [ 7.5997577, 45.0772558 ], [ 7.5997611, 45.0772846 ], [ 7.5993435, 45.0773334 ], [ 7.5994221, 45.0776692 ], [ 7.5992712, 45.0778726 ], [ 7.5988935, 45.0779169 ], [ 7.5988464, 45.0777054 ], [ 7.5987078, 45.0771256 ], [ 7.5986603, 45.0769156 ], [ 7.598574, 45.076548 ], [ 7.5985433, 45.0764252 ] ] ] } },
{ "type": "Feature", "properties": { "osm_id": 841984040, "height": 9.0, "has_osm_height": false, "code": "N141", "name": "SANDRETTO", "july_2020": "procedure in progress", "october_2021": "procedure in progress", "july_2022": "procedure in progress", "december_2022": "procedure in progress", "april_2024": "procedure in progress", "february_2025": "procedure in progress", "december_2025": "procedure in progress" }, "geometry": { "type": "Polygon", "coordinates": [ [ [ 7.5988464, 45.0777054 ], [ 7.5986943, 45.0777236 ], [ 7.5985555, 45.0771435 ], [ 7.5987078, 45.0771256 ], [ 7.5988464, 45.0777054 ] ] ] } },
{ "type": "Feature", "properties": { "osm_id": 841984041, "height": 9.0, "has_osm_height": false, "code": "N141", "name": "SANDRETTO", "july_2020": "procedure in progress", "october_2021": "procedure in progress", "july_2022": "procedure in progress", "december_2022": "procedure in progress", "april_2024": "procedure in progress", "february_2025": "procedure in progress", "december_2025": "procedure in progress" }, "geometry": { "type": "Polygon", "coordinates": [ [ [ 7.5984997, 45.0769344 ], [ 7.5986603, 45.0769156 ], [ 7.598574, 45.076548 ], [ 7.5984133, 45.0765668 ], [ 7.5984997, 45.0769344 ] ] ] } },
{ "type": "Feature", "properties": { "osm_id": 841984042, "height": 9.0, "has_osm_height": false, "code": "N141", "name": "SANDRETTO", "july_2020": "procedure in progress", "october_2021": "procedure in progress", "july_2022": "procedure in progress", "december_2022": "procedure in progress", "april_2024": "procedure in progress", "february_2025": "procedure in progress", "december_2025": "procedure in progress" }, "geometry": { "type": "Polygon", "coordinates": [ [ [ 7.5997577, 45.0772558 ], [ 7.5998506, 45.0772439 ], [ 7.5997523, 45.0768609 ], [ 7.5996594, 45.0768728 ], [ 7.5997577, 45.0772558 ] ] ] } },
{ "type": "Feature", "properties": { "osm_id": 841984043, "height": 9.0, "has_osm_height": false, "code": "N141", "name": "SANDRETTO", "july_2020": "procedure in progress", "october_2021": "procedure in progress", "july_2022": "procedure in progress", "december_2022": "procedure in progress", "april_2024": "procedure in progress", "february_2025": "procedure in progress", "december_2025": "procedure in progress" }, "geometry": { "type": "Polygon", "coordinates": [ [ [ 7.5981144, 45.0761402 ], [ 7.5989525, 45.0760519 ], [ 7.5989206, 45.0759005 ], [ 7.5988447, 45.0759084 ], [ 7.5986585, 45.075025 ], [ 7.5985416, 45.0750373 ], [ 7.597896, 45.0751052 ], [ 7.5981144, 45.0761402 ] ] ] } },
{ "type": "Feature", "properties": { "osm_id": 841984044, "height": 9.0, "has_osm_height": false, "code": "N141", "name": "SANDRETTO", "july_2020": "procedure in progress", "october_2021": "procedure in progress", "july_2022": "procedure in progress", "december_2022": "procedure in progress", "april_2024": "procedure in progress", "february_2025": "procedure in progress", "december_2025": "procedure in progress" }, "geometry": { "type": "Polygon", "coordinates": [ [ [ 7.597896, 45.0751052 ], [ 7.5978863, 45.0750504 ], [ 7.5978344, 45.0750253 ], [ 7.5978183, 45.0749631 ], [ 7.5979045, 45.074952 ], [ 7.5979461, 45.0749734 ], [ 7.5985017, 45.0749158 ], [ 7.5985081, 45.0749468 ], [ 7.5985642, 45.074941 ], [ 7.598571, 45.0749738 ], [ 7.5985294, 45.0749781 ], [ 7.5985416, 45.0750373 ], [ 7.597896, 45.0751052 ] ] ] } },
{ "type": "Feature", "properties": { "osm_id": 1223835279, "height": 9.0, "has_osm_height": false, "code": "N145", "name": "ALLIS", "july_2020": "on hold", "october_2021": "on hold", "july_2022": "on hold", "december_2022": "on hold", "april_2024": "on hold", "february_2025": "on hold", "december_2025": "on hold" }, "geometry": { "type": "Polygon", "coordinates": [ [ [ 7.6155752, 45.0073513 ], [ 7.6152102, 45.0075457 ], [ 7.6151781, 45.0075156 ], [ 7.6150152, 45.0076024 ], [ 7.6151162, 45.0076972 ], [ 7.6154013, 45.0075453 ], [ 7.6154432, 45.0075846 ], [ 7.615686, 45.0074552 ], [ 7.6155752, 45.0073513 ] ] ] } },
{ "type": "Feature", "properties": { "osm_id": 1223835280, "height": 9.0, "has_osm_height": false, "code": "N145", "name": "ALLIS", "july_2020": "on hold", "october_2021": "on hold", "july_2022": "on hold", "december_2022": "on hold", "april_2024": "on hold", "february_2025": "on hold", "december_2025": "on hold" }, "geometry": { "type": "Polygon", "coordinates": [ [ [ 7.6139411, 45.0080922 ], [ 7.6143799, 45.0078461 ], [ 7.6146808, 45.0081142 ], [ 7.614242, 45.0083604 ], [ 7.6139411, 45.0080922 ] ] ] } },
{ "type": "Feature", "properties": { "osm_id": 1223835281, "height": 9.0, "has_osm_height": false, "code": "N145", "name": "ALLIS", "july_2020": "on hold", "october_2021": "on hold", "july_2022": "on hold", "december_2022": "on hold", "april_2024": "on hold", "february_2025": "on hold", "december_2025": "on hold" }, "geometry": { "type": "Polygon", "coordinates": [ [ [ 7.6133191, 45.0076379 ], [ 7.6137965, 45.0080612 ], [ 7.6153687, 45.0071748 ], [ 7.6153418, 45.007151 ], [ 7.6153684, 45.007136 ], [ 7.6149115, 45.0067309 ], [ 7.6139447, 45.0072759 ], [ 7.6143277, 45.0076155 ], [ 7.6139129, 45.0078494 ], [ 7.6135363, 45.0075154 ], [ 7.6133191, 45.0076379 ] ] ] } },
{ "type": "Feature", "properties": { "osm_id": 1227454989, "height": 9.0, "has_osm_height": false, "code": "N137", "name": "MARCHIOLATTI", "july_2020": "under construction", "october_2021": "under construction", "july_2022": "under construction", "december_2022": "under construction", "april_2024": "under construction", "february_2025": "under construction", "december_2025": "under construction" }, "geometry": { "type": "Polygon", "coordinates": [ [ [ 7.6566142, 45.1483539 ], [ 7.6566121, 45.1483479 ], [ 7.6566387, 45.1483432 ], [ 7.6566855, 45.1484749 ], [ 7.6566438, 45.1484823 ], [ 7.6566858, 45.1486004 ], [ 7.656561, 45.1486225 ], [ 7.6564743, 45.1483786 ], [ 7.6566142, 45.1483539 ] ] ] } },
{ "type": "Feature", "properties": { "osm_id": 1228954090, "height": 9.0, "has_osm_height": false, "code": "N137", "name": "MARCHIOLATTI", "july_2020": "under construction", "october_2021": "under construction", "july_2022": "under construction", "december_2022": "under construction", "april_2024": "under construction", "february_2025": "under construction", "december_2025": "under construction" }, "geometry": { "type": "Polygon", "coordinates": [ [ [ 7.6567906, 45.1478025 ], [ 7.6567866, 45.1479557 ], [ 7.6561699, 45.1479477 ], [ 7.6561739, 45.1477945 ], [ 7.6567906, 45.1478025 ] ] ] } },
{ "type": "Feature", "properties": { "osm_id": 1228954091, "height": 9.0, "has_osm_height": false, "code": "N137", "name": "MARCHIOLATTI", "july_2020": "under construction", "october_2021": "under construction", "july_2022": "under construction", "december_2022": "under construction", "april_2024": "under construction", "february_2025": "under construction", "december_2025": "under construction" }, "geometry": { "type": "Polygon", "coordinates": [ [ [ 7.6559867, 45.1473006 ], [ 7.6560566, 45.1474322 ], [ 7.656415, 45.1473375 ], [ 7.6563451, 45.1472059 ], [ 7.6559867, 45.1473006 ] ] ] } },
{ "type": "Feature", "properties": { "osm_id": 1228954092, "height": 9.0, "has_osm_height": false, "code": "N137", "name": "MARCHIOLATTI", "july_2020": "under construction", "october_2021": "under construction", "july_2022": "under construction", "december_2022": "under construction", "april_2024": "under construction", "february_2025": "under construction", "december_2025": "under construction" }, "geometry": { "type": "Polygon", "coordinates": [ [ [ 7.6558908, 45.1478711 ], [ 7.6558866, 45.1479232 ], [ 7.6554609, 45.1479061 ], [ 7.6554651, 45.147854 ], [ 7.6558908, 45.1478711 ] ] ] } },
{ "type": "Feature", "properties": { "osm_id": 1456011003, "height": 9.0, "has_osm_height": false, "code": "N139", "name": "UNITO / CITTÀ DELLE SCIENZE E DELL’AMBIENTE", "july_2020": "procedure in progress", "october_2021": "under construction", "july_2022": "under construction", "december_2022": "under construction", "april_2024": "under construction", "february_2025": "under construction", "december_2025": "under construction" }, "geometry": { "type": "Polygon", "coordinates": [ [ [ 7.5959328, 45.0686448 ], [ 7.5961784, 45.0686884 ], [ 7.5962883, 45.0683795 ], [ 7.5968556, 45.0684802 ], [ 7.5969004, 45.0683541 ], [ 7.5963331, 45.0682534 ], [ 7.5964746, 45.0678556 ], [ 7.5970463, 45.067957 ], [ 7.5970923, 45.0678276 ], [ 7.5965289, 45.0677276 ], [ 7.5966686, 45.0673351 ], [ 7.5972321, 45.0674351 ], [ 7.5972816, 45.0672961 ], [ 7.596721, 45.0671965 ], [ 7.5968579, 45.0668122 ], [ 7.597428, 45.0669135 ], [ 7.5975107, 45.0666814 ], [ 7.5956614, 45.0663525 ], [ 7.5955789, 45.0665839 ], [ 7.5965971, 45.066765 ], [ 7.5964567, 45.0671588 ], [ 7.5954627, 45.066982 ], [ 7.5954203, 45.0671008 ], [ 7.596421, 45.0672788 ], [ 7.596276, 45.0676855 ], [ 7.5955551, 45.0675573 ], [ 7.5955114, 45.0676798 ], [ 7.5962294, 45.0678074 ], [ 7.5960874, 45.0682061 ], [ 7.5956983, 45.0681369 ], [ 7.5956515, 45.0682683 ], [ 7.5960421, 45.0683376 ], [ 7.5959328, 45.0686448 ] ] ] } },
{ "type": "Feature", "properties": { "osm_id": 1456011004, "height": 9.0, "has_osm_height": false, "code": "N139", "name": "UNITO / CITTÀ DELLE SCIENZE E DELL’AMBIENTE", "july_2020": "procedure in progress", "october_2021": "under construction", "july_2022": "under construction", "december_2022": "under construction", "april_2024": "under construction", "february_2025": "under construction", "december_2025": "under construction" }, "geometry": { "type": "Polygon", "coordinates": [ [ [ 7.5972661, 45.068038 ], [ 7.5976521, 45.0681085 ], [ 7.5976597, 45.0680878 ], [ 7.5977745, 45.0681088 ], [ 7.59777, 45.0681211 ], [ 7.5980217, 45.0681671 ], [ 7.5980338, 45.068134 ], [ 7.598047, 45.0681364 ], [ 7.5980767, 45.068055 ], [ 7.5980541, 45.0680509 ], [ 7.5980767, 45.0679884 ], [ 7.5980976, 45.0679922 ], [ 7.5981234, 45.0679209 ], [ 7.5978746, 45.0678761 ], [ 7.597869, 45.0678918 ], [ 7.5977454, 45.0678696 ], [ 7.5979097, 45.0674117 ], [ 7.5977972, 45.0673916 ], [ 7.597813, 45.0673475 ], [ 7.5979351, 45.0673693 ], [ 7.5979836, 45.0672342 ], [ 7.5980076, 45.0672385 ], [ 7.5980419, 45.0671433 ], [ 7.5979047, 45.0671186 ], [ 7.5979225, 45.0670693 ], [ 7.5978072, 45.0670486 ], [ 7.5978002, 45.0670678 ], [ 7.5976962, 45.0670489 ], [ 7.5976828, 45.0670857 ], [ 7.5976279, 45.0670757 ], [ 7.597542, 45.0673115 ], [ 7.5976597, 45.0673329 ], [ 7.5976491, 45.0673621 ], [ 7.5975221, 45.0673389 ], [ 7.5972661, 45.068038 ] ] ] } },
{ "type": "Feature", "properties": { "osm_id": 1456011005, "height": 9.0, "has_osm_height": false, "code": "N139", "name": "UNITO / CITTÀ DELLE SCIENZE E DELL’AMBIENTE", "july_2020": "procedure in progress", "october_2021": "under construction", "july_2022": "under construction", "december_2022": "under construction", "april_2024": "under construction", "february_2025": "under construction", "december_2025": "under construction" }, "geometry": { "type": "Polygon", "coordinates": [ [ [ 7.5988685, 45.066949 ], [ 7.5989641, 45.0669663 ], [ 7.598936, 45.0670439 ], [ 7.599272, 45.0671046 ], [ 7.5992996, 45.0670283 ], [ 7.5996535, 45.0670923 ], [ 7.5997379, 45.0668594 ], [ 7.5989524, 45.0667174 ], [ 7.5988685, 45.066949 ] ] ] } },
{ "type": "Feature", "properties": { "osm_id": 1456011006, "height": 9.0, "has_osm_height": false, "code": "N139", "name": "UNITO / CITTÀ DELLE SCIENZE E DELL’AMBIENTE", "july_2020": "procedure in progress", "october_2021": "under construction", "july_2022": "under construction", "december_2022": "under construction", "april_2024": "under construction", "february_2025": "under construction", "december_2025": "under construction" }, "geometry": { "type": "Polygon", "coordinates": [ [ [ 7.5986853, 45.0665602 ], [ 7.5988052, 45.0665846 ], [ 7.5989109, 45.0665789 ], [ 7.5998968, 45.066754 ], [ 7.6000249, 45.0668172 ], [ 7.6003745, 45.0668804 ], [ 7.6004457, 45.0667124 ], [ 7.599521, 45.0665519 ], [ 7.5994392, 45.0665372 ], [ 7.5987402, 45.0664052 ], [ 7.5986853, 45.0665602 ] ] ] } },
{ "type": "Feature", "properties": { "osm_id": 1456011007, "height": 9.0, "has_osm_height": false, "code": "N139", "name": "UNITO / CITTÀ DELLE SCIENZE E DELL’AMBIENTE", "july_2020": "procedure in progress", "october_2021": "under construction", "july_2022": "under construction", "december_2022": "under construction", "april_2024": "under construction", "february_2025": "under construction", "december_2025": "under construction" }, "geometry": { "type": "Polygon", "coordinates": [ [ [ 7.5994392, 45.0665372 ], [ 7.5994685, 45.0664557 ], [ 7.5993596, 45.0664361 ], [ 7.5994011, 45.0663208 ], [ 7.5999388, 45.0664175 ], [ 7.5998967, 45.0665343 ], [ 7.5995498, 45.0664719 ], [ 7.599521, 45.0665519 ], [ 7.5994392, 45.0665372 ] ] ] } },
{ "type": "Feature", "properties": { "osm_id": 1456011008, "height": 9.0, "has_osm_height": false, "code": "N139", "name": "UNITO / CITTÀ DELLE SCIENZE E DELL’AMBIENTE", "july_2020": "procedure in progress", "october_2021": "under construction", "july_2022": "under construction", "december_2022": "under construction", "april_2024": "under construction", "february_2025": "under construction", "december_2025": "under construction" }, "geometry": { "type": "Polygon", "coordinates": [ [ [ 7.6000296, 45.0650586 ], [ 7.6000903, 45.064897 ], [ 7.5998237, 45.064847 ], [ 7.5997629, 45.0650085 ], [ 7.6000296, 45.0650586 ] ] ] } },
{ "type": "Feature", "properties": { "osm_id": 1456011009, "height": 9.0, "has_osm_height": false, "code": "N139", "name": "UNITO / CITTÀ DELLE SCIENZE E DELL’AMBIENTE", "july_2020": "procedure in progress", "october_2021": "under construction", "july_2022": "under construction", "december_2022": "under construction", "april_2024": "under construction", "february_2025": "under construction", "december_2025": "under construction" }, "geometry": { "type": "Polygon", "coordinates": [ [ [ 7.5994553, 45.0648509 ], [ 7.5995336, 45.0646295 ], [ 7.5994653, 45.0646174 ], [ 7.5994201, 45.0647452 ], [ 7.5993788, 45.0647379 ], [ 7.5993457, 45.0648316 ], [ 7.5994553, 45.0648509 ] ] ] } },
{ "type": "Feature", "properties": { "osm_id": 1456011010, "height": 9.0, "has_osm_height": false, "code": "N139", "name": "UNITO / CITTÀ DELLE SCIENZE E DELL’AMBIENTE", "july_2020": "procedure in progress", "october_2021": "under construction", "july_2022": "under construction", "december_2022": "under construction", "april_2024": "under construction", "february_2025": "under construction", "december_2025": "under construction" }, "geometry": { "type": "Polygon", "coordinates": [ [ [ 7.6001292, 45.0648001 ], [ 7.6001499, 45.0647427 ], [ 7.6000764, 45.0647294 ], [ 7.6000556, 45.0647868 ], [ 7.6001292, 45.0648001 ] ] ] } },
{ "type": "Feature", "properties": { "osm_id": 131745661, "height": 9.0, "has_osm_height": false, "code": "N152", "name": "STAZIONE", "july_2020": "procedure in progress", "october_2021": "procedure in progress", "july_2022": "procedure in progress", "december_2022": "procedure in progress", "april_2024": "removed", "february_2025": "", "december_2025": "" }, "geometry": { "type": "Polygon", "coordinates": [ [ [ 7.7694597, 45.1397627 ], [ 7.7697416, 45.1398882 ], [ 7.7697497, 45.1398791 ], [ 7.7697582, 45.1398697 ], [ 7.7698039, 45.1398186 ], [ 7.7697124, 45.1397779 ], [ 7.7697065, 45.1397845 ], [ 7.7696641, 45.1397656 ], [ 7.769608, 45.1397406 ], [ 7.769614, 45.1397339 ], [ 7.7695218, 45.139693 ], [ 7.7694597, 45.1397627 ] ] ] } },
{ "type": "Feature", "properties": { "osm_id": 304324074, "height": 9.0, "has_osm_height": false, "code": "N154", "name": "SIDAUTO", "july_2020": "on hold", "october_2021": "on hold", "july_2022": "on hold", "december_2022": "on hold", "april_2024": "on hold", "february_2025": "on hold", "december_2025": "on hold" }, "geometry": { "type": "Polygon", "coordinates": [ [ [ 7.7188534, 45.1278154 ], [ 7.7187904, 45.1278277 ], [ 7.7189487, 45.1282375 ], [ 7.7189704, 45.1282936 ], [ 7.7199535, 45.1281032 ], [ 7.719917, 45.1280086 ], [ 7.7197931, 45.1280326 ], [ 7.7197552, 45.1279341 ], [ 7.7196886, 45.1279469 ], [ 7.7196525, 45.1278533 ], [ 7.7195308, 45.1278768 ], [ 7.719497, 45.1277893 ], [ 7.7194304, 45.1278022 ], [ 7.7193747, 45.127813 ], [ 7.7193381, 45.1277182 ], [ 7.7192766, 45.1277303 ], [ 7.7192404, 45.127637 ], [ 7.7188164, 45.1277195 ], [ 7.7188534, 45.1278154 ] ] ] } },
{ "type": "Feature", "properties": { "osm_id": 304324075, "height": 9.0, "has_osm_height": false, "code": "N154", "name": "SIDAUTO", "july_2020": "on hold", "october_2021": "on hold", "july_2022": "on hold", "december_2022": "on hold", "april_2024": "on hold", "february_2025": "on hold", "december_2025": "on hold" }, "geometry": { "type": "Polygon", "coordinates": [ [ [ 7.7176878, 45.1275058 ], [ 7.7177175, 45.1275361 ], [ 7.717614, 45.1275548 ], [ 7.7176756, 45.1277386 ], [ 7.7177022, 45.1278178 ], [ 7.7176642, 45.1278277 ], [ 7.717709, 45.1279709 ], [ 7.717709, 45.127971 ], [ 7.7178626, 45.128462 ], [ 7.718465, 45.1283639 ], [ 7.7182653, 45.1277309 ], [ 7.7179975, 45.1277776 ], [ 7.7179118, 45.1275082 ], [ 7.7178557, 45.1275164 ], [ 7.7178061, 45.1274873 ], [ 7.7178664, 45.1274763 ], [ 7.7175452, 45.1273313 ], [ 7.7175849, 45.1274575 ], [ 7.7176878, 45.1275058 ] ] ] } },
{ "type": "Feature", "properties": { "osm_id": 304324128, "height": 9.0, "has_osm_height": false, "code": "N154", "name": "SIDAUTO", "july_2020": "on hold", "october_2021": "on hold", "july_2022": "on hold", "december_2022": "on hold", "april_2024": "on hold", "february_2025": "on hold", "december_2025": "on hold" }, "geometry": { "type": "Polygon", "coordinates": [ [ [ 7.7185758, 45.1285008 ], [ 7.7185151, 45.1285105 ], [ 7.7185049, 45.1284824 ], [ 7.718044, 45.1285599 ], [ 7.718038, 45.1285272 ], [ 7.7179014, 45.1285492 ], [ 7.7178935, 45.1285579 ], [ 7.7179018, 45.1285839 ], [ 7.7180019, 45.1288994 ], [ 7.7186101, 45.1288035 ], [ 7.7186016, 45.1287774 ], [ 7.718663, 45.1287655 ], [ 7.718668, 45.1287923 ], [ 7.7189613, 45.1287453 ], [ 7.719278, 45.1286946 ], [ 7.7192693, 45.1286689 ], [ 7.7193833, 45.1286532 ], [ 7.7193892, 45.1286746 ], [ 7.7199908, 45.12858 ], [ 7.7198907, 45.1282604 ], [ 7.7194392, 45.1283346 ], [ 7.719283, 45.1283603 ], [ 7.7192914, 45.1283854 ], [ 7.7191847, 45.1284046 ], [ 7.7191749, 45.1283774 ], [ 7.7189265, 45.128417 ], [ 7.718567, 45.1284742 ], [ 7.7185758, 45.1285008 ] ] ] } },
{ "type": "Feature", "properties": { "osm_id": 304324145, "height": 9.0, "has_osm_height": false, "code": "N156", "name": "TRECI", "july_2020": "procedure in progress", "october_2021": "procedure in progress", "july_2022": "procedure in progress", "december_2022": "procedure in progress", "april_2024": "under construction", "february_2025": "under construction", "december_2025": "completed" }, "geometry": { "type": "Polygon", "coordinates": [ [ [ 7.7311377, 45.1442359 ], [ 7.7318132, 45.1438778 ], [ 7.7318778, 45.1439387 ], [ 7.732061, 45.1438415 ], [ 7.7319956, 45.1437799 ], [ 7.7323081, 45.1436138 ], [ 7.7323145, 45.1436199 ], [ 7.7323384, 45.1436073 ], [ 7.7324118, 45.1435686 ], [ 7.73211, 45.1432819 ], [ 7.7321098, 45.1432818 ], [ 7.7320633, 45.1432376 ], [ 7.7320629, 45.1432372 ], [ 7.7319433, 45.1431236 ], [ 7.7318423, 45.1431767 ], [ 7.7318481, 45.1431821 ], [ 7.73025, 45.144028 ], [ 7.7301287, 45.1440921 ], [ 7.7300319, 45.1440005 ], [ 7.7299937, 45.1440207 ], [ 7.7298749, 45.1440835 ], [ 7.7300438, 45.1442435 ], [ 7.7300088, 45.144262 ], [ 7.7300249, 45.1442774 ], [ 7.7300621, 45.1442578 ], [ 7.7301754, 45.1443658 ], [ 7.7301431, 45.1443828 ], [ 7.7301987, 45.1444357 ], [ 7.7302297, 45.1444194 ], [ 7.7304375, 45.1446175 ], [ 7.730563, 45.1445514 ], [ 7.7305969, 45.1445336 ], [ 7.730588, 45.1445251 ], [ 7.7307108, 45.1444601 ], [ 7.7307782, 45.1445237 ], [ 7.7312037, 45.1442983 ], [ 7.7311377, 45.1442359 ] ] ] } },
{ "type": "Feature", "properties": { "osm_id": 304421586, "height": 9.0, "has_osm_height": false, "code": "N152", "name": "STAZIONE", "july_2020": "procedure in progress", "october_2021": "procedure in progress", "july_2022": "procedure in progress", "december_2022": "procedure in progress", "april_2024": "removed", "february_2025": "", "december_2025": "" }, "geometry": { "type": "Polygon", "coordinates": [ [ [ 7.768898, 45.1393348 ], [ 7.7687835, 45.1394677 ], [ 7.7687723, 45.1394806 ], [ 7.7691684, 45.1396505 ], [ 7.7691784, 45.1396389 ], [ 7.7692655, 45.1395379 ], [ 7.7690744, 45.1394559 ], [ 7.769103, 45.1394228 ], [ 7.768898, 45.1393348 ] ] ] } },
{ "type": "Feature", "properties": { "osm_id": 304421693, "height": 9.0, "has_osm_height": false, "code": "N152", "name": "STAZIONE", "july_2020": "procedure in progress", "october_2021": "procedure in progress", "july_2022": "procedure in progress", "december_2022": "procedure in progress", "april_2024": "removed", "february_2025": "", "december_2025": "" }, "geometry": { "type": "Polygon", "coordinates": [ [ [ 7.7693952, 45.1395652 ], [ 7.7695071, 45.1396168 ], [ 7.7695363, 45.1395852 ], [ 7.7694244, 45.1395336 ], [ 7.7693952, 45.1395652 ] ] ] } },
{ "type": "Feature", "properties": { "osm_id": 304465125, "height": 9.0, "has_osm_height": false, "code": "N152", "name": "STAZIONE", "july_2020": "procedure in progress", "october_2021": "procedure in progress", "july_2022": "procedure in progress", "december_2022": "procedure in progress", "april_2024": "removed", "february_2025": "", "december_2025": "" }, "geometry": { "type": "Polygon", "coordinates": [ [ [ 7.7694597, 45.1397627 ], [ 7.7695218, 45.139693 ], [ 7.7692756, 45.1395839 ], [ 7.7692135, 45.1396535 ], [ 7.7694597, 45.1397627 ] ] ] } },
{ "type": "Feature", "properties": { "osm_id": 304465385, "height": 9.0, "has_osm_height": false, "code": "N156", "name": "TRECI", "july_2020": "procedure in progress", "october_2021": "procedure in progress", "july_2022": "procedure in progress", "december_2022": "procedure in progress", "april_2024": "under construction", "february_2025": "under construction", "december_2025": "completed" }, "geometry": { "type": "Polygon", "coordinates": [ [ [ 7.7318325, 45.1440654 ], [ 7.7317762, 45.1440985 ], [ 7.7318349, 45.1441529 ], [ 7.7318924, 45.1441234 ], [ 7.7318325, 45.1440654 ] ] ] } },
{ "type": "Feature", "properties": { "osm_id": 304465727, "height": 9.0, "has_osm_height": false, "code": "N156", "name": "TRECI", "july_2020": "procedure in progress", "october_2021": "procedure in progress", "july_2022": "procedure in progress", "december_2022": "procedure in progress", "april_2024": "under construction", "february_2025": "under construction", "december_2025": "completed" }, "geometry": { "type": "Polygon", "coordinates": [ [ [ 7.732519, 45.143708 ], [ 7.732427, 45.1437559 ], [ 7.7324928, 45.1438192 ], [ 7.7325848, 45.1437713 ], [ 7.732519, 45.143708 ] ] ] } },
{ "type": "Feature", "properties": { "osm_id": 750519609, "height": 7.0, "has_osm_height": true, "code": "N150", "name": "CERTOSA LABORATORI", "july_2020": "under construction", "october_2021": "under construction", "july_2022": "under construction", "december_2022": "completed", "april_2024": "completed", "february_2025": "completed", "december_2025": "completed" }, "geometry": { "type": "Polygon", "coordinates": [ [ [ 7.5779636, 45.0844187 ], [ 7.577926, 45.0842113 ], [ 7.5769131, 45.0843219 ], [ 7.5769613, 45.084524 ], [ 7.5770901, 45.0845095 ], [ 7.5770637, 45.0843875 ], [ 7.5773124, 45.0843608 ], [ 7.5773395, 45.0844855 ], [ 7.5774593, 45.0844705 ], [ 7.5774298, 45.0843427 ], [ 7.577816, 45.0843029 ], [ 7.5778388, 45.0844308 ], [ 7.5779636, 45.0844187 ] ] ] } },
{ "type": "Feature", "properties": { "osm_id": 854802526, "height": 9.0, "has_osm_height": false, "code": "N149", "name": "PRA GRANDA", "july_2020": "under construction", "october_2021": "under construction", "july_2022": "completed", "december_2022": "completed", "april_2024": "completed", "february_2025": "completed", "december_2025": "completed" }, "geometry": { "type": "Polygon", "coordinates": [ [ [ 7.7543516, 45.1086945 ], [ 7.7543863, 45.1086763 ], [ 7.7544361, 45.1087236 ], [ 7.7544014, 45.1087418 ], [ 7.7543516, 45.1086945 ] ] ] } },
{ "type": "Feature", "properties": { "osm_id": 1138834337, "height": 9.0, "has_osm_height": false, "code": "N151", "name": "BORDINA", "july_2020": "procedure in progress", "october_2021": "procedure in progress", "july_2022": "procedure in progress", "december_2022": "procedure in progress", "april_2024": "under construction", "february_2025": "under construction", "december_2025": "under construction" }, "geometry": { "type": "Polygon", "coordinates": [ [ [ 7.7573334, 45.1260086 ], [ 7.7577318, 45.1258574 ], [ 7.7577098, 45.1258286 ], [ 7.7577448, 45.1258153 ], [ 7.7577668, 45.1258442 ], [ 7.7582386, 45.1256652 ], [ 7.758146, 45.1255436 ], [ 7.7580018, 45.1255983 ], [ 7.7577646, 45.1252872 ], [ 7.7577929, 45.1252764 ], [ 7.7577244, 45.1251866 ], [ 7.7569351, 45.1254861 ], [ 7.7570334, 45.1256151 ], [ 7.7570111, 45.1256235 ], [ 7.7571474, 45.1258023 ], [ 7.7571696, 45.1257938 ], [ 7.7573334, 45.1260086 ] ] ] } },
{ "type": "Feature", "properties": { "osm_id": 1284732850, "height": 9.0, "has_osm_height": false, "code": "N148", "name": "PIP4", "july_2020": "procedure in progress", "october_2021": "procedure in progress", "july_2022": "procedure in progress", "december_2022": "procedure in progress", "april_2024": "procedure in progress", "february_2025": "procedure in progress", "december_2025": "procedure in progress" }, "geometry": { "type": "Polygon", "coordinates": [ [ [ 7.6368069, 44.9823812 ], [ 7.6375813, 44.9821755 ], [ 7.6381692, 44.9832832 ], [ 7.6377368, 44.983398 ], [ 7.6377756, 44.9834711 ], [ 7.6374338, 44.9835619 ], [ 7.6368069, 44.9823812 ] ] ] } },
{ "type": "Feature", "properties": { "osm_id": 1432785810, "height": 9.0, "has_osm_height": false, "code": "N151", "name": "BORDINA", "july_2020": "procedure in progress", "october_2021": "procedure in progress", "july_2022": "procedure in progress", "december_2022": "procedure in progress", "april_2024": "under construction", "february_2025": "under construction", "december_2025": "under construction" }, "geometry": { "type": "Polygon", "coordinates": [ [ [ 7.7571771, 45.1280166 ], [ 7.7572795, 45.1278652 ], [ 7.7579086, 45.1280476 ], [ 7.7578367, 45.1281865 ], [ 7.7571771, 45.1280166 ] ] ] } },
{ "type": "Feature", "properties": { "osm_id": 1455183042, "height": 9.0, "has_osm_height": false, "code": "N152", "name": "STAZIONE", "july_2020": "procedure in progress", "october_2021": "procedure in progress", "july_2022": "procedure in progress", "december_2022": "procedure in progress", "april_2024": "removed", "february_2025": "", "december_2025": "" }, "geometry": { "type": "Polygon", "coordinates": [ [ [ 7.7692135, 45.1396535 ], [ 7.7691867, 45.1396881 ], [ 7.7700062, 45.1400563 ], [ 7.7700469, 45.1400158 ], [ 7.7697497, 45.1398791 ], [ 7.7697416, 45.1398882 ], [ 7.7692135, 45.1396535 ] ] ] } },
{ "type": "Feature", "properties": { "osm_id": 81551140, "height": 9.6, "has_osm_height": true, "code": "N159", "name": "MAESTRI LAVORO", "july_2020": "on hold", "october_2021": "on hold", "july_2022": "on hold", "december_2022": "on hold", "april_2024": "on hold", "february_2025": "on hold", "december_2025": "on hold" }, "geometry": { "type": "Polygon", "coordinates": [ [ [ 7.5963204, 45.0502903 ], [ 7.5963198, 45.0503443 ], [ 7.5963116, 45.050389 ], [ 7.596283, 45.0504467 ], [ 7.5962565, 45.0504972 ], [ 7.5961978, 45.0505497 ], [ 7.5963085, 45.0507109 ], [ 7.5964079, 45.0506768 ], [ 7.5965651, 45.0509055 ], [ 7.5964786, 45.0509315 ], [ 7.5967579, 45.0513234 ], [ 7.5969056, 45.0512688 ], [ 7.5969514, 45.0513175 ], [ 7.5971091, 45.0512653 ], [ 7.5971525, 45.0513104 ], [ 7.5973089, 45.0512591 ], [ 7.5973491, 45.0513035 ], [ 7.5974836, 45.0512514 ], [ 7.5975531, 45.0513507 ], [ 7.5977031, 45.0513011 ], [ 7.5972758, 45.0506698 ], [ 7.5972116, 45.0506918 ], [ 7.5970453, 45.0504498 ], [ 7.5971781, 45.0504042 ], [ 7.5969512, 45.050074 ], [ 7.5963204, 45.0502903 ] ] ] } },
{ "type": "Feature", "properties": { "osm_id": 81551193, "height": 9.0, "has_osm_height": false, "code": "N159", "name": "MAESTRI LAVORO", "july_2020": "on hold", "october_2021": "on hold", "july_2022": "on hold", "december_2022": "on hold", "april_2024": "on hold", "february_2025": "on hold", "december_2025": "on hold" }, "geometry": { "type": "Polygon", "coordinates": [ [ [ 7.5961422, 45.0499248 ], [ 7.5965621, 45.0497787 ], [ 7.5962026, 45.0492628 ], [ 7.5957827, 45.0494089 ], [ 7.5961422, 45.0499248 ] ] ] } },
{ "type": "Feature", "properties": { "osm_id": 88200347, "height": 9.0, "has_osm_height": false, "code": "N170", "name": "EX FORESTERIA SACCHI", "july_2020": "", "october_2021": "under construction", "july_2022": "procedure in progress", "december_2022": "procedure in progress", "april_2024": "procedure in progress", "february_2025": "procedure in progress", "december_2025": "under construction" }, "geometry": { "type": "Polygon", "coordinates": [ [ [ 7.6728495, 45.0561006 ], [ 7.6729695, 45.0560345 ], [ 7.6726249, 45.0557226 ], [ 7.6725049, 45.0557887 ], [ 7.6728495, 45.0561006 ] ] ] } },
{ "type": "Feature", "properties": { "osm_id": 130009192, "height": 9.0, "has_osm_height": false, "code": "N159", "name": "MAESTRI LAVORO", "july_2020": "on hold", "october_2021": "on hold", "july_2022": "on hold", "december_2022": "on hold", "april_2024": "on hold", "february_2025": "on hold", "december_2025": "on hold" }, "geometry": { "type": "Polygon", "coordinates": [ [ [ 7.5999625, 45.0508637 ], [ 7.5999697, 45.0508612 ], [ 7.5994585, 45.0505218 ], [ 7.5989541, 45.0506959 ], [ 7.5992473, 45.051114 ], [ 7.5995447, 45.0510099 ], [ 7.5995624, 45.0510362 ], [ 7.5995301, 45.0510475 ], [ 7.5996701, 45.0512481 ], [ 7.6001495, 45.0510811 ], [ 7.6000095, 45.0508805 ], [ 7.5999805, 45.0508906 ], [ 7.5999625, 45.0508637 ] ] ] } },
{ "type": "Feature", "properties": { "osm_id": 453684679, "height": 6.4, "has_osm_height": true, "code": "N159", "name": "MAESTRI LAVORO", "july_2020": "on hold", "october_2021": "on hold", "july_2022": "on hold", "december_2022": "on hold", "april_2024": "on hold", "february_2025": "on hold", "december_2025": "on hold" }, "geometry": { "type": "Polygon", "coordinates": [ [ [ 7.5990662, 45.0511214 ], [ 7.5986107, 45.0512768 ], [ 7.5984939, 45.051106 ], [ 7.5983541, 45.0511537 ], [ 7.598207, 45.0509385 ], [ 7.5988306, 45.0507257 ], [ 7.5989813, 45.0509462 ], [ 7.598953, 45.0509559 ], [ 7.5990662, 45.0511214 ] ] ] } },
{ "type": "Feature", "properties": { "osm_id": 453684680, "height": 9.6, "has_osm_height": true, "code": "N159", "name": "MAESTRI LAVORO", "july_2020": "on hold", "october_2021": "on hold", "july_2022": "on hold", "december_2022": "on hold", "april_2024": "on hold", "february_2025": "on hold", "december_2025": "on hold" }, "geometry": { "type": "Polygon", "coordinates": [ [ [ 7.5955991, 45.0514093 ], [ 7.5955936, 45.051321 ], [ 7.5959992, 45.0513085 ], [ 7.5959904, 45.0511654 ], [ 7.5956805, 45.051175 ], [ 7.595516, 45.0509365 ], [ 7.5955329, 45.0509307 ], [ 7.5954821, 45.0508571 ], [ 7.5957508, 45.0507646 ], [ 7.5957092, 45.0507043 ], [ 7.5955792, 45.050691 ], [ 7.5954717, 45.0506634 ], [ 7.5953701, 45.0506149 ], [ 7.5947651, 45.0508301 ], [ 7.5947924, 45.0508683 ], [ 7.5947648, 45.0508781 ], [ 7.5949424, 45.0511272 ], [ 7.5950696, 45.051082 ], [ 7.5951203, 45.051153 ], [ 7.5950468, 45.0511792 ], [ 7.5950564, 45.0513342 ], [ 7.5951679, 45.0513308 ], [ 7.5951736, 45.0514224 ], [ 7.5955991, 45.0514093 ] ] ] } },
{ "type": "Feature", "properties": { "osm_id": 866086080, "height": 9.0, "has_osm_height": false, "code": "N166", "name": "PARRI", "july_2020": "", "october_2021": "procedure in progress", "july_2022": "procedure in progress", "december_2022": "procedure in progress", "april_2024": "under construction", "february_2025": "under construction", "december_2025": "under construction" }, "geometry": { "type": "Polygon", "coordinates": [ [ [ 7.6771273, 45.0456984 ], [ 7.6772425, 45.0456772 ], [ 7.6772119, 45.0455941 ], [ 7.6772724, 45.045583 ], [ 7.6773015, 45.0456618 ], [ 7.6773989, 45.0456439 ], [ 7.6773701, 45.0455657 ], [ 7.67744, 45.0455529 ], [ 7.6774655, 45.0456221 ], [ 7.677561, 45.0456045 ], [ 7.6775304, 45.0455215 ], [ 7.6776361, 45.045502 ], [ 7.6776638, 45.0455772 ], [ 7.6777417, 45.0455629 ], [ 7.6776906, 45.0454242 ], [ 7.6776163, 45.0454379 ], [ 7.6775833, 45.0453484 ], [ 7.67748, 45.0453674 ], [ 7.6775105, 45.0454501 ], [ 7.6774473, 45.0454618 ], [ 7.6774139, 45.0453713 ], [ 7.6772931, 45.0453936 ], [ 7.6773242, 45.045478 ], [ 7.6772672, 45.0454885 ], [ 7.6772377, 45.0454083 ], [ 7.6771196, 45.04543 ], [ 7.6771537, 45.0455225 ], [ 7.6770683, 45.0455383 ], [ 7.6771273, 45.0456984 ] ] ] } },
{ "type": "Feature", "properties": { "osm_id": 84376397, "height": 9.0, "has_osm_height": false, "code": "N176", "name": "NOVARES DOLCI", "july_2020": "", "october_2021": "", "july_2022": "procedure in progress", "december_2022": "procedure in progress", "april_2024": "procedure in progress", "february_2025": "procedure in progress", "december_2025": "under construction" }, "geometry": { "type": "Polygon", "coordinates": [ [ [ 7.5887305, 45.0240803 ], [ 7.5887442, 45.023972 ], [ 7.5887209, 45.0239573 ], [ 7.5889758, 45.0237035 ], [ 7.5880306, 45.0232311 ], [ 7.5877913, 45.0234878 ], [ 7.5877087, 45.0234562 ], [ 7.5874681, 45.0234476 ], [ 7.5861717, 45.0240311 ], [ 7.5860506, 45.0240282 ], [ 7.5860321, 45.0244112 ], [ 7.5861654, 45.0244144 ], [ 7.5861495, 45.0247439 ], [ 7.5871575, 45.0247682 ], [ 7.5872248, 45.0248453 ], [ 7.5872629, 45.0248287 ], [ 7.5873927, 45.0249774 ], [ 7.5886594, 45.0244251 ], [ 7.5886098, 45.0243683 ], [ 7.5888213, 45.024276 ], [ 7.5887313, 45.0241729 ], [ 7.5887893, 45.0241476 ], [ 7.5887305, 45.0240803 ] ] ] } },
{ "type": "Feature", "properties": { "osm_id": 208345583, "height": 3.2, "has_osm_height": true, "code": "N174", "name": "VENTURI", "july_2020": "", "october_2021": "", "july_2022": "under construction", "december_2022": "under construction", "april_2024": "under construction", "february_2025": "removed", "december_2025": "" }, "geometry": { "type": "Polygon", "coordinates": [ [ [ 7.6915168, 45.0687947 ], [ 7.6918338, 45.0686762 ], [ 7.6918844, 45.0687437 ], [ 7.6915673, 45.0688622 ], [ 7.6915168, 45.0687947 ] ] ] } },
{ "type": "Feature", "properties": { "osm_id": 304323910, "height": 9.0, "has_osm_height": false, "code": "N182", "name": "OLON", "july_2020": "", "october_2021": "", "july_2022": "", "december_2022": "under construction", "april_2024": "under construction", "february_2025": "under construction", "december_2025": "under construction" }, "geometry": { "type": "Polygon", "coordinates": [ [ [ 7.7685861, 45.141735 ], [ 7.7686291, 45.1417531 ], [ 7.7688284, 45.1418374 ], [ 7.7689883, 45.141905 ], [ 7.7691196, 45.1417495 ], [ 7.7687175, 45.1415794 ], [ 7.7687094, 45.1415889 ], [ 7.7686655, 45.1415705 ], [ 7.7686021, 45.1416461 ], [ 7.7686454, 45.1416643 ], [ 7.7685861, 45.141735 ] ] ] } },
{ "type": "Feature", "properties": { "osm_id": 304323928, "height": 9.0, "has_osm_height": false, "code": "N182", "name": "OLON", "july_2020": "", "october_2021": "", "july_2022": "", "december_2022": "under construction", "april_2024": "under construction", "february_2025": "under construction", "december_2025": "under construction" }, "geometry": { "type": "Polygon", "coordinates": [ [ [ 7.768939, 45.1419621 ], [ 7.7688795, 45.1419369 ], [ 7.7687685, 45.1418898 ], [ 7.7687683, 45.1418897 ], [ 7.7686689, 45.1418476 ], [ 7.7686687, 45.1418475 ], [ 7.768585, 45.1418121 ], [ 7.7685845, 45.1418118 ], [ 7.7684422, 45.1417515 ], [ 7.7683055, 45.141913 ], [ 7.7688024, 45.1421237 ], [ 7.768939, 45.1419621 ] ] ] } },
{ "type": "Feature", "properties": { "osm_id": 304324163, "height": 9.0, "has_osm_height": false, "code": "N182", "name": "OLON", "july_2020": "", "october_2021": "", "july_2022": "", "december_2022": "under construction", "april_2024": "under construction", "february_2025": "under construction", "december_2025": "under construction" }, "geometry": { "type": "Polygon", "coordinates": [ [ [ 7.7688714, 45.1412483 ], [ 7.768703, 45.1414439 ], [ 7.7691833, 45.141651 ], [ 7.7693518, 45.1414553 ], [ 7.7688714, 45.1412483 ] ] ] } },
{ "type": "Feature", "properties": { "osm_id": 304324331, "height": 9.0, "has_osm_height": false, "code": "N182", "name": "OLON", "july_2020": "", "october_2021": "", "july_2022": "", "december_2022": "under construction", "april_2024": "under construction", "february_2025": "under construction", "december_2025": "under construction" }, "geometry": { "type": "Polygon", "coordinates": [ [ [ 7.7690669, 45.1410198 ], [ 7.7689277, 45.1411806 ], [ 7.7695039, 45.1414303 ], [ 7.769643, 45.1412696 ], [ 7.7693052, 45.1411231 ], [ 7.7690669, 45.1410198 ] ] ] } },
{ "type": "Feature", "properties": { "osm_id": 304460973, "height": 9.0, "has_osm_height": false, "code": "N177", "name": "EX GFT", "july_2020": "", "october_2021": "", "july_2022": "procedure in progress", "december_2022": "procedure in progress", "april_2024": "procedure in progress", "february_2025": "procedure in progress", "december_2025": "procedure in progress" }, "geometry": { "type": "Polygon", "coordinates": [ [ [ 7.7376116, 45.1375702 ], [ 7.7375381, 45.1376054 ], [ 7.7375655, 45.1376341 ], [ 7.737639, 45.1375987 ], [ 7.7376116, 45.1375702 ] ] ] } },
{ "type": "Feature", "properties": { "osm_id": 304460999, "height": 9.0, "has_osm_height": false, "code": "N177", "name": "EX GFT", "july_2020": "", "october_2021": "", "july_2022": "procedure in progress", "december_2022": "procedure in progress", "april_2024": "procedure in progress", "february_2025": "procedure in progress", "december_2025": "procedure in progress" }, "geometry": { "type": "Polygon", "coordinates": [ [ [ 7.737919, 45.1374844 ], [ 7.7378461, 45.1375166 ], [ 7.7378844, 45.13756 ], [ 7.7379572, 45.1375277 ], [ 7.7379272, 45.1374937 ], [ 7.737919, 45.1374844 ] ] ] } },
{ "type": "Feature", "properties": { "osm_id": 304465621, "height": 9.0, "has_osm_height": false, "code": "N182", "name": "OLON", "july_2020": "", "october_2021": "", "july_2022": "", "december_2022": "under construction", "april_2024": "under construction", "february_2025": "under construction", "december_2025": "under construction" }, "geometry": { "type": "Polygon", "coordinates": [ [ [ 7.7686131, 45.1417607 ], [ 7.768578, 45.1418015 ], [ 7.7687735, 45.1418868 ], [ 7.7688124, 45.1418449 ], [ 7.7686131, 45.1417607 ] ] ] } },
{ "type": "Feature", "properties": { "osm_id": 304465854, "height": 9.0, "has_osm_height": false, "code": "N177", "name": "EX GFT", "july_2020": "", "october_2021": "", "july_2022": "procedure in progress", "december_2022": "procedure in progress", "april_2024": "procedure in progress", "february_2025": "procedure in progress", "december_2025": "procedure in progress" }, "geometry": { "type": "Polygon", "coordinates": [ [ [ 7.7379476, 45.1403814 ], [ 7.7378789, 45.1404043 ], [ 7.7378792, 45.1404047 ], [ 7.7378945, 45.1404275 ], [ 7.7379618, 45.1404056 ], [ 7.7379476, 45.1403814 ] ] ] } },
{ "type": "Feature", "properties": { "osm_id": 337573330, "height": 9.0, "has_osm_height": false, "code": "N179", "name": "ARMANO DI VITTORIO", "july_2020": "", "october_2021": "", "july_2022": "procedure in progress", "december_2022": "procedure in progress", "april_2024": "under construction", "february_2025": "under construction", "december_2025": "under construction" }, "geometry": { "type": "Polygon", "coordinates": [ [ [ 7.6168752, 45.0591791 ], [ 7.6168608, 45.0590194 ], [ 7.6164652, 45.059046 ], [ 7.6164699, 45.0590709 ], [ 7.6162498, 45.059088 ], [ 7.6162492, 45.0590932 ], [ 7.6160297, 45.0591047 ], [ 7.6160442, 45.0591953 ], [ 7.6160117, 45.0591978 ], [ 7.615984, 45.0592 ], [ 7.6159807, 45.0591791 ], [ 7.6159621, 45.0591805 ], [ 7.6159564, 45.0591435 ], [ 7.6159749, 45.059142 ], [ 7.6158571, 45.0584071 ], [ 7.6156946, 45.0584196 ], [ 7.6157109, 45.058525 ], [ 7.6157681, 45.0585206 ], [ 7.6158227, 45.0588755 ], [ 7.6158659, 45.0591562 ], [ 7.6158253, 45.0591593 ], [ 7.6158384, 45.0592445 ], [ 7.6159877, 45.059233 ], [ 7.6159889, 45.0592408 ], [ 7.6160151, 45.0592388 ], [ 7.6160522, 45.059236 ], [ 7.6160513, 45.0592305 ], [ 7.6162104, 45.0592183 ], [ 7.6162034, 45.0591725 ], [ 7.6167746, 45.0591286 ], [ 7.6167813, 45.0591836 ], [ 7.6168752, 45.0591791 ] ] ] } },
{ "type": "Feature", "properties": { "osm_id": 776805001, "height": 9.0, "has_osm_height": false, "code": "N175", "name": "MEISINO", "july_2020": "", "october_2021": "", "july_2022": "procedure in progress", "december_2022": "procedure in progress", "april_2024": "procedure in progress", "february_2025": "procedure in progress", "december_2025": "under construction" }, "geometry": { "type": "Polygon", "coordinates": [ [ [ 7.7278703, 45.089278 ], [ 7.7279663, 45.0892304 ], [ 7.7279046, 45.0891717 ], [ 7.7280299, 45.0891078 ], [ 7.7279662, 45.0890414 ], [ 7.7277442, 45.089152 ], [ 7.7278703, 45.089278 ] ] ] } },
{ "type": "Feature", "properties": { "osm_id": 1334574319, "height": 9.0, "has_osm_height": false, "code": "N176", "name": "NOVARES DOLCI", "july_2020": "", "october_2021": "", "july_2022": "procedure in progress", "december_2022": "procedure in progress", "april_2024": "procedure in progress", "february_2025": "procedure in progress", "december_2025": "under construction" }, "geometry": { "type": "Polygon", "coordinates": [ [ [ 7.5868941, 45.0229362 ], [ 7.5869438, 45.0229573 ], [ 7.5869226, 45.0229824 ], [ 7.5869069, 45.0230009 ], [ 7.5869295, 45.0230105 ], [ 7.5869127, 45.0230303 ], [ 7.5869446, 45.0230438 ], [ 7.5868353, 45.0231728 ], [ 7.5867098, 45.0231197 ], [ 7.5868629, 45.022939 ], [ 7.5868841, 45.022948 ], [ 7.5868941, 45.0229362 ] ] ] } },
{ "type": "Feature", "properties": { "osm_id": 1433345061, "height": 9.0, "has_osm_height": false, "code": "N178", "name": "DATA CENTER", "july_2020": "", "october_2021": "", "july_2022": "under construction", "december_2022": "under construction", "april_2024": "completed", "february_2025": "completed", "december_2025": "completed" }, "geometry": { "type": "Polygon", "coordinates": [ [ [ 7.7418139, 45.1466968 ], [ 7.7419996, 45.1466218 ], [ 7.7415558, 45.1460753 ], [ 7.7413962, 45.1461398 ], [ 7.7414573, 45.1462151 ], [ 7.7414312, 45.1462256 ], [ 7.7418139, 45.1466968 ] ] ] } },
{ "type": "Feature", "properties": { "osm_id": 1433345062, "height": 9.0, "has_osm_height": false, "code": "N178", "name": "DATA CENTER", "july_2020": "", "october_2021": "", "july_2022": "under construction", "december_2022": "under construction", "april_2024": "completed", "february_2025": "completed", "december_2025": "completed" }, "geometry": { "type": "Polygon", "coordinates": [ [ [ 7.7411074, 45.1460223 ], [ 7.7411704, 45.1461021 ], [ 7.7412064, 45.146088 ], [ 7.7411435, 45.1460082 ], [ 7.7411074, 45.1460223 ] ] ] } },
{ "type": "Feature", "properties": { "osm_id": 1433345063, "height": 9.0, "has_osm_height": false, "code": "N178", "name": "DATA CENTER", "july_2020": "", "october_2021": "", "july_2022": "under construction", "december_2022": "under construction", "april_2024": "completed", "february_2025": "completed", "december_2025": "completed" }, "geometry": { "type": "Polygon", "coordinates": [ [ [ 7.7412399, 45.1460754 ], [ 7.7412815, 45.1460597 ], [ 7.7412202, 45.1459788 ], [ 7.7411785, 45.1459944 ], [ 7.7412399, 45.1460754 ] ] ] } },
{ "type": "Feature", "properties": { "osm_id": 1455945395, "height": 9.0, "has_osm_height": false, "code": "N179", "name": "ARMANO DI VITTORIO", "july_2020": "", "october_2021": "", "july_2022": "procedure in progress", "december_2022": "procedure in progress", "april_2024": "under construction", "february_2025": "under construction", "december_2025": "under construction" }, "geometry": { "type": "Polygon", "coordinates": [ [ [ 7.6193662, 45.0580323 ], [ 7.6193072, 45.0578883 ], [ 7.618524, 45.0580399 ], [ 7.6185883, 45.0581991 ], [ 7.6193662, 45.0580323 ] ] ] } },
{ "type": "Feature", "properties": { "osm_id": 88289163, "height": 9.0, "has_osm_height": false, "code": "N197", "name": "EX DEPOSITO TRENI", "july_2020": "", "october_2021": "", "july_2022": "", "december_2022": "", "april_2024": "", "february_2025": "under construction", "december_2025": "procedure in progress" }, "geometry": { "type": "Polygon", "coordinates": [ [ [ 7.6672986, 45.0407224 ], [ 7.6671544, 45.0406818 ], [ 7.6670085, 45.040659 ], [ 7.6668136, 45.0406651 ], [ 7.6666478, 45.0406942 ], [ 7.6664925, 45.0407486 ], [ 7.6663592, 45.0408257 ], [ 7.66626, 45.0408989 ], [ 7.666243, 45.0409226 ], [ 7.6662007, 45.0409818 ], [ 7.6661909, 45.0409955 ], [ 7.666132, 45.0411091 ], [ 7.6661202, 45.0412335 ], [ 7.6661438, 45.0413541 ], [ 7.6661879, 45.0414652 ], [ 7.666262, 45.041556 ], [ 7.6663592, 45.0416413 ], [ 7.6664005, 45.0416647 ], [ 7.6663567, 45.0417068 ], [ 7.6664653, 45.0417631 ], [ 7.6665103, 45.0417197 ], [ 7.6666045, 45.0417533 ], [ 7.6666378, 45.041767 ], [ 7.6667123, 45.0417808 ], [ 7.6667368, 45.041787 ], [ 7.6668038, 45.0417931 ], [ 7.6668575, 45.041798 ], [ 7.6668886, 45.0415553 ], [ 7.6668575, 45.0415527 ], [ 7.666811, 45.0415459 ], [ 7.6667584, 45.0415338 ], [ 7.6667148, 45.0415199 ], [ 7.6666732, 45.0415027 ], [ 7.6666314, 45.0414808 ], [ 7.6665929, 45.0414555 ], [ 7.6665607, 45.0414289 ], [ 7.666532, 45.0413994 ], [ 7.6665095, 45.0413702 ], [ 7.6664892, 45.0413349 ], [ 7.6664749, 45.0412987 ], [ 7.6664668, 45.041263 ], [ 7.6664643, 45.0412291 ], [ 7.6664676, 45.04119 ], [ 7.6664747, 45.0411599 ], [ 7.6664896, 45.0411224 ], [ 7.6665055, 45.0410941 ], [ 7.6665303, 45.0410606 ], [ 7.6665604, 45.0410295 ], [ 7.666599, 45.0409983 ], [ 7.6666331, 45.0409763 ], [ 7.6666664, 45.0409586 ], [ 7.6667143, 45.0409384 ], [ 7.6667606, 45.0409237 ], [ 7.6668108, 45.0409122 ], [ 7.6668619, 45.040905 ], [ 7.6669166, 45.0409017 ], [ 7.6669614, 45.0409025 ], [ 7.6670115, 45.040907 ], [ 7.6670539, 45.040914 ], [ 7.6671088, 45.0409277 ], [ 7.6671428, 45.0409391 ], [ 7.6672986, 45.0407224 ] ] ] } },
{ "type": "Feature", "properties": { "osm_id": 88289223, "height": 9.0, "has_osm_height": false, "code": "N197", "name": "EX DEPOSITO TRENI", "july_2020": "", "october_2021": "", "july_2022": "", "december_2022": "", "april_2024": "", "february_2025": "under construction", "december_2025": "procedure in progress" }, "geometry": { "type": "Polygon", "coordinates": [ [ [ 7.6659142, 45.0410213 ], [ 7.6660314, 45.0409865 ], [ 7.6659706, 45.0409178 ], [ 7.6658697, 45.0409463 ], [ 7.6659142, 45.0410213 ] ] ] } },
{ "type": "Feature", "properties": { "osm_id": 88289235, "height": 9.0, "has_osm_height": false, "code": "N197", "name": "EX DEPOSITO TRENI", "july_2020": "", "october_2021": "", "july_2022": "", "december_2022": "", "april_2024": "", "february_2025": "under construction", "december_2025": "procedure in progress" }, "geometry": { "type": "Polygon", "coordinates": [ [ [ 7.6670166, 45.0427924 ], [ 7.6671083, 45.042772 ], [ 7.6670405, 45.0426196 ], [ 7.6670216, 45.0425771 ], [ 7.66693, 45.0425975 ], [ 7.6670166, 45.0427924 ] ] ] } },
{ "type": "Feature", "properties": { "osm_id": 88289277, "height": 9.0, "has_osm_height": false, "code": "N197", "name": "EX DEPOSITO TRENI", "july_2020": "", "october_2021": "", "july_2022": "", "december_2022": "", "april_2024": "", "february_2025": "under construction", "december_2025": "procedure in progress" }, "geometry": { "type": "Polygon", "coordinates": [ [ [ 7.6660289, 45.0412048 ], [ 7.666095, 45.0411867 ], [ 7.6660005, 45.0410139 ], [ 7.6659344, 45.0410319 ], [ 7.6660289, 45.0412048 ] ] ] } },
{ "type": "Feature", "properties": { "osm_id": 88289308, "height": 9.0, "has_osm_height": false, "code": "N197", "name": "EX DEPOSITO TRENI", "july_2020": "", "october_2021": "", "july_2022": "", "december_2022": "", "april_2024": "", "february_2025": "under construction", "december_2025": "procedure in progress" }, "geometry": { "type": "Polygon", "coordinates": [ [ [ 7.6672082, 45.0415762 ], [ 7.667352, 45.0409039 ], [ 7.6672471, 45.0408927 ], [ 7.6671033, 45.041565 ], [ 7.66716, 45.041571 ], [ 7.6672082, 45.0415762 ] ] ] } },
{ "type": "Feature", "properties": { "osm_id": 89415368, "height": 9.0, "has_osm_height": false, "code": "N197", "name": "EX DEPOSITO TRENI", "july_2020": "", "october_2021": "", "july_2022": "", "december_2022": "", "april_2024": "", "february_2025": "under construction", "december_2025": "procedure in progress" }, "geometry": { "type": "Polygon", "coordinates": [ [ [ 7.6664832, 45.0419641 ], [ 7.6665429, 45.0419666 ], [ 7.6665499, 45.0419029 ], [ 7.6665899, 45.0417845 ], [ 7.6665294, 45.0417742 ], [ 7.6664894, 45.0418927 ], [ 7.6664832, 45.0419641 ] ] ] } },
{ "type": "Feature", "properties": { "osm_id": 192235660, "height": 9.0, "has_osm_height": false, "code": "N199", "name": "PALAZZO PACIOLI", "july_2020": "", "october_2021": "", "july_2022": "", "december_2022": "", "april_2024": "", "february_2025": "procedure in progress", "december_2025": "under construction" }, "geometry": { "type": "Polygon", "coordinates": [ [ [ 7.6805173, 45.066455 ], [ 7.6804958, 45.0664292 ], [ 7.6804543, 45.0664438 ], [ 7.6804339, 45.0664154 ], [ 7.6804755, 45.0664006 ], [ 7.6804558, 45.0663727 ], [ 7.6803407, 45.0664135 ], [ 7.680361, 45.0664414 ], [ 7.6804045, 45.0664258 ], [ 7.680425, 45.0664542 ], [ 7.6803814, 45.0664695 ], [ 7.6804009, 45.0664962 ], [ 7.6805173, 45.066455 ] ] ] } },
{ "type": "Feature", "properties": { "osm_id": 192235683, "height": 9.0, "has_osm_height": false, "code": "N199", "name": "PALAZZO PACIOLI", "july_2020": "", "october_2021": "", "july_2022": "", "december_2022": "", "april_2024": "", "february_2025": "procedure in progress", "december_2025": "under construction" }, "geometry": { "type": "Polygon", "coordinates": [ [ [ 7.6806322, 45.0665824 ], [ 7.6805453, 45.0664617 ], [ 7.6805268, 45.0664682 ], [ 7.6805173, 45.066455 ], [ 7.6804009, 45.0664962 ], [ 7.6803747, 45.0665055 ], [ 7.6804909, 45.0666661 ], [ 7.6805407, 45.0666481 ], [ 7.6805216, 45.066622 ], [ 7.6806322, 45.0665824 ] ] ] } },
{ "type": "Feature", "properties": { "osm_id": 285068416, "height": 9.0, "has_osm_height": false, "code": "N200", "name": "PALAZZO POSTE DI PIAZZA MONTALE", "july_2020": "", "october_2021": "", "july_2022": "", "december_2022": "", "april_2024": "", "february_2025": "under construction", "december_2025": "under construction" }, "geometry": { "type": "Polygon", "coordinates": [ [ [ 7.630871, 45.1039131 ], [ 7.6308719, 45.1038496 ], [ 7.6308745, 45.1036635 ], [ 7.6308757, 45.1035751 ], [ 7.6310822, 45.1035766 ], [ 7.6310775, 45.1039145 ], [ 7.630871, 45.1039131 ] ] ] } },
{ "type": "Feature", "properties": { "osm_id": 451463387, "height": 10.0, "has_osm_height": true, "code": "N195", "name": "LE NUOVE CARCERI", "july_2020": "", "october_2021": "", "july_2022": "", "december_2022": "", "april_2024": "procedure in progress", "february_2025": "procedure in progress", "december_2025": "procedure in progress" }, "geometry": { "type": "Polygon", "coordinates": [ [ [ 7.6600303, 45.0682767 ], [ 7.6600212, 45.0682636 ], [ 7.6599176, 45.0681154 ], [ 7.6599041, 45.0680961 ], [ 7.6601081, 45.0680254 ], [ 7.6606759, 45.0678274 ], [ 7.6608718, 45.0677592 ], [ 7.6609013, 45.0677489 ], [ 7.6609049, 45.06776 ], [ 7.6610034, 45.0679012 ], [ 7.661024, 45.0679306 ], [ 7.6609993, 45.0679392 ], [ 7.6607956, 45.068009 ], [ 7.660551, 45.0680952 ], [ 7.6604777, 45.0681212 ], [ 7.6602463, 45.0682024 ], [ 7.6600459, 45.0682732 ], [ 7.6600303, 45.0682767 ] ] ] } },
{ "type": "Feature", "properties": { "osm_id": 451463389, "height": 12.8, "has_osm_height": true, "code": "N195", "name": "LE NUOVE CARCERI", "july_2020": "", "october_2021": "", "july_2022": "", "december_2022": "", "april_2024": "procedure in progress", "february_2025": "procedure in progress", "december_2025": "procedure in progress" }, "geometry": { "type": "Polygon", "coordinates": [ [ [ 7.6596063, 45.0676676 ], [ 7.6598104, 45.0675969 ], [ 7.6601081, 45.0680254 ], [ 7.6599041, 45.0680961 ], [ 7.659769, 45.0679017 ], [ 7.6597361, 45.0678544 ], [ 7.6596063, 45.0676676 ] ] ] } },
{ "type": "Feature", "properties": { "osm_id": 451463390, "height": 8.0, "has_osm_height": true, "code": "N195", "name": "LE NUOVE CARCERI", "july_2020": "", "october_2021": "", "july_2022": "", "december_2022": "", "april_2024": "procedure in progress", "february_2025": "procedure in progress", "december_2025": "procedure in progress" }, "geometry": { "type": "Polygon", "coordinates": [ [ [ 7.6608718, 45.0677592 ], [ 7.6605726, 45.0673327 ], [ 7.660377, 45.0674012 ], [ 7.6606759, 45.0678274 ], [ 7.6608718, 45.0677592 ] ] ] } },
{ "type": "Feature", "properties": { "osm_id": 451463391, "height": 8.0, "has_osm_height": true, "code": "N195", "name": "LE NUOVE CARCERI", "july_2020": "", "october_2021": "", "july_2022": "", "december_2022": "", "april_2024": "procedure in progress", "february_2025": "procedure in progress", "december_2025": "procedure in progress" }, "geometry": { "type": "Polygon", "coordinates": [ [ [ 7.661583, 45.0676919 ], [ 7.6610034, 45.0679012 ], [ 7.6609049, 45.06776 ], [ 7.6614815, 45.0675518 ], [ 7.661583, 45.0676919 ] ] ] } },
{ "type": "Feature", "properties": { "osm_id": 451463392, "height": 8.0, "has_osm_height": true, "code": "N195", "name": "LE NUOVE CARCERI", "july_2020": "", "october_2021": "", "july_2022": "", "december_2022": "", "april_2024": "procedure in progress", "february_2025": "procedure in progress", "december_2025": "procedure in progress" }, "geometry": { "type": "Polygon", "coordinates": [ [ [ 7.6609993, 45.0679392 ], [ 7.6612523, 45.0682943 ], [ 7.6612092, 45.0683088 ], [ 7.6610486, 45.0683667 ], [ 7.6610234, 45.0683347 ], [ 7.6607956, 45.068009 ], [ 7.6609993, 45.0679392 ] ] ] } },
{ "type": "Feature", "properties": { "osm_id": 451463393, "height": 8.0, "has_osm_height": true, "code": "N195", "name": "LE NUOVE CARCERI", "july_2020": "", "october_2021": "", "july_2022": "", "december_2022": "", "april_2024": "procedure in progress", "february_2025": "procedure in progress", "december_2025": "procedure in progress" }, "geometry": { "type": "Polygon", "coordinates": [ [ [ 7.6600459, 45.0682732 ], [ 7.6602818, 45.0686063 ], [ 7.6600592, 45.068685 ], [ 7.6601421, 45.068802 ], [ 7.6601632, 45.0688318 ], [ 7.6603119, 45.0690417 ], [ 7.6605212, 45.0689678 ], [ 7.6604962, 45.0689326 ], [ 7.6604346, 45.0688456 ], [ 7.6602902, 45.0686418 ], [ 7.660504, 45.0685663 ], [ 7.6604771, 45.0685284 ], [ 7.6602463, 45.0682024 ], [ 7.6600459, 45.0682732 ] ] ] } },
{ "type": "Feature", "properties": { "osm_id": 451463394, "height": 8.0, "has_osm_height": true, "code": "N195", "name": "LE NUOVE CARCERI", "july_2020": "", "october_2021": "", "july_2022": "", "december_2022": "", "april_2024": "procedure in progress", "february_2025": "procedure in progress", "december_2025": "procedure in progress" }, "geometry": { "type": "Polygon", "coordinates": [ [ [ 7.660762, 45.0688824 ], [ 7.6608706, 45.0688441 ], [ 7.6607094, 45.068614 ], [ 7.6609796, 45.0685195 ], [ 7.6611432, 45.068753 ], [ 7.6612722, 45.0687079 ], [ 7.6612015, 45.0686071 ], [ 7.6610386, 45.0683746 ], [ 7.6610139, 45.0683394 ], [ 7.6607818, 45.0684206 ], [ 7.6607083, 45.0684463 ], [ 7.6605056, 45.0685172 ], [ 7.6607371, 45.0688472 ], [ 7.660762, 45.0688824 ] ] ] } },
{ "type": "Feature", "properties": { "osm_id": 451463395, "height": 8.0, "has_osm_height": true, "code": "N195", "name": "LE NUOVE CARCERI", "july_2020": "", "october_2021": "", "july_2022": "", "december_2022": "", "april_2024": "procedure in progress", "february_2025": "procedure in progress", "december_2025": "procedure in progress" }, "geometry": { "type": "Polygon", "coordinates": [ [ [ 7.6615126, 45.0686122 ], [ 7.6614494, 45.0685192 ], [ 7.6615164, 45.0684965 ], [ 7.6614057, 45.0683335 ], [ 7.661326, 45.0683606 ], [ 7.661256, 45.0682577 ], [ 7.6614668, 45.0681862 ], [ 7.6617107, 45.068545 ], [ 7.6615126, 45.0686122 ] ] ] } },
{ "type": "Feature", "properties": { "osm_id": 690211330, "height": 12.8, "has_osm_height": true, "code": "N197", "name": "EX DEPOSITO TRENI", "july_2020": "", "october_2021": "", "july_2022": "", "december_2022": "", "april_2024": "", "february_2025": "under construction", "december_2025": "procedure in progress" }, "geometry": { "type": "Polygon", "coordinates": [ [ [ 7.6677346, 45.041745 ], [ 7.6681079, 45.0416733 ], [ 7.6680282, 45.0414659 ], [ 7.6678889, 45.0414926 ], [ 7.6679301, 45.0415999 ], [ 7.6676961, 45.0416448 ], [ 7.6677346, 45.041745 ] ] ] } },
{ "type": "Feature", "properties": { "osm_id": 690211331, "height": 12.8, "has_osm_height": true, "code": "N197", "name": "EX DEPOSITO TRENI", "july_2020": "", "october_2021": "", "july_2022": "", "december_2022": "", "april_2024": "", "february_2025": "under construction", "december_2025": "procedure in progress" }, "geometry": { "type": "Polygon", "coordinates": [ [ [ 7.6678817, 45.0414672 ], [ 7.66802, 45.0414406 ], [ 7.667934, 45.0412172 ], [ 7.6678508, 45.0412332 ], [ 7.6678592, 45.041255 ], [ 7.667804, 45.0412656 ], [ 7.6678817, 45.0414672 ] ] ] } },
{ "type": "Feature", "properties": { "osm_id": 690211332, "height": 3.2, "has_osm_height": true, "code": "N197", "name": "EX DEPOSITO TRENI", "july_2020": "", "october_2021": "", "july_2022": "", "december_2022": "", "april_2024": "", "february_2025": "under construction", "december_2025": "procedure in progress" }, "geometry": { "type": "Polygon", "coordinates": [ [ [ 7.6678183, 45.0411474 ], [ 7.6679234, 45.0411289 ], [ 7.6678751, 45.0409914 ], [ 7.66777, 45.0410098 ], [ 7.6678183, 45.0411474 ] ] ] } },
{ "type": "Feature", "properties": { "osm_id": 732157566, "height": 9.0, "has_osm_height": false, "code": "N195", "name": "LE NUOVE CARCERI", "july_2020": "", "october_2021": "", "july_2022": "", "december_2022": "", "april_2024": "procedure in progress", "february_2025": "procedure in progress", "december_2025": "procedure in progress" }, "geometry": { "type": "Polygon", "coordinates": [ [ [ 7.6607083, 45.0684463 ], [ 7.6604777, 45.0681212 ], [ 7.660551, 45.0680952 ], [ 7.6607818, 45.0684206 ], [ 7.6607083, 45.0684463 ] ] ] } },
{ "type": "Feature", "properties": { "osm_id": 732157576, "height": 9.0, "has_osm_height": false, "code": "N195", "name": "LE NUOVE CARCERI", "july_2020": "", "october_2021": "", "july_2022": "", "december_2022": "", "april_2024": "procedure in progress", "february_2025": "procedure in progress", "december_2025": "procedure in progress" }, "geometry": { "type": "Polygon", "coordinates": [ [ [ 7.6596011, 45.0688521 ], [ 7.659731, 45.0688045 ], [ 7.6596788, 45.0687335 ], [ 7.6595489, 45.0687812 ], [ 7.6596011, 45.0688521 ] ] ] } },
{ "type": "Feature", "properties": { "osm_id": 732157577, "height": 9.0, "has_osm_height": false, "code": "N195", "name": "LE NUOVE CARCERI", "july_2020": "", "october_2021": "", "july_2022": "", "december_2022": "", "april_2024": "procedure in progress", "february_2025": "procedure in progress", "december_2025": "procedure in progress" }, "geometry": { "type": "Polygon", "coordinates": [ [ [ 7.6598897, 45.0687391 ], [ 7.6600025, 45.0686997 ], [ 7.6599769, 45.0686631 ], [ 7.6598641, 45.0687025 ], [ 7.6598897, 45.0687391 ] ] ] } },
{ "type": "Feature", "properties": { "osm_id": 732157579, "height": 9.0, "has_osm_height": false, "code": "N195", "name": "LE NUOVE CARCERI", "july_2020": "", "october_2021": "", "july_2022": "", "december_2022": "", "april_2024": "procedure in progress", "february_2025": "procedure in progress", "december_2025": "procedure in progress" }, "geometry": { "type": "Polygon", "coordinates": [ [ [ 7.6600272, 45.0691189 ], [ 7.6601785, 45.0690668 ], [ 7.660114, 45.0689733 ], [ 7.6600479, 45.068996 ], [ 7.6599044, 45.0690454 ], [ 7.6599524, 45.069115 ], [ 7.6600106, 45.069095 ], [ 7.6600272, 45.0691189 ] ] ] } },
{ "type": "Feature", "properties": { "osm_id": 732157580, "height": 9.0, "has_osm_height": false, "code": "N195", "name": "LE NUOVE CARCERI", "july_2020": "", "october_2021": "", "july_2022": "", "december_2022": "", "april_2024": "procedure in progress", "february_2025": "procedure in progress", "december_2025": "procedure in progress" }, "geometry": { "type": "Polygon", "coordinates": [ [ [ 7.6598862, 45.0690138 ], [ 7.6600258, 45.0689646 ], [ 7.6600479, 45.068996 ], [ 7.660114, 45.0689733 ], [ 7.6600847, 45.0689314 ], [ 7.6601632, 45.0688318 ], [ 7.6601421, 45.068802 ], [ 7.6600518, 45.0689073 ], [ 7.6599803, 45.068806 ], [ 7.6597746, 45.0688784 ], [ 7.6598033, 45.0689191 ], [ 7.6599646, 45.0688623 ], [ 7.6600118, 45.0689291 ], [ 7.6598633, 45.0689814 ], [ 7.6598862, 45.0690138 ] ] ] } },
{ "type": "Feature", "properties": { "osm_id": 732157581, "height": 9.0, "has_osm_height": false, "code": "N195", "name": "LE NUOVE CARCERI", "july_2020": "", "october_2021": "", "july_2022": "", "december_2022": "", "april_2024": "procedure in progress", "february_2025": "procedure in progress", "december_2025": "procedure in progress" }, "geometry": { "type": "Polygon", "coordinates": [ [ [ 7.6605212, 45.0689678 ], [ 7.660762, 45.0688824 ], [ 7.6607371, 45.0688472 ], [ 7.660584, 45.0689 ], [ 7.6604962, 45.0689326 ], [ 7.6605212, 45.0689678 ] ] ] } },
{ "type": "Feature", "properties": { "osm_id": 732157582, "height": 9.0, "has_osm_height": false, "code": "N195", "name": "LE NUOVE CARCERI", "july_2020": "", "october_2021": "", "july_2022": "", "december_2022": "", "april_2024": "procedure in progress", "february_2025": "procedure in progress", "december_2025": "procedure in progress" }, "geometry": { "type": "Polygon", "coordinates": [ [ [ 7.6604346, 45.0688456 ], [ 7.6605199, 45.0688139 ], [ 7.660584, 45.0689 ], [ 7.6604962, 45.0689326 ], [ 7.6604346, 45.0688456 ] ] ] } },
{ "type": "Feature", "properties": { "osm_id": 1375861690, "height": 9.0, "has_osm_height": false, "code": "N193", "name": "ROBALDO", "july_2020": "", "october_2021": "", "july_2022": "", "december_2022": "", "april_2024": "under construction", "february_2025": "under construction", "december_2025": "under construction" }, "geometry": { "type": "Polygon", "coordinates": [ [ [ 7.6431128, 45.0092114 ], [ 7.6432416, 45.0091924 ], [ 7.6433516, 45.0096381 ], [ 7.6432228, 45.0096608 ], [ 7.6431128, 45.0092114 ] ] ] } },
{ "type": "Feature", "properties": { "osm_id": 958846509, "height": 9.0, "has_osm_height": false, "code": "N206", "name": "PIAZZA BENGASI", "july_2020": "", "october_2021": "", "july_2022": "", "december_2022": "", "april_2024": "", "february_2025": "", "december_2025": "procedure in progress" }, "geometry": { "type": "Polygon", "coordinates": [ [ [ 7.6609857, 45.0173537 ], [ 7.6611476, 45.0173226 ], [ 7.6610842, 45.0171581 ], [ 7.6609224, 45.0171892 ], [ 7.6609857, 45.0173537 ] ] ] } }
]
}
